
REPLACE INTO `enumeration_type` (`ENUM_TYPE_ID`, `PARENT_TYPE_ID`, `HAS_TABLE`, `DESCRIPTION`, `LAST_UPDATED_STAMP`, `LAST_UPDATED_TX_STAMP`, `CREATED_STAMP`, `CREATED_TX_STAMP`, `ENTITY_TIME_ZONE_ID`, `GEO_ID`, `EMPL_TEAM_ID`) VALUES ('APP_BAR_ACCESS_LEVEL', NULL, 'N', 'App Bar Access Level', '2020-07-06 11:31:48', '2020-07-06 11:31:48', '2020-07-06 11:31:48', '2020-07-06 11:31:48', NULL, NULL, NULL);


REPLACE INTO `enumeration` (`ENUM_ID`, `ENUM_TYPE_ID`, `ENUM_CODE`, `SEQUENCE_ID`, `DESCRIPTION`, `CREATED_USER_LOGIN_ID`, `MODIFIED_USER_LOGIN_ID`, `LAST_UPDATED_STAMP`, `LAST_UPDATED_TX_STAMP`, `CREATED_STAMP`, `CREATED_TX_STAMP`, `GEO_ID`, `IS_MULTI_LINGUAL`, `IS_ENABLED`, `MIN_PRICE`, `MAX_PRICE`, `PARENT_ENUM_ID`, `DISABLED`, `ENUM_SERVICE`, `ENUM_ENTITY`, `ENUM_MS_ID`, `SYSTEM_ID`, `EMPL_TEAM_ID`) VALUES ('SYSTEM_LEVEL_ACCESS', 'APP_BAR_ACCESS_LEVEL', 'SYSTEM_LEVEL', NULL, 'System Level', NULL, NULL, '2020-07-06 11:34:26', '2020-07-06 11:34:26', '2020-07-06 11:34:26', '2020-07-06 11:34:26', NULL, NULL, NULL, NULL, NULL, NULL, NULL, NULL, NULL, NULL, NULL, NULL);
REPLACE INTO `enumeration` (`ENUM_ID`, `ENUM_TYPE_ID`, `ENUM_CODE`, `SEQUENCE_ID`, `DESCRIPTION`, `CREATED_USER_LOGIN_ID`, `MODIFIED_USER_LOGIN_ID`, `LAST_UPDATED_STAMP`, `LAST_UPDATED_TX_STAMP`, `CREATED_STAMP`, `CREATED_TX_STAMP`, `GEO_ID`, `IS_MULTI_LINGUAL`, `IS_ENABLED`, `MIN_PRICE`, `MAX_PRICE`, `PARENT_ENUM_ID`, `DISABLED`, `ENUM_SERVICE`, `ENUM_ENTITY`, `ENUM_MS_ID`, `SYSTEM_ID`, `EMPL_TEAM_ID`) VALUES ('USER_LEVEL_ACCESS', 'APP_BAR_ACCESS_LEVEL', 'USER_LEVEL', NULL, 'User Level', NULL, NULL, '2020-07-06 11:34:26', '2020-07-06 11:34:26', '2020-07-06 11:34:26', '2020-07-06 11:34:26', NULL, NULL, NULL, NULL, NULL, NULL, NULL, NULL, NULL, NULL, NULL, NULL);

REPLACE INTO `enumeration_type` (`ENUM_TYPE_ID`, `PARENT_TYPE_ID`, `HAS_TABLE`, `DESCRIPTION`, `LAST_UPDATED_STAMP`, `LAST_UPDATED_TX_STAMP`, `CREATED_STAMP`, `CREATED_TX_STAMP`, `ENTITY_TIME_ZONE_ID`, `GEO_ID`, `EMPL_TEAM_ID`) VALUES ('APP_BAR_DATA_LEVEL', NULL, 'N', 'App Bar Data Level', '2020-07-06 11:32:26', '2020-07-06 11:32:26', '2020-07-06 11:32:26', '2020-07-06 11:32:26', NULL, NULL, NULL);

REPLACE INTO `enumeration` (`ENUM_ID`, `ENUM_TYPE_ID`, `ENUM_CODE`, `SEQUENCE_ID`, `DESCRIPTION`, `CREATED_USER_LOGIN_ID`, `MODIFIED_USER_LOGIN_ID`, `LAST_UPDATED_STAMP`, `LAST_UPDATED_TX_STAMP`, `CREATED_STAMP`, `CREATED_TX_STAMP`, `GEO_ID`, `IS_MULTI_LINGUAL`, `IS_ENABLED`, `MIN_PRICE`, `MAX_PRICE`, `PARENT_ENUM_ID`, `DISABLED`, `ENUM_SERVICE`, `ENUM_ENTITY`, `ENUM_MS_ID`, `SYSTEM_ID`, `EMPL_TEAM_ID`) VALUES ('USER_LEVEL_DATA', 'APP_BAR_DATA_LEVEL', 'USER_LEVEL', NULL, 'User Level', NULL, NULL, '2020-07-06 11:34:26', '2020-07-06 11:34:26', '2020-07-06 11:34:26', '2020-07-06 11:34:26', NULL, NULL, NULL, NULL, NULL, NULL, NULL, NULL, NULL, NULL, NULL, NULL);
REPLACE INTO `enumeration` (`ENUM_ID`, `ENUM_TYPE_ID`, `ENUM_CODE`, `SEQUENCE_ID`, `DESCRIPTION`, `CREATED_USER_LOGIN_ID`, `MODIFIED_USER_LOGIN_ID`, `LAST_UPDATED_STAMP`, `LAST_UPDATED_TX_STAMP`, `CREATED_STAMP`, `CREATED_TX_STAMP`, `GEO_ID`, `IS_MULTI_LINGUAL`, `IS_ENABLED`, `MIN_PRICE`, `MAX_PRICE`, `PARENT_ENUM_ID`, `DISABLED`, `ENUM_SERVICE`, `ENUM_ENTITY`, `ENUM_MS_ID`, `SYSTEM_ID`, `EMPL_TEAM_ID`) VALUES ('TEAM_LEVEL_DATA', 'APP_BAR_DATA_LEVEL', 'TEAM_LEVEL', NULL, 'Team Level', NULL, NULL, '2020-07-06 11:34:26', '2020-07-06 11:34:26', '2020-07-06 11:34:26', '2020-07-06 11:34:26', NULL, NULL, NULL, NULL, NULL, NULL, NULL, NULL, NULL, NULL, NULL, NULL);
REPLACE INTO `enumeration` (`ENUM_ID`, `ENUM_TYPE_ID`, `ENUM_CODE`, `SEQUENCE_ID`, `DESCRIPTION`, `CREATED_USER_LOGIN_ID`, `MODIFIED_USER_LOGIN_ID`, `LAST_UPDATED_STAMP`, `LAST_UPDATED_TX_STAMP`, `CREATED_STAMP`, `CREATED_TX_STAMP`, `GEO_ID`, `IS_MULTI_LINGUAL`, `IS_ENABLED`, `MIN_PRICE`, `MAX_PRICE`, `PARENT_ENUM_ID`, `DISABLED`, `ENUM_SERVICE`, `ENUM_ENTITY`, `ENUM_MS_ID`, `SYSTEM_ID`, `EMPL_TEAM_ID`) VALUES ('BU_LEVEL_DATA', 'APP_BAR_DATA_LEVEL', 'BU_LEVEL', NULL, 'BU Level', NULL, NULL, '2020-07-06 11:34:26', '2020-07-06 11:34:26', '2020-07-06 11:34:26', '2020-07-06 11:34:26', NULL, NULL, NULL, NULL, NULL, NULL, NULL, NULL, NULL, NULL, NULL, NULL);


REPLACE INTO `enumeration_type` (`ENUM_TYPE_ID`, `PARENT_TYPE_ID`, `HAS_TABLE`, `DESCRIPTION`, `LAST_UPDATED_STAMP`, `LAST_UPDATED_TX_STAMP`, `CREATED_STAMP`, `CREATED_TX_STAMP`, `ENTITY_TIME_ZONE_ID`, `GEO_ID`, `EMPL_TEAM_ID`) VALUES ('APP_BAR_ELEMENT_TYPE', NULL, 'N', 'App Bar Element Type', '2020-06-30 20:32:01', '2020-06-30 20:32:01', '2020-06-30 20:32:01', '2020-06-30 20:32:01', NULL, NULL, NULL);

REPLACE INTO `enumeration` (`ENUM_ID`, `ENUM_TYPE_ID`, `ENUM_CODE`, `SEQUENCE_ID`, `DESCRIPTION`, `CREATED_USER_LOGIN_ID`, `MODIFIED_USER_LOGIN_ID`, `LAST_UPDATED_STAMP`, `LAST_UPDATED_TX_STAMP`, `CREATED_STAMP`, `CREATED_TX_STAMP`, `GEO_ID`, `IS_MULTI_LINGUAL`, `IS_ENABLED`, `MIN_PRICE`, `MAX_PRICE`, `PARENT_ENUM_ID`, `DISABLED`, `ENUM_SERVICE`, `ENUM_ENTITY`, `ENUM_MS_ID`, `SYSTEM_ID`, `EMPL_TEAM_ID`) VALUES ('APP_BAR_LABEL', 'APP_BAR_ELEMENT_TYPE', 'LABEL', '02', 'Label', NULL, NULL, '2020-06-30 20:32:58', '2020-06-30 20:33:00', '2020-06-30 20:33:00', '2020-06-30 20:33:00', NULL, NULL, NULL, NULL, NULL, NULL, NULL, NULL, NULL, NULL, NULL, NULL);
REPLACE INTO `enumeration` (`ENUM_ID`, `ENUM_TYPE_ID`, `ENUM_CODE`, `SEQUENCE_ID`, `DESCRIPTION`, `CREATED_USER_LOGIN_ID`, `MODIFIED_USER_LOGIN_ID`, `LAST_UPDATED_STAMP`, `LAST_UPDATED_TX_STAMP`, `CREATED_STAMP`, `CREATED_TX_STAMP`, `GEO_ID`, `IS_MULTI_LINGUAL`, `IS_ENABLED`, `MIN_PRICE`, `MAX_PRICE`, `PARENT_ENUM_ID`, `DISABLED`, `ENUM_SERVICE`, `ENUM_ENTITY`, `ENUM_MS_ID`, `SYSTEM_ID`, `EMPL_TEAM_ID`) VALUES ('APP_BAR_LINK', 'APP_BAR_ELEMENT_TYPE', 'LINK', '03', 'Link', NULL, NULL, NULL, NULL, NULL, NULL, NULL, NULL, NULL, NULL, NULL, NULL, NULL, NULL, NULL, NULL, NULL, NULL);
REPLACE INTO `enumeration` (`ENUM_ID`, `ENUM_TYPE_ID`, `ENUM_CODE`, `SEQUENCE_ID`, `DESCRIPTION`, `CREATED_USER_LOGIN_ID`, `MODIFIED_USER_LOGIN_ID`, `LAST_UPDATED_STAMP`, `LAST_UPDATED_TX_STAMP`, `CREATED_STAMP`, `CREATED_TX_STAMP`, `GEO_ID`, `IS_MULTI_LINGUAL`, `IS_ENABLED`, `MIN_PRICE`, `MAX_PRICE`, `PARENT_ENUM_ID`, `DISABLED`, `ENUM_SERVICE`, `ENUM_ENTITY`, `ENUM_MS_ID`, `SYSTEM_ID`, `EMPL_TEAM_ID`) VALUES ('APP_BAR_DROPDOWN', 'APP_BAR_ELEMENT_TYPE', 'DROPDOWN', '04', 'Dropdown', NULL, NULL, NULL, NULL, NULL, NULL, NULL, NULL, NULL, NULL, NULL, NULL, NULL, NULL, NULL, NULL, NULL, NULL);
REPLACE INTO `enumeration` (`ENUM_ID`, `ENUM_TYPE_ID`, `ENUM_CODE`, `SEQUENCE_ID`, `DESCRIPTION`, `CREATED_USER_LOGIN_ID`, `MODIFIED_USER_LOGIN_ID`, `LAST_UPDATED_STAMP`, `LAST_UPDATED_TX_STAMP`, `CREATED_STAMP`, `CREATED_TX_STAMP`, `GEO_ID`, `IS_MULTI_LINGUAL`, `IS_ENABLED`, `MIN_PRICE`, `MAX_PRICE`, `PARENT_ENUM_ID`, `DISABLED`, `ENUM_SERVICE`, `ENUM_ENTITY`, `ENUM_MS_ID`, `SYSTEM_ID`, `EMPL_TEAM_ID`) VALUES ('APP_BAR_BADGE', 'APP_BAR_ELEMENT_TYPE', 'BADGE', '05', 'Badge', NULL, NULL, NULL, NULL, NULL, NULL, NULL, NULL, NULL, NULL, NULL, NULL, NULL, NULL, NULL, NULL, NULL, NULL);
REPLACE INTO `enumeration` (`ENUM_ID`, `ENUM_TYPE_ID`, `ENUM_CODE`, `SEQUENCE_ID`, `DESCRIPTION`, `CREATED_USER_LOGIN_ID`, `MODIFIED_USER_LOGIN_ID`, `LAST_UPDATED_STAMP`, `LAST_UPDATED_TX_STAMP`, `CREATED_STAMP`, `CREATED_TX_STAMP`, `GEO_ID`, `IS_MULTI_LINGUAL`, `IS_ENABLED`, `MIN_PRICE`, `MAX_PRICE`, `PARENT_ENUM_ID`, `DISABLED`, `ENUM_SERVICE`, `ENUM_ENTITY`, `ENUM_MS_ID`, `SYSTEM_ID`, `EMPL_TEAM_ID`) VALUES ('APP_BAR_MODAL', 'APP_BAR_ELEMENT_TYPE', 'MODAL', '06', 'Model', NULL, NULL, NULL, NULL, NULL, NULL, NULL, NULL, NULL, NULL, NULL, NULL, NULL, NULL, NULL, NULL, NULL, NULL);

REPLACE INTO `enumeration_type` (`ENUM_TYPE_ID`, `PARENT_TYPE_ID`, `HAS_TABLE`, `DESCRIPTION`, `LAST_UPDATED_STAMP`, `LAST_UPDATED_TX_STAMP`, `CREATED_STAMP`, `CREATED_TX_STAMP`, `ENTITY_TIME_ZONE_ID`, `GEO_ID`, `EMPL_TEAM_ID`) VALUES ('APP_BAR_STATUS', NULL, 'N', 'App Bar Status', '2020-07-01 19:01:27', '2020-07-01 19:01:28', '2020-07-01 19:01:28', '2020-07-01 19:01:28', NULL, NULL, NULL);

REPLACE INTO `enumeration` (`ENUM_ID`, `ENUM_TYPE_ID`, `ENUM_CODE`, `SEQUENCE_ID`, `DESCRIPTION`, `CREATED_USER_LOGIN_ID`, `MODIFIED_USER_LOGIN_ID`, `LAST_UPDATED_STAMP`, `LAST_UPDATED_TX_STAMP`, `CREATED_STAMP`, `CREATED_TX_STAMP`, `GEO_ID`, `IS_MULTI_LINGUAL`, `IS_ENABLED`, `MIN_PRICE`, `MAX_PRICE`, `PARENT_ENUM_ID`, `DISABLED`, `ENUM_SERVICE`, `ENUM_ENTITY`, `ENUM_MS_ID`, `SYSTEM_ID`, `EMPL_TEAM_ID`) VALUES ('APP_BAR_ENABLED', 'APP_BAR_STATUS', 'ENABLED', '01', 'Enable', NULL, NULL, '2020-07-01 19:03:23', '2020-07-01 19:03:24', '2020-07-01 19:03:24', '2020-07-01 19:03:24', NULL, NULL, NULL, NULL, NULL, NULL, NULL, NULL, NULL, NULL, NULL, NULL);
REPLACE INTO `enumeration` (`ENUM_ID`, `ENUM_TYPE_ID`, `ENUM_CODE`, `SEQUENCE_ID`, `DESCRIPTION`, `CREATED_USER_LOGIN_ID`, `MODIFIED_USER_LOGIN_ID`, `LAST_UPDATED_STAMP`, `LAST_UPDATED_TX_STAMP`, `CREATED_STAMP`, `CREATED_TX_STAMP`, `GEO_ID`, `IS_MULTI_LINGUAL`, `IS_ENABLED`, `MIN_PRICE`, `MAX_PRICE`, `PARENT_ENUM_ID`, `DISABLED`, `ENUM_SERVICE`, `ENUM_ENTITY`, `ENUM_MS_ID`, `SYSTEM_ID`, `EMPL_TEAM_ID`) VALUES ('APP_BAR_DISABLED', 'APP_BAR_STATUS', 'DISABLED', '02', 'Disable', NULL, NULL, '2020-07-01 19:03:24', '2020-07-01 19:03:24', '2020-07-01 19:03:24', '2020-07-01 19:03:24', NULL, NULL, NULL, NULL, NULL, NULL, NULL, NULL, NULL, NULL, NULL, NULL);

-- Table structure --

CREATE TABLE `app_bar_type` (
	`APP_BAR_TYPE_ID` VARCHAR(100) NOT NULL COLLATE 'utf8_general_ci',
	`APP_BAR_TYPE_NAME` VARCHAR(100) NULL DEFAULT NULL COLLATE 'utf8_general_ci',
	`APP_BAR_TYPE_UILabel` VARCHAR(100) NULL DEFAULT NULL COLLATE 'utf8_general_ci',
	`LAST_UPDATED_TX_STAMP` DATETIME NULL DEFAULT NULL,
	`LAST_UPDATED_STAMP` DATETIME NULL DEFAULT NULL,
	`CREATED_STAMP` DATETIME NULL DEFAULT NULL,
	`CREATED_TX_STAMP` DATETIME NULL DEFAULT NULL,
	PRIMARY KEY (`APP_BAR_TYPE_ID`) USING BTREE
)
COLLATE='utf8_general_ci'
ENGINE=InnoDB
;


CREATE TABLE `app_bar` (
	`APP_BAR_ID` VARCHAR(100) NOT NULL COLLATE 'utf8_general_ci',
	`APP_BAR_TYPE_ID` VARCHAR(100) NOT NULL COLLATE 'utf8_general_ci',
	`APP_BAR_NAME` VARCHAR(100) NULL DEFAULT NULL COLLATE 'utf8_general_ci',
	`APP_BAR_NAME_UILabel` VARCHAR(100) NULL DEFAULT NULL COLLATE 'utf8_general_ci',
	`APP_BAR_DESCRIPTION` VARCHAR(500) NULL DEFAULT NULL COLLATE 'utf8_general_ci',
	`APP_BAR_SERVICE` VARCHAR(200) NULL DEFAULT NULL COLLATE 'utf8_general_ci',
	`APP_BAR_STATUS` VARCHAR(100) NULL DEFAULT NULL COLLATE 'utf8_general_ci',
	`APP_BAR_SECURITY_GROUP` VARCHAR(200) NULL DEFAULT NULL COLLATE 'utf8_general_ci',
	`APP_BAR_DIRECTION` VARCHAR(100) NULL DEFAULT NULL COLLATE 'utf8_general_ci',
	`APP_BAR_HEIGHT` INT(11) NULL DEFAULT NULL,
	`APP_BAR_WIDTH` INT(11) NULL DEFAULT NULL,
	`APP_BAR_MAX_ELEMENTS` INT(11) NULL DEFAULT NULL,
	`APP_BAR_ACCESS_LEVEL` VARCHAR(100) NULL DEFAULT NULL COLLATE 'utf8_general_ci',
	`APP_BAR_DATA_LEVEL` VARCHAR(100) NULL DEFAULT NULL COLLATE 'utf8_general_ci',
	`APP_BAR_IS_SERVICE_BASED` CHAR(1) NULL DEFAULT NULL COLLATE 'utf8_general_ci',
	`CREATED_BY` VARCHAR(255) NULL DEFAULT NULL COLLATE 'utf8_general_ci',
	`MODIFIED_BY` VARCHAR(255) NULL DEFAULT NULL COLLATE 'utf8_general_ci',
	`APPROVED_BY` VARCHAR(255) NULL DEFAULT NULL COLLATE 'utf8_general_ci',
	`APPROVED_DATE` DATETIME NULL DEFAULT NULL,
	`AUTO_APPROVE` CHAR(1) NULL DEFAULT NULL COLLATE 'utf8_general_ci',
	`CREATED_ON` DATETIME NULL DEFAULT NULL,
	`MODIFIED_ON` DATETIME NULL DEFAULT NULL,
	`GEO_ID` VARCHAR(100) NULL DEFAULT NULL COLLATE 'utf8_general_ci',
	`APP_BAR_REFRESH_TYPE` VARCHAR(100) NULL DEFAULT NULL COLLATE 'utf8_general_ci',
	`APP_BAR_REFRESH_MIN_RATE` INT(11) NULL DEFAULT NULL,
	`DEFAULT_MESSAGE` VARCHAR(100) NULL DEFAULT NULL COLLATE 'utf8_general_ci',
	`LAST_UPDATED_STAMP` DATETIME NULL DEFAULT NULL,
	`CREATED_TX_STAMP` DATETIME NULL DEFAULT NULL,
	`LAST_UPDATED_TX_STAMP` DATETIME NULL DEFAULT NULL,
	`CREATED_STAMP` DATETIME NULL DEFAULT NULL,
	PRIMARY KEY (`APP_BAR_ID`, `APP_BAR_TYPE_ID`) USING BTREE,
	INDEX `FK_app_bar_app_bar_type` (`APP_BAR_TYPE_ID`) USING BTREE,
	INDEX `INDX_1` (`APP_BAR_ID`, `APP_BAR_TYPE_ID`, `APP_BAR_STATUS`) USING BTREE,
	CONSTRAINT `FK_app_bar_app_bar_type` FOREIGN KEY (`APP_BAR_TYPE_ID`) REFERENCES `app_bar_type` (`APP_BAR_TYPE_ID`) ON UPDATE RESTRICT ON DELETE RESTRICT
)
COLLATE='utf8_general_ci'
ENGINE=InnoDB
;


CREATE TABLE `app_bar_application` (
	`APP_BAR_ID` VARCHAR(100) NOT NULL COLLATE 'utf8_general_ci',
	`APP_BAR_TYPE_ID` VARCHAR(100) NOT NULL COLLATE 'utf8_general_ci',
	`APPLICATION_ID` VARCHAR(100) NOT NULL COLLATE 'utf8_general_ci',
	`FROM_DATE` DATETIME NOT NULL,
	`CONTEXT_PATH` VARCHAR(200) NULL DEFAULT NULL COLLATE 'utf8_general_ci',
	`SECURITY_PERMISSION_APPROVAL` VARCHAR(200) NULL DEFAULT NULL COLLATE 'utf8_general_ci',
	`APPROVED_BY` VARCHAR(255) NULL DEFAULT NULL COLLATE 'utf8_general_ci',
	`APPROVED_ON` DATETIME NULL DEFAULT NULL,
	`LAST_UPDATED_TX_STAMP` DATETIME NULL DEFAULT NULL,
	`LAST_UPDATED_STAMP` DATETIME NULL DEFAULT NULL,
	`CREATED_STAMP` DATETIME NULL DEFAULT NULL,
	`CREATED_TX_STAMP` DATETIME NULL DEFAULT NULL,
	PRIMARY KEY (`APP_BAR_ID`, `APP_BAR_TYPE_ID`, `APPLICATION_ID`, `FROM_DATE`) USING BTREE
)
COLLATE='utf8_general_ci'
ENGINE=InnoDB
;

CREATE TABLE `app_bar_data` (
	`APP_BAR_ID` VARCHAR(100) NOT NULL COLLATE 'utf8_general_ci',
	`APP_BAR_TYPE_ID` VARCHAR(100) NOT NULL COLLATE 'utf8_general_ci',
	`APP_BAR_DATA_ID` VARCHAR(100) NOT NULL COLLATE 'utf8_general_ci',
	`APP_BAR_OWNER` VARCHAR(255) NULL DEFAULT NULL COLLATE 'utf8_general_ci',
	`EMPL_TEAM_ID` VARCHAR(100) NULL DEFAULT NULL COLLATE 'utf8_general_ci',
	`BUSINESS_UNIT_ID` VARCHAR(100) NULL DEFAULT NULL COLLATE 'utf8_general_ci',
	`FROM_DATE` DATETIME NOT NULL,
	`THRU_DATE` DATETIME NULL DEFAULT NULL,
	`JSON_RESPONSE` LONGTEXT NULL DEFAULT NULL COLLATE 'utf8_general_ci',
	`CREATED_BY` VARCHAR(255) NULL DEFAULT NULL COLLATE 'utf8_general_ci',
	`MODIFIED_BY` VARCHAR(255) NULL DEFAULT NULL COLLATE 'utf8_general_ci',
	`IS_APPROVED_BY` VARCHAR(255) NULL DEFAULT NULL COLLATE 'utf8_general_ci',
	`APPROVED_ON` DATETIME NULL DEFAULT NULL,
	`APPROVED_STATUS` VARCHAR(100) NULL DEFAULT NULL COLLATE 'utf8_general_ci',
	`CREATED_ON` DATETIME NULL DEFAULT NULL,
	`MODIFIED_ON` DATETIME NULL DEFAULT NULL,
	`LAST_REFRESHED_DATE` DATETIME NULL DEFAULT NULL,
	`LAST_UPDATED_STAMP` DATETIME NULL DEFAULT NULL,
	`LAST_UPDATED_TX_STAMP` DATETIME NULL DEFAULT NULL,
	`CREATED_STAMP` DATETIME NULL DEFAULT NULL,
	`CREATED_TX_STAMP` DATETIME NULL DEFAULT NULL,
	PRIMARY KEY (`APP_BAR_ID`, `APP_BAR_TYPE_ID`, `APP_BAR_DATA_ID`, `FROM_DATE`) USING BTREE,
	INDEX `AB_FK3` (`APP_BAR_ID`) USING BTREE,
	INDEX `AB_TY_FK4` (`APP_BAR_TYPE_ID`) USING BTREE,
	INDEX `APP_BR_DT_TXSTMP` (`LAST_UPDATED_TX_STAMP`) USING BTREE,
	INDEX `APP_BR_DT_TXCRTS` (`CREATED_TX_STAMP`) USING BTREE,
	CONSTRAINT `AB_FK3` FOREIGN KEY (`APP_BAR_ID`) REFERENCES `app_bar` (`APP_BAR_ID`) ON UPDATE RESTRICT ON DELETE RESTRICT,
	CONSTRAINT `AB_TY_FK4` FOREIGN KEY (`APP_BAR_TYPE_ID`) REFERENCES `app_bar_type` (`APP_BAR_TYPE_ID`) ON UPDATE RESTRICT ON DELETE RESTRICT
)
COLLATE='utf8_general_ci'
ENGINE=InnoDB
;


CREATE TABLE `app_bar_elements` (
	`APP_BAR_ID` VARCHAR(100) NOT NULL COLLATE 'utf8_general_ci',
	`APP_BAR_TYPE_ID` VARCHAR(100) NOT NULL COLLATE 'utf8_general_ci',
	`APP_BAR_ELEMENT_ID` VARCHAR(100) NOT NULL COLLATE 'utf8_general_ci',
	`APP_BAR_ELEMENT_SEQ_NUM` INT(11) NULL DEFAULT NULL,
	`APP_BAR_ELEMENT_NAME` VARCHAR(100) NULL DEFAULT NULL COLLATE 'utf8_general_ci',
	`APP_BAR_ELEMENT_UILABEL` VARCHAR(100) NULL DEFAULT NULL COLLATE 'utf8_general_ci',
	`APP_BAR_ELEMENT_ACTIVE` CHAR(1) NULL DEFAULT NULL COLLATE 'utf8_general_ci',
	`APP_BAR_ELEMENT_SERVICE_NAME` VARCHAR(255) NULL DEFAULT NULL COLLATE 'utf8_general_ci',
	`APP_BAR_ELEMENT_NOLABEL` CHAR(1) NULL DEFAULT NULL COLLATE 'utf8_general_ci',
	`APP_BAR_ELEMENT_ICON_URL` VARCHAR(100) NULL DEFAULT NULL COLLATE 'utf8_general_ci',
	`APP_BAR_ELEMENT_FAV_ICON` VARCHAR(60) NULL DEFAULT NULL COLLATE 'utf8_general_ci',
	`APP_BAR_ELEMENT_COLOR` VARCHAR(60) NULL DEFAULT NULL COLLATE 'utf8_general_ci',
	`APP_BAR_ELEMENT_MAX_LEN` INT(11) NULL DEFAULT NULL,
	`APP_BAR_ELEMENT_POSITION` CHAR(1) NULL DEFAULT NULL COLLATE 'utf8_general_ci',
	`APP_BAR_ELEMENT_TYPE` VARCHAR(60) NULL DEFAULT NULL COLLATE 'utf8_general_ci',
	`APP_BAR_ELEMENT_TARGET_URL` VARCHAR(60) NULL DEFAULT NULL COLLATE 'utf8_general_ci',
	`APP_BAR_ELEMENT_CUSTOM_CLASS` VARCHAR(60) NULL DEFAULT NULL COLLATE 'utf8_general_ci',
	`SECURITY_PERMISSION_ID` VARCHAR(60) NULL DEFAULT NULL COLLATE 'utf8_general_ci',
	`IS_DISPLAY_ELEMENT_DATA` CHAR(1) NULL DEFAULT NULL COLLATE 'utf8_general_ci',
	`ELEMENT_KEY` VARCHAR(60) NULL DEFAULT NULL COLLATE 'utf8_general_ci',
	`CREATED_BY` VARCHAR(255) NULL DEFAULT NULL COLLATE 'utf8_general_ci',
	`MODIFIED_BY` VARCHAR(255) NULL DEFAULT NULL COLLATE 'utf8_general_ci',
	`IS_APPROVED_BY` VARCHAR(255) NULL DEFAULT NULL COLLATE 'utf8_general_ci',
	`APPROVED_DATE` DATETIME NULL DEFAULT NULL,
	`CREATED_ON` DATETIME NULL DEFAULT NULL,
	`MODIFIED_ON` DATETIME NULL DEFAULT NULL,
	`LAST_UPDATED_STAMP` DATETIME NULL DEFAULT NULL,
	`LAST_UPDATED_TX_STAMP` DATETIME NULL DEFAULT NULL,
	`CREATED_STAMP` DATETIME NULL DEFAULT NULL,
	`CREATED_TX_STAMP` DATETIME NULL DEFAULT NULL,
	PRIMARY KEY (`APP_BAR_ID`, `APP_BAR_TYPE_ID`, `APP_BAR_ELEMENT_ID`) USING BTREE,
	INDEX `FK_app_bar_elements_app_bar_type` (`APP_BAR_TYPE_ID`) USING BTREE,
	INDEX `INDX_1` (`APP_BAR_ID`, `APP_BAR_TYPE_ID`, `APP_BAR_ELEMENT_ACTIVE`) USING BTREE,
	CONSTRAINT `FK_app_bar_elements_app_bar` FOREIGN KEY (`APP_BAR_ID`) REFERENCES `app_bar` (`APP_BAR_ID`) ON UPDATE RESTRICT ON DELETE RESTRICT,
	CONSTRAINT `FK_app_bar_elements_app_bar_type` FOREIGN KEY (`APP_BAR_TYPE_ID`) REFERENCES `app_bar_type` (`APP_BAR_TYPE_ID`) ON UPDATE RESTRICT ON DELETE RESTRICT
)
COLLATE='utf8_general_ci'
ENGINE=InnoDB
;


CREATE TABLE `app_bar_element_data` (
	`APP_BAR_ID` VARCHAR(100) NULL DEFAULT NULL COLLATE 'utf8_general_ci',
	`APP_BAR_TYPE_ID` VARCHAR(100) NULL DEFAULT NULL COLLATE 'utf8_general_ci',
	`APP_BAR_ELEMENT_DATA_ID` VARCHAR(100) NULL DEFAULT NULL COLLATE 'utf8_general_ci',
	`APP_BAR_ELEMENT_ID` VARCHAR(255) NULL DEFAULT NULL COLLATE 'utf8_general_ci',
	`APP_BAR_ELEMENT_DATA` LONGTEXT NULL DEFAULT NULL COLLATE 'utf8_general_ci',
	`APP_BAR_OWNER` VARCHAR(255) NULL DEFAULT NULL COLLATE 'utf8_general_ci',
	`EMPL_TEAM_ID` VARCHAR(100) NULL DEFAULT NULL COLLATE 'utf8_general_ci',
	`BUSINESS_UNIT_ID` VARCHAR(100) NULL DEFAULT NULL COLLATE 'utf8_general_ci',
	`FROM_DATE` DATETIME NULL DEFAULT NULL,
	`THRU_DATE` DATETIME NULL DEFAULT NULL,
	`CREATED_BY` VARCHAR(255) NULL DEFAULT NULL COLLATE 'utf8_general_ci',
	`MODIFIED_BY` VARCHAR(255) NULL DEFAULT NULL COLLATE 'utf8_general_ci',
	`IS_APPROVED_BY` VARCHAR(255) NULL DEFAULT NULL COLLATE 'utf8_general_ci',
	`APPROVED_ON` DATETIME NULL DEFAULT NULL,
	`APPROVED_STATUS` VARCHAR(100) NULL DEFAULT NULL COLLATE 'utf8_general_ci',
	`CREATED_ON` DATETIME NULL DEFAULT NULL,
	`MODIFIED_ON` DATETIME NULL DEFAULT NULL,
	`LAST_REFRESHED_DATE` DATETIME NULL DEFAULT NULL,
	`LAST_UPDATED_STAMP` DATETIME NULL DEFAULT NULL,
	`CREATED_TX_STAMP` DATETIME NULL DEFAULT NULL,
	`LAST_UPDATED_TX_STAMP` DATETIME NULL DEFAULT NULL,
	`CREATED_STAMP` DATETIME NULL DEFAULT NULL,
	INDEX `emplteam2` (`EMPL_TEAM_ID`) USING BTREE,
	CONSTRAINT `emplteam2` FOREIGN KEY (`EMPL_TEAM_ID`) REFERENCES `empl_team` (`EMPL_TEAM_ID`) ON UPDATE RESTRICT ON DELETE RESTRICT
)
COLLATE='utf8_general_ci'
ENGINE=InnoDB
;


CREATE TABLE `app_bar_user_preference` (
	`APP_BAR_ID` VARCHAR(100) NOT NULL COLLATE 'utf8_general_ci',
	`APP_BAR_TYPE_ID` VARCHAR(100) NOT NULL COLLATE 'utf8_general_ci',
	`USER_LOGIN_ID` VARCHAR(255) NOT NULL COLLATE 'utf8_general_ci',
	`APP_BAR_ELEMENT_ID` VARCHAR(100) NOT NULL COLLATE 'utf8_general_ci',
	`APP_BAR_ELEMENT_SEQ_NUM` INT(11) NULL DEFAULT NULL,
	`CREATED_BY` VARCHAR(255) NULL DEFAULT NULL COLLATE 'utf8_general_ci',
	`CREATED_ON` DATETIME NULL DEFAULT NULL,
	`LAST_UPDATED_TX_STAMP` DATETIME NULL DEFAULT NULL,
	`LAST_UPDATED_STAMP` DATETIME NULL DEFAULT NULL,
	`CREATED_STAMP` DATETIME NULL DEFAULT NULL,
	`CREATED_TX_STAMP` DATETIME NULL DEFAULT NULL,
	PRIMARY KEY (`APP_BAR_ID`, `APP_BAR_TYPE_ID`, `USER_LOGIN_ID`, `APP_BAR_ELEMENT_ID`) USING BTREE,
	INDEX `FK_app_bar_user_preference_app_bar_type` (`APP_BAR_TYPE_ID`) USING BTREE,
	INDEX `FK_app_bar_user_preference_user_login` (`USER_LOGIN_ID`) USING BTREE,
	INDEX `INDX_1` (`APP_BAR_ID`, `APP_BAR_TYPE_ID`, `USER_LOGIN_ID`) USING BTREE,
	CONSTRAINT `FK_app_bar_user_preference_app_bar` FOREIGN KEY (`APP_BAR_ID`) REFERENCES `app_bar` (`APP_BAR_ID`) ON UPDATE RESTRICT ON DELETE RESTRICT,
	CONSTRAINT `FK_app_bar_user_preference_app_bar_type` FOREIGN KEY (`APP_BAR_TYPE_ID`) REFERENCES `app_bar_type` (`APP_BAR_TYPE_ID`) ON UPDATE RESTRICT ON DELETE RESTRICT,
	CONSTRAINT `FK_app_bar_user_preference_user_login` FOREIGN KEY (`USER_LOGIN_ID`) REFERENCES `user_login` (`USER_LOGIN_ID`) ON UPDATE RESTRICT ON DELETE RESTRICT
)
COLLATE='utf8_general_ci'
ENGINE=InnoDB
;


-- Seed data --
REPLACE INTO `app_bar_type` (`APP_BAR_TYPE_ID`, `APP_BAR_TYPE_NAME`, `APP_BAR_TYPE_UILabel`, `LAST_UPDATED_TX_STAMP`, `LAST_UPDATED_STAMP`, `CREATED_STAMP`, `CREATED_TX_STAMP`) VALUES ('ACTION', 'Action App Bar', 'Action App Bar', '2020-07-06 15:39:43', '2020-07-06 15:39:43', '2020-07-06 15:39:43', '2020-07-06 15:39:43');
REPLACE INTO `app_bar_type` (`APP_BAR_TYPE_ID`, `APP_BAR_TYPE_NAME`, `APP_BAR_TYPE_UILabel`, `LAST_UPDATED_TX_STAMP`, `LAST_UPDATED_STAMP`, `CREATED_STAMP`, `CREATED_TX_STAMP`) VALUES ('DASHBOARD', 'Dashboard App Bar', 'Dash Board', '2020-03-04 19:14:13', '2020-03-04 19:14:13', '2020-03-04 19:14:13', '2020-03-04 19:14:13');
REPLACE INTO `app_bar_type` (`APP_BAR_TYPE_ID`, `APP_BAR_TYPE_NAME`, `APP_BAR_TYPE_UILabel`, `LAST_UPDATED_TX_STAMP`, `LAST_UPDATED_STAMP`, `CREATED_STAMP`, `CREATED_TX_STAMP`) VALUES ('KPI', 'KPI App Bar', 'KPI App Bar', '2020-07-06 15:40:00', '2020-07-06 15:40:01', '2020-07-06 15:40:01', '2020-07-06 15:40:01');



REPLACE INTO `app_bar` (`APP_BAR_ID`, `APP_BAR_TYPE_ID`, `APP_BAR_NAME`, `APP_BAR_NAME_UILabel`, `APP_BAR_DESCRIPTION`, `APP_BAR_SERVICE`, `APP_BAR_STATUS`, `APP_BAR_SECURITY_GROUP`, `APP_BAR_DIRECTION`, `APP_BAR_HEIGHT`, `APP_BAR_WIDTH`, `APP_BAR_MAX_ELEMENTS`, `APP_BAR_ACCESS_LEVEL`, `APP_BAR_DATA_LEVEL`, `APP_BAR_IS_SERVICE_BASED`, `CREATED_BY`, `MODIFIED_BY`, `APPROVED_BY`, `APPROVED_DATE`, `AUTO_APPROVE`, `CREATED_ON`, `MODIFIED_ON`, `GEO_ID`, `APP_BAR_REFRESH_TYPE`, `APP_BAR_REFRESH_MIN_RATE`, `DEFAULT_MESSAGE`, `LAST_UPDATED_STAMP`, `CREATED_TX_STAMP`, `LAST_UPDATED_TX_STAMP`, `CREATED_STAMP`) VALUES ('ACTION_APP_BAR', 'ACTION', 'Action bar', 'Action bar', 'Action bar', NULL, 'ENABLED', NULL, 'HORIZONTAL', 100, 100, 15, 'SYSTEM_LEVEL', NULL, NULL, 'admin', 'admin', 'admin', '2020-07-06 15:50:54', NULL, '2020-07-06 15:50:54', '2020-07-06 15:50:54', NULL, NULL, NULL, 'Please contact your Administrator', '2020-07-06 15:50:54', '2020-07-06 15:50:54', '2020-07-06 15:50:54', '2020-07-06 15:50:54');
REPLACE INTO `app_bar` (`APP_BAR_ID`, `APP_BAR_TYPE_ID`, `APP_BAR_NAME`, `APP_BAR_NAME_UILabel`, `APP_BAR_DESCRIPTION`, `APP_BAR_SERVICE`, `APP_BAR_STATUS`, `APP_BAR_SECURITY_GROUP`, `APP_BAR_DIRECTION`, `APP_BAR_HEIGHT`, `APP_BAR_WIDTH`, `APP_BAR_MAX_ELEMENTS`, `APP_BAR_ACCESS_LEVEL`, `APP_BAR_DATA_LEVEL`, `APP_BAR_IS_SERVICE_BASED`, `CREATED_BY`, `MODIFIED_BY`, `APPROVED_BY`, `APPROVED_DATE`, `AUTO_APPROVE`, `CREATED_ON`, `MODIFIED_ON`, `GEO_ID`, `APP_BAR_REFRESH_TYPE`, `APP_BAR_REFRESH_MIN_RATE`, `DEFAULT_MESSAGE`, `LAST_UPDATED_STAMP`, `CREATED_TX_STAMP`, `LAST_UPDATED_TX_STAMP`, `CREATED_STAMP`) VALUES ('CONTACT_KPI_BAR', 'KPI', 'Contant KPI Bar', 'Contant KPI Bar', 'Contant KPI Bar', NULL, 'ENABLED', NULL, 'HORIZONTAL', 100, 100, 10, 'SYSTEM_LEVEL', NULL, NULL, 'admin', 'admin', 'admin', '2020-06-24 17:46:25', NULL, '2020-06-24 17:46:25', '2020-06-24 17:46:25', NULL, 'REAL_TIME', NULL, 'Please contact your Administrator', '2020-06-24 17:46:55', '2020-06-24 17:46:55', '2020-06-24 17:46:55', '2020-06-24 17:46:55');
REPLACE INTO `app_bar` (`APP_BAR_ID`, `APP_BAR_TYPE_ID`, `APP_BAR_NAME`, `APP_BAR_NAME_UILabel`, `APP_BAR_DESCRIPTION`, `APP_BAR_SERVICE`, `APP_BAR_STATUS`, `APP_BAR_SECURITY_GROUP`, `APP_BAR_DIRECTION`, `APP_BAR_HEIGHT`, `APP_BAR_WIDTH`, `APP_BAR_MAX_ELEMENTS`, `APP_BAR_ACCESS_LEVEL`, `APP_BAR_DATA_LEVEL`, `APP_BAR_IS_SERVICE_BASED`, `CREATED_BY`, `MODIFIED_BY`, `APPROVED_BY`, `APPROVED_DATE`, `AUTO_APPROVE`, `CREATED_ON`, `MODIFIED_ON`, `GEO_ID`, `APP_BAR_REFRESH_TYPE`, `APP_BAR_REFRESH_MIN_RATE`, `DEFAULT_MESSAGE`, `LAST_UPDATED_STAMP`, `CREATED_TX_STAMP`, `LAST_UPDATED_TX_STAMP`, `CREATED_STAMP`) VALUES ('ACCOUNT_KPI_BAR', 'KPI', 'Kpi Bar', 'Kpi Bar', 'Kpi Bar', NULL, 'ENABLED', NULL, 'HORIZONTAL', NULL, NULL, 7, 'SYSTEM_LEVEL', NULL, NULL, NULL, NULL, NULL, NULL, NULL, NULL, NULL, NULL, NULL, NULL, 'Please contact your Administrator', NULL, NULL, NULL, NULL);


REPLACE INTO `app_bar_elements` (`APP_BAR_ID`, `APP_BAR_TYPE_ID`, `APP_BAR_ELEMENT_ID`, `APP_BAR_ELEMENT_SEQ_NUM`, `APP_BAR_ELEMENT_NAME`, `APP_BAR_ELEMENT_UILABEL`, `APP_BAR_ELEMENT_ACTIVE`, `APP_BAR_ELEMENT_SERVICE_NAME`, `APP_BAR_ELEMENT_NOLABEL`, `APP_BAR_ELEMENT_ICON_URL`, `APP_BAR_ELEMENT_FAV_ICON`, `APP_BAR_ELEMENT_COLOR`, `APP_BAR_ELEMENT_MAX_LEN`, `APP_BAR_ELEMENT_POSITION`, `APP_BAR_ELEMENT_TYPE`, `APP_BAR_ELEMENT_TARGET_URL`, `APP_BAR_ELEMENT_CUSTOM_CLASS`, `SECURITY_PERMISSION_ID`, `IS_DISPLAY_ELEMENT_DATA`, `ELEMENT_KEY`, `CREATED_BY`, `MODIFIED_BY`, `IS_APPROVED_BY`, `APPROVED_DATE`, `CREATED_ON`, `MODIFIED_ON`, `LAST_UPDATED_STAMP`, `LAST_UPDATED_TX_STAMP`, `CREATED_STAMP`, `CREATED_TX_STAMP`) VALUES ('ACTION_APP_BAR', 'ACTION', 'E10000', 1, 'Account/Contact/Customer Name', 'Account/Contact/Customer Name', 'Y', NULL, NULL, NULL, NULL, NULL, NULL, 'L', 'LINK', NULL, 'h2 text-info disabled', NULL, 'Y', 'name', 'admin', 'admin', 'admin', '2020-06-24 19:11:44', '2020-06-24 19:11:44', '2020-07-02 15:52:14', '2020-07-02 15:52:14', '2020-07-02 15:52:14', '2020-06-24 19:11:41', '2020-06-24 19:11:41');
REPLACE INTO `app_bar_elements` (`APP_BAR_ID`, `APP_BAR_TYPE_ID`, `APP_BAR_ELEMENT_ID`, `APP_BAR_ELEMENT_SEQ_NUM`, `APP_BAR_ELEMENT_NAME`, `APP_BAR_ELEMENT_UILABEL`, `APP_BAR_ELEMENT_ACTIVE`, `APP_BAR_ELEMENT_SERVICE_NAME`, `APP_BAR_ELEMENT_NOLABEL`, `APP_BAR_ELEMENT_ICON_URL`, `APP_BAR_ELEMENT_FAV_ICON`, `APP_BAR_ELEMENT_COLOR`, `APP_BAR_ELEMENT_MAX_LEN`, `APP_BAR_ELEMENT_POSITION`, `APP_BAR_ELEMENT_TYPE`, `APP_BAR_ELEMENT_TARGET_URL`, `APP_BAR_ELEMENT_CUSTOM_CLASS`, `SECURITY_PERMISSION_ID`, `IS_DISPLAY_ELEMENT_DATA`, `ELEMENT_KEY`, `CREATED_BY`, `MODIFIED_BY`, `IS_APPROVED_BY`, `APPROVED_DATE`, `CREATED_ON`, `MODIFIED_ON`, `LAST_UPDATED_STAMP`, `LAST_UPDATED_TX_STAMP`, `CREATED_STAMP`, `CREATED_TX_STAMP`) VALUES ('ACTION_APP_BAR', 'ACTION', 'E10001', 2, 'Portfolio', 'Portfolio', 'Y', NULL, NULL, NULL, 'fa fa-briefcase custicons', NULL, NULL, 'L', 'LINK', NULL, 'text-dark left-icones', 'ACTION_PERMISSION', 'N', 'portfolio', 'admin', 'admin', 'admin', '2020-06-24 19:11:44', '2020-06-24 19:11:44', '2020-06-24 19:11:44', '2020-06-24 19:11:44', '2020-06-24 19:11:44', '2020-06-24 19:11:44', '2020-06-24 19:11:44');
REPLACE INTO `app_bar_elements` (`APP_BAR_ID`, `APP_BAR_TYPE_ID`, `APP_BAR_ELEMENT_ID`, `APP_BAR_ELEMENT_SEQ_NUM`, `APP_BAR_ELEMENT_NAME`, `APP_BAR_ELEMENT_UILABEL`, `APP_BAR_ELEMENT_ACTIVE`, `APP_BAR_ELEMENT_SERVICE_NAME`, `APP_BAR_ELEMENT_NOLABEL`, `APP_BAR_ELEMENT_ICON_URL`, `APP_BAR_ELEMENT_FAV_ICON`, `APP_BAR_ELEMENT_COLOR`, `APP_BAR_ELEMENT_MAX_LEN`, `APP_BAR_ELEMENT_POSITION`, `APP_BAR_ELEMENT_TYPE`, `APP_BAR_ELEMENT_TARGET_URL`, `APP_BAR_ELEMENT_CUSTOM_CLASS`, `SECURITY_PERMISSION_ID`, `IS_DISPLAY_ELEMENT_DATA`, `ELEMENT_KEY`, `CREATED_BY`, `MODIFIED_BY`, `IS_APPROVED_BY`, `APPROVED_DATE`, `CREATED_ON`, `MODIFIED_ON`, `LAST_UPDATED_STAMP`, `LAST_UPDATED_TX_STAMP`, `CREATED_STAMP`, `CREATED_TX_STAMP`) VALUES ('ACTION_APP_BAR', 'ACTION', 'E10002', 3, 'Dashboard', 'Dashboard', 'Y', NULL, NULL, NULL, 'fa fa-area-chart custicons', NULL, NULL, 'L', 'LINK', NULL, 'text-dark left-icones', 'ACTION_PERMISSION', 'N', 'dashboard', 'admin', 'admin', 'admin', '2020-06-24 19:11:44', '2020-06-24 19:11:44', '2020-06-24 19:11:44', '2020-06-24 19:11:44', '2020-06-24 19:11:44', '2020-06-24 19:11:44', '2020-06-24 19:11:44');
REPLACE INTO `app_bar_elements` (`APP_BAR_ID`, `APP_BAR_TYPE_ID`, `APP_BAR_ELEMENT_ID`, `APP_BAR_ELEMENT_SEQ_NUM`, `APP_BAR_ELEMENT_NAME`, `APP_BAR_ELEMENT_UILABEL`, `APP_BAR_ELEMENT_ACTIVE`, `APP_BAR_ELEMENT_SERVICE_NAME`, `APP_BAR_ELEMENT_NOLABEL`, `APP_BAR_ELEMENT_ICON_URL`, `APP_BAR_ELEMENT_FAV_ICON`, `APP_BAR_ELEMENT_COLOR`, `APP_BAR_ELEMENT_MAX_LEN`, `APP_BAR_ELEMENT_POSITION`, `APP_BAR_ELEMENT_TYPE`, `APP_BAR_ELEMENT_TARGET_URL`, `APP_BAR_ELEMENT_CUSTOM_CLASS`, `SECURITY_PERMISSION_ID`, `IS_DISPLAY_ELEMENT_DATA`, `ELEMENT_KEY`, `CREATED_BY`, `MODIFIED_BY`, `IS_APPROVED_BY`, `APPROVED_DATE`, `CREATED_ON`, `MODIFIED_ON`, `LAST_UPDATED_STAMP`, `LAST_UPDATED_TX_STAMP`, `CREATED_STAMP`, `CREATED_TX_STAMP`) VALUES ('ACTION_APP_BAR', 'ACTION', 'E10003', 4, 'Alerts', 'Alerts', 'Y', NULL, NULL, NULL, 'fa fa-bell-o custicons', NULL, NULL, 'L', 'MODAL', NULL, 'text-dark left-icones', 'ACTION_PERMISSION', 'N', 'alerts', 'admin', 'admin', 'admin', '2020-06-24 19:11:44', '2020-06-24 19:11:44', '2020-06-24 19:11:44', '2020-06-24 19:11:44', '2020-06-24 19:11:44', '2020-06-24 19:11:44', '2020-06-24 19:11:44');
REPLACE INTO `app_bar_elements` (`APP_BAR_ID`, `APP_BAR_TYPE_ID`, `APP_BAR_ELEMENT_ID`, `APP_BAR_ELEMENT_SEQ_NUM`, `APP_BAR_ELEMENT_NAME`, `APP_BAR_ELEMENT_UILABEL`, `APP_BAR_ELEMENT_ACTIVE`, `APP_BAR_ELEMENT_SERVICE_NAME`, `APP_BAR_ELEMENT_NOLABEL`, `APP_BAR_ELEMENT_ICON_URL`, `APP_BAR_ELEMENT_FAV_ICON`, `APP_BAR_ELEMENT_COLOR`, `APP_BAR_ELEMENT_MAX_LEN`, `APP_BAR_ELEMENT_POSITION`, `APP_BAR_ELEMENT_TYPE`, `APP_BAR_ELEMENT_TARGET_URL`, `APP_BAR_ELEMENT_CUSTOM_CLASS`, `SECURITY_PERMISSION_ID`, `IS_DISPLAY_ELEMENT_DATA`, `ELEMENT_KEY`, `CREATED_BY`, `MODIFIED_BY`, `IS_APPROVED_BY`, `APPROVED_DATE`, `CREATED_ON`, `MODIFIED_ON`, `LAST_UPDATED_STAMP`, `LAST_UPDATED_TX_STAMP`, `CREATED_STAMP`, `CREATED_TX_STAMP`) VALUES ('ACTION_APP_BAR', 'ACTION', 'E10004', 5, 'Add Notes', 'Add Notes', 'Y', NULL, NULL, '/bootstrap/images/add-customer-alert.png', NULL, NULL, NULL, 'L', 'MODAL', NULL, 'text-dark left-icones', 'ACTION_PERMISSION', 'N', 'addNotes', 'admin', 'admin', 'admin', '2020-06-24 19:11:44', '2020-06-24 19:11:44', '2020-06-24 19:11:44', '2020-06-24 19:11:44', '2020-06-24 19:11:44', '2020-06-24 19:11:44', '2020-06-24 19:11:44');
REPLACE INTO `app_bar_elements` (`APP_BAR_ID`, `APP_BAR_TYPE_ID`, `APP_BAR_ELEMENT_ID`, `APP_BAR_ELEMENT_SEQ_NUM`, `APP_BAR_ELEMENT_NAME`, `APP_BAR_ELEMENT_UILABEL`, `APP_BAR_ELEMENT_ACTIVE`, `APP_BAR_ELEMENT_SERVICE_NAME`, `APP_BAR_ELEMENT_NOLABEL`, `APP_BAR_ELEMENT_ICON_URL`, `APP_BAR_ELEMENT_FAV_ICON`, `APP_BAR_ELEMENT_COLOR`, `APP_BAR_ELEMENT_MAX_LEN`, `APP_BAR_ELEMENT_POSITION`, `APP_BAR_ELEMENT_TYPE`, `APP_BAR_ELEMENT_TARGET_URL`, `APP_BAR_ELEMENT_CUSTOM_CLASS`, `SECURITY_PERMISSION_ID`, `IS_DISPLAY_ELEMENT_DATA`, `ELEMENT_KEY`, `CREATED_BY`, `MODIFIED_BY`, `IS_APPROVED_BY`, `APPROVED_DATE`, `CREATED_ON`, `MODIFIED_ON`, `LAST_UPDATED_STAMP`, `LAST_UPDATED_TX_STAMP`, `CREATED_STAMP`, `CREATED_TX_STAMP`) VALUES ('ACTION_APP_BAR', 'ACTION', 'E10005', 6, 'Add Service Request', 'Add Service Request', 'Y', NULL, NULL, NULL, 'fa fa-plus-square custicons', NULL, NULL, 'L', 'LINK', '/account-portal/control/main', 'text-dark left-icones', 'ACTION_PERMISSION', 'N', 'addServiceRequest', 'admin', 'admin', 'admin', '2020-06-24 19:11:44', '2020-06-24 19:11:44', '2020-06-24 19:11:44', '2020-06-24 19:11:44', '2020-06-24 19:11:44', '2020-06-24 19:11:44', '2020-06-24 19:11:44');
REPLACE INTO `app_bar_elements` (`APP_BAR_ID`, `APP_BAR_TYPE_ID`, `APP_BAR_ELEMENT_ID`, `APP_BAR_ELEMENT_SEQ_NUM`, `APP_BAR_ELEMENT_NAME`, `APP_BAR_ELEMENT_UILABEL`, `APP_BAR_ELEMENT_ACTIVE`, `APP_BAR_ELEMENT_SERVICE_NAME`, `APP_BAR_ELEMENT_NOLABEL`, `APP_BAR_ELEMENT_ICON_URL`, `APP_BAR_ELEMENT_FAV_ICON`, `APP_BAR_ELEMENT_COLOR`, `APP_BAR_ELEMENT_MAX_LEN`, `APP_BAR_ELEMENT_POSITION`, `APP_BAR_ELEMENT_TYPE`, `APP_BAR_ELEMENT_TARGET_URL`, `APP_BAR_ELEMENT_CUSTOM_CLASS`, `SECURITY_PERMISSION_ID`, `IS_DISPLAY_ELEMENT_DATA`, `ELEMENT_KEY`, `CREATED_BY`, `MODIFIED_BY`, `IS_APPROVED_BY`, `APPROVED_DATE`, `CREATED_ON`, `MODIFIED_ON`, `LAST_UPDATED_STAMP`, `LAST_UPDATED_TX_STAMP`, `CREATED_STAMP`, `CREATED_TX_STAMP`) VALUES ('ACTION_APP_BAR', 'ACTION', 'E10006', 7, 'Add Opportunity', 'Add Opportunity', 'Y', NULL, NULL, '/bootstrap/images/add-opportunities.png', NULL, NULL, NULL, 'L', 'MODAL', NULL, 'text-dark left-icones', 'ACTION_PERMISSION', 'N', 'addOpportunity', 'admin', 'admin', 'admin', '2020-06-24 19:11:44', '2020-06-24 19:11:44', '2020-06-24 19:11:44', '2020-06-24 19:11:44', '2020-06-24 19:11:44', '2020-06-24 19:11:44', '2020-06-24 19:11:44');
REPLACE INTO `app_bar_elements` (`APP_BAR_ID`, `APP_BAR_TYPE_ID`, `APP_BAR_ELEMENT_ID`, `APP_BAR_ELEMENT_SEQ_NUM`, `APP_BAR_ELEMENT_NAME`, `APP_BAR_ELEMENT_UILABEL`, `APP_BAR_ELEMENT_ACTIVE`, `APP_BAR_ELEMENT_SERVICE_NAME`, `APP_BAR_ELEMENT_NOLABEL`, `APP_BAR_ELEMENT_ICON_URL`, `APP_BAR_ELEMENT_FAV_ICON`, `APP_BAR_ELEMENT_COLOR`, `APP_BAR_ELEMENT_MAX_LEN`, `APP_BAR_ELEMENT_POSITION`, `APP_BAR_ELEMENT_TYPE`, `APP_BAR_ELEMENT_TARGET_URL`, `APP_BAR_ELEMENT_CUSTOM_CLASS`, `SECURITY_PERMISSION_ID`, `IS_DISPLAY_ELEMENT_DATA`, `ELEMENT_KEY`, `CREATED_BY`, `MODIFIED_BY`, `IS_APPROVED_BY`, `APPROVED_DATE`, `CREATED_ON`, `MODIFIED_ON`, `LAST_UPDATED_STAMP`, `LAST_UPDATED_TX_STAMP`, `CREATED_STAMP`, `CREATED_TX_STAMP`) VALUES ('ACTION_APP_BAR', 'ACTION', 'E10007', 8, 'Add Activity', 'Add Activity', 'Y', NULL, NULL, '/bootstrap/images/add-activity.png', NULL, NULL, NULL, 'L', 'DROPDOWN', NULL, 'text-dark left-icones', 'ACTION_PERMISSION', 'N', 'addActivity', 'admin', 'admin', 'admin', '2020-06-24 19:11:44', '2020-06-24 19:11:44', '2020-06-24 19:11:44', '2020-06-24 19:11:44', '2020-06-24 19:11:44', '2020-06-24 19:11:44', '2020-06-24 19:11:44');
REPLACE INTO `app_bar_elements` (`APP_BAR_ID`, `APP_BAR_TYPE_ID`, `APP_BAR_ELEMENT_ID`, `APP_BAR_ELEMENT_SEQ_NUM`, `APP_BAR_ELEMENT_NAME`, `APP_BAR_ELEMENT_UILABEL`, `APP_BAR_ELEMENT_ACTIVE`, `APP_BAR_ELEMENT_SERVICE_NAME`, `APP_BAR_ELEMENT_NOLABEL`, `APP_BAR_ELEMENT_ICON_URL`, `APP_BAR_ELEMENT_FAV_ICON`, `APP_BAR_ELEMENT_COLOR`, `APP_BAR_ELEMENT_MAX_LEN`, `APP_BAR_ELEMENT_POSITION`, `APP_BAR_ELEMENT_TYPE`, `APP_BAR_ELEMENT_TARGET_URL`, `APP_BAR_ELEMENT_CUSTOM_CLASS`, `SECURITY_PERMISSION_ID`, `IS_DISPLAY_ELEMENT_DATA`, `ELEMENT_KEY`, `CREATED_BY`, `MODIFIED_BY`, `IS_APPROVED_BY`, `APPROVED_DATE`, `CREATED_ON`, `MODIFIED_ON`, `LAST_UPDATED_STAMP`, `LAST_UPDATED_TX_STAMP`, `CREATED_STAMP`, `CREATED_TX_STAMP`) VALUES ('ACTION_APP_BAR', 'ACTION', 'E10008', 9, 'Phone', 'Phone', 'Y', NULL, NULL, NULL, NULL, NULL, NULL, 'R', 'LABEL', NULL, 'bglight text-dark left-icones', 'ACTION_PERMISSION', 'Y', 'phoneSolicitation', 'admin', 'admin', 'admin', '2020-06-24 19:11:44', '2020-06-24 19:11:44', '2020-06-24 19:11:44', '2020-06-24 19:11:44', '2020-06-24 19:11:44', '2020-06-24 19:11:44', '2020-06-24 19:11:44');
REPLACE INTO `app_bar_elements` (`APP_BAR_ID`, `APP_BAR_TYPE_ID`, `APP_BAR_ELEMENT_ID`, `APP_BAR_ELEMENT_SEQ_NUM`, `APP_BAR_ELEMENT_NAME`, `APP_BAR_ELEMENT_UILABEL`, `APP_BAR_ELEMENT_ACTIVE`, `APP_BAR_ELEMENT_SERVICE_NAME`, `APP_BAR_ELEMENT_NOLABEL`, `APP_BAR_ELEMENT_ICON_URL`, `APP_BAR_ELEMENT_FAV_ICON`, `APP_BAR_ELEMENT_COLOR`, `APP_BAR_ELEMENT_MAX_LEN`, `APP_BAR_ELEMENT_POSITION`, `APP_BAR_ELEMENT_TYPE`, `APP_BAR_ELEMENT_TARGET_URL`, `APP_BAR_ELEMENT_CUSTOM_CLASS`, `SECURITY_PERMISSION_ID`, `IS_DISPLAY_ELEMENT_DATA`, `ELEMENT_KEY`, `CREATED_BY`, `MODIFIED_BY`, `IS_APPROVED_BY`, `APPROVED_DATE`, `CREATED_ON`, `MODIFIED_ON`, `LAST_UPDATED_STAMP`, `LAST_UPDATED_TX_STAMP`, `CREATED_STAMP`, `CREATED_TX_STAMP`) VALUES ('ACTION_APP_BAR', 'ACTION', 'E10009', 10, 'Email', 'Email', 'Y', NULL, NULL, NULL, NULL, NULL, NULL, 'R', 'LABEL', NULL, 'bglight text-dark left-icones mr-5', 'ACTION_PERMISSION', 'Y', 'emailSolicitation', 'admin', 'admin', 'admin', '2020-06-24 19:11:44', '2020-06-24 19:11:44', '2020-06-24 19:11:44', '2020-06-24 19:11:44', '2020-06-24 19:11:44', '2020-06-24 19:11:44', '2020-06-24 19:11:44');
REPLACE INTO `app_bar_elements` (`APP_BAR_ID`, `APP_BAR_TYPE_ID`, `APP_BAR_ELEMENT_ID`, `APP_BAR_ELEMENT_SEQ_NUM`, `APP_BAR_ELEMENT_NAME`, `APP_BAR_ELEMENT_UILABEL`, `APP_BAR_ELEMENT_ACTIVE`, `APP_BAR_ELEMENT_SERVICE_NAME`, `APP_BAR_ELEMENT_NOLABEL`, `APP_BAR_ELEMENT_ICON_URL`, `APP_BAR_ELEMENT_FAV_ICON`, `APP_BAR_ELEMENT_COLOR`, `APP_BAR_ELEMENT_MAX_LEN`, `APP_BAR_ELEMENT_POSITION`, `APP_BAR_ELEMENT_TYPE`, `APP_BAR_ELEMENT_TARGET_URL`, `APP_BAR_ELEMENT_CUSTOM_CLASS`, `SECURITY_PERMISSION_ID`, `IS_DISPLAY_ELEMENT_DATA`, `ELEMENT_KEY`, `CREATED_BY`, `MODIFIED_BY`, `IS_APPROVED_BY`, `APPROVED_DATE`, `CREATED_ON`, `MODIFIED_ON`, `LAST_UPDATED_STAMP`, `LAST_UPDATED_TX_STAMP`, `CREATED_STAMP`, `CREATED_TX_STAMP`) VALUES ('ACTION_APP_BAR', 'ACTION', 'E10010', 11, 'Email Address', 'Email Address', 'Y', NULL, NULL, NULL, 'fa fa-envelope fa-1 ', NULL, NULL, 'R', 'MODAL', 'writeEmail', 'ml-2 text-dark', 'ACTION_PERMISSION', 'Y', 'primaryEmail', 'admin', 'admin', 'admin', '2020-06-24 19:11:44', '2020-06-24 19:11:44', '2020-06-24 19:11:44', '2020-06-24 19:11:44', '2020-06-24 19:11:44', '2020-06-24 19:11:44', '2020-06-24 19:11:44');
REPLACE INTO `app_bar_elements` (`APP_BAR_ID`, `APP_BAR_TYPE_ID`, `APP_BAR_ELEMENT_ID`, `APP_BAR_ELEMENT_SEQ_NUM`, `APP_BAR_ELEMENT_NAME`, `APP_BAR_ELEMENT_UILABEL`, `APP_BAR_ELEMENT_ACTIVE`, `APP_BAR_ELEMENT_SERVICE_NAME`, `APP_BAR_ELEMENT_NOLABEL`, `APP_BAR_ELEMENT_ICON_URL`, `APP_BAR_ELEMENT_FAV_ICON`, `APP_BAR_ELEMENT_COLOR`, `APP_BAR_ELEMENT_MAX_LEN`, `APP_BAR_ELEMENT_POSITION`, `APP_BAR_ELEMENT_TYPE`, `APP_BAR_ELEMENT_TARGET_URL`, `APP_BAR_ELEMENT_CUSTOM_CLASS`, `SECURITY_PERMISSION_ID`, `IS_DISPLAY_ELEMENT_DATA`, `ELEMENT_KEY`, `CREATED_BY`, `MODIFIED_BY`, `IS_APPROVED_BY`, `APPROVED_DATE`, `CREATED_ON`, `MODIFIED_ON`, `LAST_UPDATED_STAMP`, `LAST_UPDATED_TX_STAMP`, `CREATED_STAMP`, `CREATED_TX_STAMP`) VALUES ('ACTION_APP_BAR', 'ACTION', 'E10011', 12, 'Contact Number', 'Contact Number', 'Y', NULL, NULL, NULL, 'fa fa-phone fa-1', NULL, NULL, 'R', 'MODAL', 'phoneCall', 'ml-2 text-dark', 'ACTION_PERMISSION', 'Y', 'primaryPhone', 'admin', 'admin', 'admin', '2020-06-24 19:11:44', '2020-06-24 19:11:44', '2020-06-24 19:11:44', '2020-06-24 19:11:44', '2020-06-24 19:11:44', '2020-06-24 19:11:44', '2020-06-24 19:11:44');


REPLACE INTO `app_bar_elements` (`APP_BAR_ID`, `APP_BAR_TYPE_ID`, `APP_BAR_ELEMENT_ID`, `APP_BAR_ELEMENT_SEQ_NUM`, `APP_BAR_ELEMENT_NAME`, `APP_BAR_ELEMENT_UILABEL`, `APP_BAR_ELEMENT_ACTIVE`, `APP_BAR_ELEMENT_SERVICE_NAME`, `APP_BAR_ELEMENT_NOLABEL`, `APP_BAR_ELEMENT_ICON_URL`, `APP_BAR_ELEMENT_FAV_ICON`, `APP_BAR_ELEMENT_COLOR`, `APP_BAR_ELEMENT_MAX_LEN`, `APP_BAR_ELEMENT_POSITION`, `APP_BAR_ELEMENT_TYPE`, `APP_BAR_ELEMENT_TARGET_URL`, `APP_BAR_ELEMENT_CUSTOM_CLASS`, `SECURITY_PERMISSION_ID`, `IS_DISPLAY_ELEMENT_DATA`, `ELEMENT_KEY`, `CREATED_BY`, `MODIFIED_BY`, `IS_APPROVED_BY`, `APPROVED_DATE`, `CREATED_ON`, `MODIFIED_ON`, `LAST_UPDATED_STAMP`, `LAST_UPDATED_TX_STAMP`, `CREATED_STAMP`, `CREATED_TX_STAMP`) VALUES ('ACCOUNT_KPI_BAR', 'KPI', '10000', 1, 'Account Since', 'AccountSince', 'Y', NULL, 'N', NULL, NULL, NULL, NULL, 'L', NULL, NULL, 'ab-act-row text-dark left-icones ', NULL, NULL, 'accountSince', 'admin', 'admin', 'admin', '2020-06-24 19:11:44', '2020-06-24 19:11:44', '2020-06-24 19:11:44', '2020-06-24 19:11:44', '2020-06-24 19:11:44', '2020-06-24 19:11:44', '2020-06-24 19:11:44');
REPLACE INTO `app_bar_elements` (`APP_BAR_ID`, `APP_BAR_TYPE_ID`, `APP_BAR_ELEMENT_ID`, `APP_BAR_ELEMENT_SEQ_NUM`, `APP_BAR_ELEMENT_NAME`, `APP_BAR_ELEMENT_UILABEL`, `APP_BAR_ELEMENT_ACTIVE`, `APP_BAR_ELEMENT_SERVICE_NAME`, `APP_BAR_ELEMENT_NOLABEL`, `APP_BAR_ELEMENT_ICON_URL`, `APP_BAR_ELEMENT_FAV_ICON`, `APP_BAR_ELEMENT_COLOR`, `APP_BAR_ELEMENT_MAX_LEN`, `APP_BAR_ELEMENT_POSITION`, `APP_BAR_ELEMENT_TYPE`, `APP_BAR_ELEMENT_TARGET_URL`, `APP_BAR_ELEMENT_CUSTOM_CLASS`, `SECURITY_PERMISSION_ID`, `IS_DISPLAY_ELEMENT_DATA`, `ELEMENT_KEY`, `CREATED_BY`, `MODIFIED_BY`, `IS_APPROVED_BY`, `APPROVED_DATE`, `CREATED_ON`, `MODIFIED_ON`, `LAST_UPDATED_STAMP`, `LAST_UPDATED_TX_STAMP`, `CREATED_STAMP`, `CREATED_TX_STAMP`) VALUES ('ACCOUNT_KPI_BAR', 'KPI', '10001', 2, 'Most Recent Campaign', 'Most Recent Campaign', 'Y', NULL, 'N', NULL, NULL, NULL, NULL, 'L', NULL, NULL, 'ab-act-row text-dark left-icones ', NULL, NULL, 'recentCampaign', 'admin', 'admin', 'admin', '2020-06-24 19:11:44', '2020-06-24 19:11:44', '2020-06-24 19:11:44', '2020-06-24 19:11:44', '2020-06-24 19:11:44', '2020-06-24 19:11:44', '2020-06-24 19:11:44');
REPLACE INTO `app_bar_elements` (`APP_BAR_ID`, `APP_BAR_TYPE_ID`, `APP_BAR_ELEMENT_ID`, `APP_BAR_ELEMENT_SEQ_NUM`, `APP_BAR_ELEMENT_NAME`, `APP_BAR_ELEMENT_UILABEL`, `APP_BAR_ELEMENT_ACTIVE`, `APP_BAR_ELEMENT_SERVICE_NAME`, `APP_BAR_ELEMENT_NOLABEL`, `APP_BAR_ELEMENT_ICON_URL`, `APP_BAR_ELEMENT_FAV_ICON`, `APP_BAR_ELEMENT_COLOR`, `APP_BAR_ELEMENT_MAX_LEN`, `APP_BAR_ELEMENT_POSITION`, `APP_BAR_ELEMENT_TYPE`, `APP_BAR_ELEMENT_TARGET_URL`, `APP_BAR_ELEMENT_CUSTOM_CLASS`, `SECURITY_PERMISSION_ID`, `IS_DISPLAY_ELEMENT_DATA`, `ELEMENT_KEY`, `CREATED_BY`, `MODIFIED_BY`, `IS_APPROVED_BY`, `APPROVED_DATE`, `CREATED_ON`, `MODIFIED_ON`, `LAST_UPDATED_STAMP`, `LAST_UPDATED_TX_STAMP`, `CREATED_STAMP`, `CREATED_TX_STAMP`) VALUES ('ACCOUNT_KPI_BAR', 'KPI', '10002', 3, 'No. of Opp expire in next 7 days', 'No. of Opp expire in next 7 days', 'Y', NULL, 'N', NULL, NULL, NULL, NULL, 'L', NULL, NULL, 'ab-act-row text-dark left-icones ', NULL, NULL, 'oppSevenDayExpire', 'admin', 'admin', 'admin', '2020-06-24 19:11:44', '2020-06-24 19:11:44', '2020-06-24 19:11:44', '2020-06-24 19:11:44', '2020-06-24 19:11:44', '2020-06-24 19:11:44', '2020-06-24 19:11:44');
REPLACE INTO `app_bar_elements` (`APP_BAR_ID`, `APP_BAR_TYPE_ID`, `APP_BAR_ELEMENT_ID`, `APP_BAR_ELEMENT_SEQ_NUM`, `APP_BAR_ELEMENT_NAME`, `APP_BAR_ELEMENT_UILABEL`, `APP_BAR_ELEMENT_ACTIVE`, `APP_BAR_ELEMENT_SERVICE_NAME`, `APP_BAR_ELEMENT_NOLABEL`, `APP_BAR_ELEMENT_ICON_URL`, `APP_BAR_ELEMENT_FAV_ICON`, `APP_BAR_ELEMENT_COLOR`, `APP_BAR_ELEMENT_MAX_LEN`, `APP_BAR_ELEMENT_POSITION`, `APP_BAR_ELEMENT_TYPE`, `APP_BAR_ELEMENT_TARGET_URL`, `APP_BAR_ELEMENT_CUSTOM_CLASS`, `SECURITY_PERMISSION_ID`, `IS_DISPLAY_ELEMENT_DATA`, `ELEMENT_KEY`, `CREATED_BY`, `MODIFIED_BY`, `IS_APPROVED_BY`, `APPROVED_DATE`, `CREATED_ON`, `MODIFIED_ON`, `LAST_UPDATED_STAMP`, `LAST_UPDATED_TX_STAMP`, `CREATED_STAMP`, `CREATED_TX_STAMP`) VALUES ('ACCOUNT_KPI_BAR', 'KPI', '10003', 4, 'Total Opportunities Closed', 'Total Opportunities Closed', 'Y', NULL, 'N', NULL, NULL, NULL, NULL, 'L', NULL, NULL, 'ab-act-row text-dark left-icones ', NULL, NULL, 'oppClosed', 'admin', 'admin', 'admin', '2020-06-24 19:11:44', '2020-06-24 19:11:44', '2020-06-24 19:11:44', '2020-06-24 19:11:44', '2020-06-24 19:11:44', '2020-06-24 19:11:44', '2020-06-24 19:11:44');
REPLACE INTO `app_bar_elements` (`APP_BAR_ID`, `APP_BAR_TYPE_ID`, `APP_BAR_ELEMENT_ID`, `APP_BAR_ELEMENT_SEQ_NUM`, `APP_BAR_ELEMENT_NAME`, `APP_BAR_ELEMENT_UILABEL`, `APP_BAR_ELEMENT_ACTIVE`, `APP_BAR_ELEMENT_SERVICE_NAME`, `APP_BAR_ELEMENT_NOLABEL`, `APP_BAR_ELEMENT_ICON_URL`, `APP_BAR_ELEMENT_FAV_ICON`, `APP_BAR_ELEMENT_COLOR`, `APP_BAR_ELEMENT_MAX_LEN`, `APP_BAR_ELEMENT_POSITION`, `APP_BAR_ELEMENT_TYPE`, `APP_BAR_ELEMENT_TARGET_URL`, `APP_BAR_ELEMENT_CUSTOM_CLASS`, `SECURITY_PERMISSION_ID`, `IS_DISPLAY_ELEMENT_DATA`, `ELEMENT_KEY`, `CREATED_BY`, `MODIFIED_BY`, `IS_APPROVED_BY`, `APPROVED_DATE`, `CREATED_ON`, `MODIFIED_ON`, `LAST_UPDATED_STAMP`, `LAST_UPDATED_TX_STAMP`, `CREATED_STAMP`, `CREATED_TX_STAMP`) VALUES ('ACCOUNT_KPI_BAR', 'KPI', '10004', 5, 'Count of open SRs within SLA', 'Count of open SRs within SLA', 'Y', NULL, 'N', NULL, NULL, NULL, NULL, 'L', NULL, NULL, 'ab-act-row text-dark left-icones ', NULL, NULL, 'openSlaSr', 'admin', 'admin', 'admin', '2020-06-24 19:11:44', '2020-06-24 19:11:44', '2020-06-24 19:11:44', '2020-06-24 19:11:44', '2020-06-24 19:11:44', '2020-06-24 19:11:44', '2020-06-24 19:11:44');
REPLACE INTO `app_bar_elements` (`APP_BAR_ID`, `APP_BAR_TYPE_ID`, `APP_BAR_ELEMENT_ID`, `APP_BAR_ELEMENT_SEQ_NUM`, `APP_BAR_ELEMENT_NAME`, `APP_BAR_ELEMENT_UILABEL`, `APP_BAR_ELEMENT_ACTIVE`, `APP_BAR_ELEMENT_SERVICE_NAME`, `APP_BAR_ELEMENT_NOLABEL`, `APP_BAR_ELEMENT_ICON_URL`, `APP_BAR_ELEMENT_FAV_ICON`, `APP_BAR_ELEMENT_COLOR`, `APP_BAR_ELEMENT_MAX_LEN`, `APP_BAR_ELEMENT_POSITION`, `APP_BAR_ELEMENT_TYPE`, `APP_BAR_ELEMENT_TARGET_URL`, `APP_BAR_ELEMENT_CUSTOM_CLASS`, `SECURITY_PERMISSION_ID`, `IS_DISPLAY_ELEMENT_DATA`, `ELEMENT_KEY`, `CREATED_BY`, `MODIFIED_BY`, `IS_APPROVED_BY`, `APPROVED_DATE`, `CREATED_ON`, `MODIFIED_ON`, `LAST_UPDATED_STAMP`, `LAST_UPDATED_TX_STAMP`, `CREATED_STAMP`, `CREATED_TX_STAMP`) VALUES ('ACCOUNT_KPI_BAR', 'KPI', '10005', 6, 'Count of open SRs out of SLA', 'Count of open SRs out of SLA', 'Y', NULL, 'N', NULL, NULL, NULL, NULL, 'L', NULL, NULL, 'ab-act-row text-dark left-icones ', NULL, NULL, 'openSlaOutSr', 'admin', 'admin', 'admin', '2020-06-24 19:11:44', '2020-06-24 19:11:44', '2020-06-24 19:11:44', '2020-06-24 19:11:44', '2020-06-24 19:11:44', '2020-06-24 19:11:44', '2020-06-24 19:11:44');
REPLACE INTO `app_bar_elements` (`APP_BAR_ID`, `APP_BAR_TYPE_ID`, `APP_BAR_ELEMENT_ID`, `APP_BAR_ELEMENT_SEQ_NUM`, `APP_BAR_ELEMENT_NAME`, `APP_BAR_ELEMENT_UILABEL`, `APP_BAR_ELEMENT_ACTIVE`, `APP_BAR_ELEMENT_SERVICE_NAME`, `APP_BAR_ELEMENT_NOLABEL`, `APP_BAR_ELEMENT_ICON_URL`, `APP_BAR_ELEMENT_FAV_ICON`, `APP_BAR_ELEMENT_COLOR`, `APP_BAR_ELEMENT_MAX_LEN`, `APP_BAR_ELEMENT_POSITION`, `APP_BAR_ELEMENT_TYPE`, `APP_BAR_ELEMENT_TARGET_URL`, `APP_BAR_ELEMENT_CUSTOM_CLASS`, `SECURITY_PERMISSION_ID`, `IS_DISPLAY_ELEMENT_DATA`, `ELEMENT_KEY`, `CREATED_BY`, `MODIFIED_BY`, `IS_APPROVED_BY`, `APPROVED_DATE`, `CREATED_ON`, `MODIFIED_ON`, `LAST_UPDATED_STAMP`, `LAST_UPDATED_TX_STAMP`, `CREATED_STAMP`, `CREATED_TX_STAMP`) VALUES ('ACCOUNT_KPI_BAR', 'KPI', '10006', 7, 'Count of open opportunities', 'Count of open opportunities', 'Y', NULL, 'N', NULL, NULL, NULL, NULL, 'L', NULL, NULL, 'ab-act-row text-dark left-icones ', NULL, NULL, 'openOpp', 'admin', 'admin', 'admin', '2020-06-24 19:11:44', '2020-06-24 19:11:44', '2020-06-24 19:11:44', '2020-06-24 19:11:44', '2020-06-24 19:11:44', '2020-06-24 19:11:44', '2020-06-24 19:11:44');
REPLACE INTO `app_bar_elements` (`APP_BAR_ID`, `APP_BAR_TYPE_ID`, `APP_BAR_ELEMENT_ID`, `APP_BAR_ELEMENT_SEQ_NUM`, `APP_BAR_ELEMENT_NAME`, `APP_BAR_ELEMENT_UILABEL`, `APP_BAR_ELEMENT_ACTIVE`, `APP_BAR_ELEMENT_SERVICE_NAME`, `APP_BAR_ELEMENT_NOLABEL`, `APP_BAR_ELEMENT_ICON_URL`, `APP_BAR_ELEMENT_FAV_ICON`, `APP_BAR_ELEMENT_COLOR`, `APP_BAR_ELEMENT_MAX_LEN`, `APP_BAR_ELEMENT_POSITION`, `APP_BAR_ELEMENT_TYPE`, `APP_BAR_ELEMENT_TARGET_URL`, `APP_BAR_ELEMENT_CUSTOM_CLASS`, `SECURITY_PERMISSION_ID`, `IS_DISPLAY_ELEMENT_DATA`, `ELEMENT_KEY`, `CREATED_BY`, `MODIFIED_BY`, `IS_APPROVED_BY`, `APPROVED_DATE`, `CREATED_ON`, `MODIFIED_ON`, `LAST_UPDATED_STAMP`, `LAST_UPDATED_TX_STAMP`, `CREATED_STAMP`, `CREATED_TX_STAMP`) VALUES ('ACCOUNT_KPI_BAR', 'KPI', '10007', 8, 'Count of Open Activities', 'Count of Open Activities', 'Y', NULL, 'N', NULL, NULL, NULL, NULL, 'L', NULL, NULL, 'ab-act-row text-dark left-icones ', NULL, NULL, 'openActivities', 'admin', 'admin', 'admin', '2020-06-24 19:11:44', '2020-06-24 19:11:44', '2020-06-24 19:11:44', '2020-06-24 19:11:44', '2020-06-24 19:11:44', '2020-06-24 19:11:44', '2020-06-24 19:11:44');
REPLACE INTO `app_bar_elements` (`APP_BAR_ID`, `APP_BAR_TYPE_ID`, `APP_BAR_ELEMENT_ID`, `APP_BAR_ELEMENT_SEQ_NUM`, `APP_BAR_ELEMENT_NAME`, `APP_BAR_ELEMENT_UILABEL`, `APP_BAR_ELEMENT_ACTIVE`, `APP_BAR_ELEMENT_SERVICE_NAME`, `APP_BAR_ELEMENT_NOLABEL`, `APP_BAR_ELEMENT_ICON_URL`, `APP_BAR_ELEMENT_FAV_ICON`, `APP_BAR_ELEMENT_COLOR`, `APP_BAR_ELEMENT_MAX_LEN`, `APP_BAR_ELEMENT_POSITION`, `APP_BAR_ELEMENT_TYPE`, `APP_BAR_ELEMENT_TARGET_URL`, `APP_BAR_ELEMENT_CUSTOM_CLASS`, `SECURITY_PERMISSION_ID`, `IS_DISPLAY_ELEMENT_DATA`, `ELEMENT_KEY`, `CREATED_BY`, `MODIFIED_BY`, `IS_APPROVED_BY`, `APPROVED_DATE`, `CREATED_ON`, `MODIFIED_ON`, `LAST_UPDATED_STAMP`, `LAST_UPDATED_TX_STAMP`, `CREATED_STAMP`, `CREATED_TX_STAMP`) VALUES ('ACCOUNT_KPI_BAR', 'KPI', '10008', 9, 'Count of Active Campaigns', 'Count of Active Campaigns', 'Y', NULL, 'N', NULL, NULL, NULL, NULL, 'L', NULL, NULL, 'ab-act-row text-dark left-icones ', NULL, NULL, 'activeCampaign', 'admin', 'admin', 'admin', '2020-06-24 19:11:44', '2020-06-24 19:11:44', '2020-06-24 19:11:44', '2020-06-24 19:11:44', '2020-06-24 19:11:44', '2020-06-24 19:11:44', '2020-06-24 19:11:44');
REPLACE INTO `app_bar_elements` (`APP_BAR_ID`, `APP_BAR_TYPE_ID`, `APP_BAR_ELEMENT_ID`, `APP_BAR_ELEMENT_SEQ_NUM`, `APP_BAR_ELEMENT_NAME`, `APP_BAR_ELEMENT_UILABEL`, `APP_BAR_ELEMENT_ACTIVE`, `APP_BAR_ELEMENT_SERVICE_NAME`, `APP_BAR_ELEMENT_NOLABEL`, `APP_BAR_ELEMENT_ICON_URL`, `APP_BAR_ELEMENT_FAV_ICON`, `APP_BAR_ELEMENT_COLOR`, `APP_BAR_ELEMENT_MAX_LEN`, `APP_BAR_ELEMENT_POSITION`, `APP_BAR_ELEMENT_TYPE`, `APP_BAR_ELEMENT_TARGET_URL`, `APP_BAR_ELEMENT_CUSTOM_CLASS`, `SECURITY_PERMISSION_ID`, `IS_DISPLAY_ELEMENT_DATA`, `ELEMENT_KEY`, `CREATED_BY`, `MODIFIED_BY`, `IS_APPROVED_BY`, `APPROVED_DATE`, `CREATED_ON`, `MODIFIED_ON`, `LAST_UPDATED_STAMP`, `LAST_UPDATED_TX_STAMP`, `CREATED_STAMP`, `CREATED_TX_STAMP`) VALUES ('ACCOUNT_KPI_BAR', 'KPI', '10009', 10, 'Count Open SR’s ', 'Count Open SR’s ', 'Y', NULL, 'N', NULL, NULL, NULL, NULL, 'L', NULL, NULL, 'ab-act-row text-dark left-icones ', NULL, NULL, 'openSr', 'admin', 'admin', 'admin', '2020-06-24 19:11:44', '2020-06-24 19:11:44', '2020-06-24 19:11:44', '2020-06-24 19:11:44', '2020-06-24 19:11:44', '2020-06-24 19:11:44', '2020-06-24 19:11:44');
REPLACE INTO `app_bar_elements` (`APP_BAR_ID`, `APP_BAR_TYPE_ID`, `APP_BAR_ELEMENT_ID`, `APP_BAR_ELEMENT_SEQ_NUM`, `APP_BAR_ELEMENT_NAME`, `APP_BAR_ELEMENT_UILABEL`, `APP_BAR_ELEMENT_ACTIVE`, `APP_BAR_ELEMENT_SERVICE_NAME`, `APP_BAR_ELEMENT_NOLABEL`, `APP_BAR_ELEMENT_ICON_URL`, `APP_BAR_ELEMENT_FAV_ICON`, `APP_BAR_ELEMENT_COLOR`, `APP_BAR_ELEMENT_MAX_LEN`, `APP_BAR_ELEMENT_POSITION`, `APP_BAR_ELEMENT_TYPE`, `APP_BAR_ELEMENT_TARGET_URL`, `APP_BAR_ELEMENT_CUSTOM_CLASS`, `SECURITY_PERMISSION_ID`, `IS_DISPLAY_ELEMENT_DATA`, `ELEMENT_KEY`, `CREATED_BY`, `MODIFIED_BY`, `IS_APPROVED_BY`, `APPROVED_DATE`, `CREATED_ON`, `MODIFIED_ON`, `LAST_UPDATED_STAMP`, `LAST_UPDATED_TX_STAMP`, `CREATED_STAMP`, `CREATED_TX_STAMP`) VALUES ('ACCOUNT_KPI_BAR', 'KPI', '10010', 11, 'Count of Open Orders', 'Count of Open Orders', 'Y', NULL, 'N', NULL, NULL, NULL, NULL, 'L', NULL, NULL, 'ab-act-row text-dark left-icones ', NULL, NULL, 'openOrders', 'admin', 'admin', 'admin', '2020-06-24 19:11:44', '2020-06-24 19:11:44', '2020-06-24 19:11:44', '2020-06-24 19:11:44', '2020-06-24 19:11:44', '2020-06-24 19:11:44', '2020-06-24 19:11:44');
REPLACE INTO `app_bar_elements` (`APP_BAR_ID`, `APP_BAR_TYPE_ID`, `APP_BAR_ELEMENT_ID`, `APP_BAR_ELEMENT_SEQ_NUM`, `APP_BAR_ELEMENT_NAME`, `APP_BAR_ELEMENT_UILABEL`, `APP_BAR_ELEMENT_ACTIVE`, `APP_BAR_ELEMENT_SERVICE_NAME`, `APP_BAR_ELEMENT_NOLABEL`, `APP_BAR_ELEMENT_ICON_URL`, `APP_BAR_ELEMENT_FAV_ICON`, `APP_BAR_ELEMENT_COLOR`, `APP_BAR_ELEMENT_MAX_LEN`, `APP_BAR_ELEMENT_POSITION`, `APP_BAR_ELEMENT_TYPE`, `APP_BAR_ELEMENT_TARGET_URL`, `APP_BAR_ELEMENT_CUSTOM_CLASS`, `SECURITY_PERMISSION_ID`, `IS_DISPLAY_ELEMENT_DATA`, `ELEMENT_KEY`, `CREATED_BY`, `MODIFIED_BY`, `IS_APPROVED_BY`, `APPROVED_DATE`, `CREATED_ON`, `MODIFIED_ON`, `LAST_UPDATED_STAMP`, `LAST_UPDATED_TX_STAMP`, `CREATED_STAMP`, `CREATED_TX_STAMP`) VALUES ('ACCOUNT_KPI_BAR', 'KPI', '10011', 12, 'Count of Open Offers', 'Count of Open Offers', 'Y', NULL, 'N', NULL, NULL, NULL, NULL, 'L', NULL, NULL, 'ab-act-row text-dark left-icones ', NULL, NULL, 'openOffers', 'admin', 'admin', 'admin', '2020-06-24 19:11:44', '2020-06-24 19:11:44', '2020-06-24 19:11:44', '2020-06-24 19:11:44', '2020-06-24 19:11:44', '2020-06-24 19:11:44', '2020-06-24 19:11:44');
REPLACE INTO `app_bar_elements` (`APP_BAR_ID`, `APP_BAR_TYPE_ID`, `APP_BAR_ELEMENT_ID`, `APP_BAR_ELEMENT_SEQ_NUM`, `APP_BAR_ELEMENT_NAME`, `APP_BAR_ELEMENT_UILABEL`, `APP_BAR_ELEMENT_ACTIVE`, `APP_BAR_ELEMENT_SERVICE_NAME`, `APP_BAR_ELEMENT_NOLABEL`, `APP_BAR_ELEMENT_ICON_URL`, `APP_BAR_ELEMENT_FAV_ICON`, `APP_BAR_ELEMENT_COLOR`, `APP_BAR_ELEMENT_MAX_LEN`, `APP_BAR_ELEMENT_POSITION`, `APP_BAR_ELEMENT_TYPE`, `APP_BAR_ELEMENT_TARGET_URL`, `APP_BAR_ELEMENT_CUSTOM_CLASS`, `SECURITY_PERMISSION_ID`, `IS_DISPLAY_ELEMENT_DATA`, `ELEMENT_KEY`, `CREATED_BY`, `MODIFIED_BY`, `IS_APPROVED_BY`, `APPROVED_DATE`, `CREATED_ON`, `MODIFIED_ON`, `LAST_UPDATED_STAMP`, `LAST_UPDATED_TX_STAMP`, `CREATED_STAMP`, `CREATED_TX_STAMP`) VALUES ('ACCOUNT_KPI_BAR', 'KPI', '10012', 13, 'Call Back Date', 'Call Back Date', 'Y', NULL, 'N', NULL, NULL, NULL, NULL, 'L', NULL, NULL, 'ab-act-row text-dark left-icones ', NULL, NULL, 'callBackDate', 'admin', 'admin', 'admin', '2020-06-24 19:11:44', '2020-06-24 19:11:44', '2020-06-24 19:11:44', '2020-06-24 19:11:44', '2020-06-24 19:11:44', '2020-06-24 19:11:44', '2020-06-24 19:11:44');
REPLACE INTO `app_bar_elements` (`APP_BAR_ID`, `APP_BAR_TYPE_ID`, `APP_BAR_ELEMENT_ID`, `APP_BAR_ELEMENT_SEQ_NUM`, `APP_BAR_ELEMENT_NAME`, `APP_BAR_ELEMENT_UILABEL`, `APP_BAR_ELEMENT_ACTIVE`, `APP_BAR_ELEMENT_SERVICE_NAME`, `APP_BAR_ELEMENT_NOLABEL`, `APP_BAR_ELEMENT_ICON_URL`, `APP_BAR_ELEMENT_FAV_ICON`, `APP_BAR_ELEMENT_COLOR`, `APP_BAR_ELEMENT_MAX_LEN`, `APP_BAR_ELEMENT_POSITION`, `APP_BAR_ELEMENT_TYPE`, `APP_BAR_ELEMENT_TARGET_URL`, `APP_BAR_ELEMENT_CUSTOM_CLASS`, `SECURITY_PERMISSION_ID`, `IS_DISPLAY_ELEMENT_DATA`, `ELEMENT_KEY`, `CREATED_BY`, `MODIFIED_BY`, `IS_APPROVED_BY`, `APPROVED_DATE`, `CREATED_ON`, `MODIFIED_ON`, `LAST_UPDATED_STAMP`, `LAST_UPDATED_TX_STAMP`, `CREATED_STAMP`, `CREATED_TX_STAMP`) VALUES ('ACCOUNT_KPI_BAR', 'KPI', '10013', 14, '# Days since last call', '# Days since last call', 'Y', NULL, 'N', NULL, NULL, NULL, NULL, 'R', NULL, NULL, 'ab-act-row text-dark left-icones ', NULL, NULL, 'noOfDaySinceLastCall', 'admin', 'admin', 'admin', '2020-06-24 19:11:44', '2020-06-24 19:11:44', '2020-06-24 19:11:44', '2020-06-24 19:11:44', '2020-06-24 19:11:44', '2020-06-24 19:11:44', '2020-06-24 19:11:44');
REPLACE INTO `app_bar_elements` (`APP_BAR_ID`, `APP_BAR_TYPE_ID`, `APP_BAR_ELEMENT_ID`, `APP_BAR_ELEMENT_SEQ_NUM`, `APP_BAR_ELEMENT_NAME`, `APP_BAR_ELEMENT_UILABEL`, `APP_BAR_ELEMENT_ACTIVE`, `APP_BAR_ELEMENT_SERVICE_NAME`, `APP_BAR_ELEMENT_NOLABEL`, `APP_BAR_ELEMENT_ICON_URL`, `APP_BAR_ELEMENT_FAV_ICON`, `APP_BAR_ELEMENT_COLOR`, `APP_BAR_ELEMENT_MAX_LEN`, `APP_BAR_ELEMENT_POSITION`, `APP_BAR_ELEMENT_TYPE`, `APP_BAR_ELEMENT_TARGET_URL`, `APP_BAR_ELEMENT_CUSTOM_CLASS`, `SECURITY_PERMISSION_ID`, `IS_DISPLAY_ELEMENT_DATA`, `ELEMENT_KEY`, `CREATED_BY`, `MODIFIED_BY`, `IS_APPROVED_BY`, `APPROVED_DATE`, `CREATED_ON`, `MODIFIED_ON`, `LAST_UPDATED_STAMP`, `LAST_UPDATED_TX_STAMP`, `CREATED_STAMP`, `CREATED_TX_STAMP`) VALUES ('ACCOUNT_KPI_BAR', 'KPI', '10014', 15, 'Last Clicked Email', 'Last Clicked Email', 'Y', NULL, 'N', NULL, NULL, NULL, NULL, 'R', NULL, NULL, 'ab-act-row text-dark left-icones ', NULL, NULL, 'lastClickedEmail', 'admin', 'admin', 'admin', '2020-06-24 19:11:44', '2020-06-24 19:11:44', '2020-06-24 19:11:44', '2020-06-24 19:11:44', '2020-06-24 19:11:44', '2020-06-24 19:11:44', '2020-06-24 19:11:44');
REPLACE INTO `app_bar_elements` (`APP_BAR_ID`, `APP_BAR_TYPE_ID`, `APP_BAR_ELEMENT_ID`, `APP_BAR_ELEMENT_SEQ_NUM`, `APP_BAR_ELEMENT_NAME`, `APP_BAR_ELEMENT_UILABEL`, `APP_BAR_ELEMENT_ACTIVE`, `APP_BAR_ELEMENT_SERVICE_NAME`, `APP_BAR_ELEMENT_NOLABEL`, `APP_BAR_ELEMENT_ICON_URL`, `APP_BAR_ELEMENT_FAV_ICON`, `APP_BAR_ELEMENT_COLOR`, `APP_BAR_ELEMENT_MAX_LEN`, `APP_BAR_ELEMENT_POSITION`, `APP_BAR_ELEMENT_TYPE`, `APP_BAR_ELEMENT_TARGET_URL`, `APP_BAR_ELEMENT_CUSTOM_CLASS`, `SECURITY_PERMISSION_ID`, `IS_DISPLAY_ELEMENT_DATA`, `ELEMENT_KEY`, `CREATED_BY`, `MODIFIED_BY`, `IS_APPROVED_BY`, `APPROVED_DATE`, `CREATED_ON`, `MODIFIED_ON`, `LAST_UPDATED_STAMP`, `LAST_UPDATED_TX_STAMP`, `CREATED_STAMP`, `CREATED_TX_STAMP`) VALUES ('ACCOUNT_KPI_BAR', 'KPI', '10015', 16, 'Last Open Email', 'Last Open Email', 'Y', NULL, 'N', NULL, NULL, NULL, NULL, 'R', NULL, NULL, 'ab-act-row text-dark left-icones ', NULL, NULL, 'lastOpenedEmail', 'admin', 'admin', 'admin', '2020-06-24 19:11:44', '2020-06-24 19:11:44', '2020-06-24 19:11:44', '2020-06-24 19:11:44', '2020-06-24 19:11:44', '2020-06-24 19:11:44', '2020-06-24 19:11:44');
REPLACE INTO `app_bar_elements` (`APP_BAR_ID`, `APP_BAR_TYPE_ID`, `APP_BAR_ELEMENT_ID`, `APP_BAR_ELEMENT_SEQ_NUM`, `APP_BAR_ELEMENT_NAME`, `APP_BAR_ELEMENT_UILABEL`, `APP_BAR_ELEMENT_ACTIVE`, `APP_BAR_ELEMENT_SERVICE_NAME`, `APP_BAR_ELEMENT_NOLABEL`, `APP_BAR_ELEMENT_ICON_URL`, `APP_BAR_ELEMENT_FAV_ICON`, `APP_BAR_ELEMENT_COLOR`, `APP_BAR_ELEMENT_MAX_LEN`, `APP_BAR_ELEMENT_POSITION`, `APP_BAR_ELEMENT_TYPE`, `APP_BAR_ELEMENT_TARGET_URL`, `APP_BAR_ELEMENT_CUSTOM_CLASS`, `SECURITY_PERMISSION_ID`, `IS_DISPLAY_ELEMENT_DATA`, `ELEMENT_KEY`, `CREATED_BY`, `MODIFIED_BY`, `IS_APPROVED_BY`, `APPROVED_DATE`, `CREATED_ON`, `MODIFIED_ON`, `LAST_UPDATED_STAMP`, `LAST_UPDATED_TX_STAMP`, `CREATED_STAMP`, `CREATED_TX_STAMP`) VALUES ('ACCOUNT_KPI_BAR', 'KPI', '10016', 17, 'No of Appointments in coming 7 Days', 'No of Appointments in coming 7 Days', 'Y', NULL, 'N', NULL, NULL, NULL, NULL, 'R', NULL, NULL, 'ab-act-row text-dark left-icones ', NULL, NULL, 'noOfAppoSevenDays', 'admin', 'admin', 'admin', '2020-06-24 19:11:44', '2020-06-24 19:11:44', '2020-06-24 19:11:44', '2020-06-24 19:11:44', '2020-06-24 19:11:44', '2020-06-24 19:11:44', '2020-06-24 19:11:44');
REPLACE INTO `app_bar_elements` (`APP_BAR_ID`, `APP_BAR_TYPE_ID`, `APP_BAR_ELEMENT_ID`, `APP_BAR_ELEMENT_SEQ_NUM`, `APP_BAR_ELEMENT_NAME`, `APP_BAR_ELEMENT_UILABEL`, `APP_BAR_ELEMENT_ACTIVE`, `APP_BAR_ELEMENT_SERVICE_NAME`, `APP_BAR_ELEMENT_NOLABEL`, `APP_BAR_ELEMENT_ICON_URL`, `APP_BAR_ELEMENT_FAV_ICON`, `APP_BAR_ELEMENT_COLOR`, `APP_BAR_ELEMENT_MAX_LEN`, `APP_BAR_ELEMENT_POSITION`, `APP_BAR_ELEMENT_TYPE`, `APP_BAR_ELEMENT_TARGET_URL`, `APP_BAR_ELEMENT_CUSTOM_CLASS`, `SECURITY_PERMISSION_ID`, `IS_DISPLAY_ELEMENT_DATA`, `ELEMENT_KEY`, `CREATED_BY`, `MODIFIED_BY`, `IS_APPROVED_BY`, `APPROVED_DATE`, `CREATED_ON`, `MODIFIED_ON`, `LAST_UPDATED_STAMP`, `LAST_UPDATED_TX_STAMP`, `CREATED_STAMP`, `CREATED_TX_STAMP`) VALUES ('CONTACT_KPI_BAR', 'KPI', '10000', 1, 'Contact KPI 1', 'Contact KPI 1', 'Y', NULL, 'N', NULL, NULL, NULL, NULL, 'L', NULL, NULL, 'ab-act-row text-dark left-icones ', NULL, NULL, NULL, 'admin', 'admin', 'admin', '2020-06-24 19:11:44', '2020-06-24 19:11:44', '2020-06-24 19:11:44', '2020-06-24 19:11:44', '2020-06-24 19:11:44', '2020-06-24 19:11:44', '2020-06-24 19:11:44');
REPLACE INTO `app_bar_elements` (`APP_BAR_ID`, `APP_BAR_TYPE_ID`, `APP_BAR_ELEMENT_ID`, `APP_BAR_ELEMENT_SEQ_NUM`, `APP_BAR_ELEMENT_NAME`, `APP_BAR_ELEMENT_UILABEL`, `APP_BAR_ELEMENT_ACTIVE`, `APP_BAR_ELEMENT_SERVICE_NAME`, `APP_BAR_ELEMENT_NOLABEL`, `APP_BAR_ELEMENT_ICON_URL`, `APP_BAR_ELEMENT_FAV_ICON`, `APP_BAR_ELEMENT_COLOR`, `APP_BAR_ELEMENT_MAX_LEN`, `APP_BAR_ELEMENT_POSITION`, `APP_BAR_ELEMENT_TYPE`, `APP_BAR_ELEMENT_TARGET_URL`, `APP_BAR_ELEMENT_CUSTOM_CLASS`, `SECURITY_PERMISSION_ID`, `IS_DISPLAY_ELEMENT_DATA`, `ELEMENT_KEY`, `CREATED_BY`, `MODIFIED_BY`, `IS_APPROVED_BY`, `APPROVED_DATE`, `CREATED_ON`, `MODIFIED_ON`, `LAST_UPDATED_STAMP`, `LAST_UPDATED_TX_STAMP`, `CREATED_STAMP`, `CREATED_TX_STAMP`) VALUES ('CONTACT_KPI_BAR', 'KPI', '10001', 2, 'Contact KPI 2', 'Contact KPI 2', 'Y', NULL, 'N', NULL, NULL, NULL, NULL, 'L', NULL, NULL, 'ab-act-row text-dark left-icones ', NULL, NULL, NULL, 'admin', 'admin', 'admin', '2020-06-24 19:11:44', '2020-06-24 19:11:44', '2020-06-24 19:11:44', '2020-06-24 19:11:44', '2020-06-24 19:11:44', '2020-06-24 19:11:44', '2020-06-24 19:11:44');
REPLACE INTO `app_bar_elements` (`APP_BAR_ID`, `APP_BAR_TYPE_ID`, `APP_BAR_ELEMENT_ID`, `APP_BAR_ELEMENT_SEQ_NUM`, `APP_BAR_ELEMENT_NAME`, `APP_BAR_ELEMENT_UILABEL`, `APP_BAR_ELEMENT_ACTIVE`, `APP_BAR_ELEMENT_SERVICE_NAME`, `APP_BAR_ELEMENT_NOLABEL`, `APP_BAR_ELEMENT_ICON_URL`, `APP_BAR_ELEMENT_FAV_ICON`, `APP_BAR_ELEMENT_COLOR`, `APP_BAR_ELEMENT_MAX_LEN`, `APP_BAR_ELEMENT_POSITION`, `APP_BAR_ELEMENT_TYPE`, `APP_BAR_ELEMENT_TARGET_URL`, `APP_BAR_ELEMENT_CUSTOM_CLASS`, `SECURITY_PERMISSION_ID`, `IS_DISPLAY_ELEMENT_DATA`, `ELEMENT_KEY`, `CREATED_BY`, `MODIFIED_BY`, `IS_APPROVED_BY`, `APPROVED_DATE`, `CREATED_ON`, `MODIFIED_ON`, `LAST_UPDATED_STAMP`, `LAST_UPDATED_TX_STAMP`, `CREATED_STAMP`, `CREATED_TX_STAMP`) VALUES ('CONTACT_KPI_BAR', 'KPI', '10002', 3, 'Contact KPI 3', 'Contact KPI 3', 'Y', NULL, 'N', NULL, NULL, NULL, NULL, 'L', NULL, NULL, 'ab-act-row text-dark left-icones ', NULL, NULL, NULL, 'admin', 'admin', 'admin', '2020-06-24 19:11:44', '2020-06-24 19:11:44', '2020-06-24 19:11:44', '2020-06-24 19:11:44', '2020-06-24 19:11:44', '2020-06-24 19:11:44', '2020-06-24 19:11:44');
REPLACE INTO `app_bar_elements` (`APP_BAR_ID`, `APP_BAR_TYPE_ID`, `APP_BAR_ELEMENT_ID`, `APP_BAR_ELEMENT_SEQ_NUM`, `APP_BAR_ELEMENT_NAME`, `APP_BAR_ELEMENT_UILABEL`, `APP_BAR_ELEMENT_ACTIVE`, `APP_BAR_ELEMENT_SERVICE_NAME`, `APP_BAR_ELEMENT_NOLABEL`, `APP_BAR_ELEMENT_ICON_URL`, `APP_BAR_ELEMENT_FAV_ICON`, `APP_BAR_ELEMENT_COLOR`, `APP_BAR_ELEMENT_MAX_LEN`, `APP_BAR_ELEMENT_POSITION`, `APP_BAR_ELEMENT_TYPE`, `APP_BAR_ELEMENT_TARGET_URL`, `APP_BAR_ELEMENT_CUSTOM_CLASS`, `SECURITY_PERMISSION_ID`, `IS_DISPLAY_ELEMENT_DATA`, `ELEMENT_KEY`, `CREATED_BY`, `MODIFIED_BY`, `IS_APPROVED_BY`, `APPROVED_DATE`, `CREATED_ON`, `MODIFIED_ON`, `LAST_UPDATED_STAMP`, `LAST_UPDATED_TX_STAMP`, `CREATED_STAMP`, `CREATED_TX_STAMP`) VALUES ('CONTACT_KPI_BAR', 'KPI', '10003', 4, 'Contact KPI 4', 'Contact KPI 4', 'Y', NULL, 'N', NULL, NULL, NULL, NULL, 'L', NULL, NULL, 'ab-act-row text-dark left-icones ', NULL, NULL, NULL, 'admin', 'admin', 'admin', '2020-06-24 19:11:44', '2020-06-24 19:11:44', '2020-06-24 19:11:44', '2020-06-24 19:11:44', '2020-06-24 19:11:44', '2020-06-24 19:11:44', '2020-06-24 19:11:44');
REPLACE INTO `app_bar_elements` (`APP_BAR_ID`, `APP_BAR_TYPE_ID`, `APP_BAR_ELEMENT_ID`, `APP_BAR_ELEMENT_SEQ_NUM`, `APP_BAR_ELEMENT_NAME`, `APP_BAR_ELEMENT_UILABEL`, `APP_BAR_ELEMENT_ACTIVE`, `APP_BAR_ELEMENT_SERVICE_NAME`, `APP_BAR_ELEMENT_NOLABEL`, `APP_BAR_ELEMENT_ICON_URL`, `APP_BAR_ELEMENT_FAV_ICON`, `APP_BAR_ELEMENT_COLOR`, `APP_BAR_ELEMENT_MAX_LEN`, `APP_BAR_ELEMENT_POSITION`, `APP_BAR_ELEMENT_TYPE`, `APP_BAR_ELEMENT_TARGET_URL`, `APP_BAR_ELEMENT_CUSTOM_CLASS`, `SECURITY_PERMISSION_ID`, `IS_DISPLAY_ELEMENT_DATA`, `ELEMENT_KEY`, `CREATED_BY`, `MODIFIED_BY`, `IS_APPROVED_BY`, `APPROVED_DATE`, `CREATED_ON`, `MODIFIED_ON`, `LAST_UPDATED_STAMP`, `LAST_UPDATED_TX_STAMP`, `CREATED_STAMP`, `CREATED_TX_STAMP`) VALUES ('CONTACT_KPI_BAR', 'KPI', '10004', 6, 'Contact KPI 5', 'Contact KPI 5', 'Y', NULL, 'N', NULL, NULL, NULL, NULL, 'R', NULL, NULL, 'ab-act-row text-dark left-icones ', NULL, NULL, NULL, 'admin', 'admin', 'admin', '2020-06-24 19:11:44', '2020-06-24 19:11:44', '2020-06-24 19:11:44', '2020-06-24 19:11:44', '2020-06-24 19:11:44', '2020-06-24 19:11:44', '2020-06-24 19:11:44');
REPLACE INTO `app_bar_elements` (`APP_BAR_ID`, `APP_BAR_TYPE_ID`, `APP_BAR_ELEMENT_ID`, `APP_BAR_ELEMENT_SEQ_NUM`, `APP_BAR_ELEMENT_NAME`, `APP_BAR_ELEMENT_UILABEL`, `APP_BAR_ELEMENT_ACTIVE`, `APP_BAR_ELEMENT_SERVICE_NAME`, `APP_BAR_ELEMENT_NOLABEL`, `APP_BAR_ELEMENT_ICON_URL`, `APP_BAR_ELEMENT_FAV_ICON`, `APP_BAR_ELEMENT_COLOR`, `APP_BAR_ELEMENT_MAX_LEN`, `APP_BAR_ELEMENT_POSITION`, `APP_BAR_ELEMENT_TYPE`, `APP_BAR_ELEMENT_TARGET_URL`, `APP_BAR_ELEMENT_CUSTOM_CLASS`, `SECURITY_PERMISSION_ID`, `IS_DISPLAY_ELEMENT_DATA`, `ELEMENT_KEY`, `CREATED_BY`, `MODIFIED_BY`, `IS_APPROVED_BY`, `APPROVED_DATE`, `CREATED_ON`, `MODIFIED_ON`, `LAST_UPDATED_STAMP`, `LAST_UPDATED_TX_STAMP`, `CREATED_STAMP`, `CREATED_TX_STAMP`) VALUES ('CONTACT_KPI_BAR', 'KPI', '10005', 5, 'Contact KPI 6', 'Contact KPI 6', 'Y', NULL, 'N', NULL, NULL, NULL, NULL, 'R', NULL, NULL, 'ab-act-row text-dark left-icones ', NULL, NULL, NULL, 'admin', 'admin', 'admin', '2020-06-24 19:11:44', '2020-06-24 19:11:44', '2020-06-24 19:11:44', '2020-06-24 19:11:44', '2020-06-24 19:11:44', '2020-06-24 19:11:44', '2020-06-24 19:11:44');

-- Grid Instance --
REPLACE INTO `grid_user_preferences` (`INSTANCE_ID`, `USER_ID`, `ROLE`, `USER_ROLE_ACCESS`, `DESCRIPTION`, `MODE`, `NAME`, `APPLIED_REQUEST_URL`, `DATACREATE`, `DATAREMOVE`, `DATAUPDATE`, `APPLIED_REQUEST_VERB`, `APPLIED_REQUEST_BODY_J_S_O_N`, `GRID_OPTIONS_JS_STRING`, `LAST_UPDATED_STAMP`, `LAST_UPDATED_TX_STAMP`, `CREATED_STAMP`, `CREATED_TX_STAMP`) VALUES ('APP_BAR_ELEMENTS', 'admin', 'ADMIN', NULL, 'App Bar Elements', NULL, 'App Bar Elements', '/appbar-portal/control/getAppBarElements', NULL, NULL, NULL, 'post', NULL, '{\r\n	defaultColDef : {\r\n			filter : true,\r\n			sortable : true,\r\n			resizable : true,\r\n			editable : true\r\n		},\r\n	"columnDefs": [{\r\n		"headerName": "App Bar Element Name",\r\n		"field": "appBarElementName",\r\n		"editable": true,\r\n		"cellEditor": null,\r\n		"lockPosition": true,\r\n		"cellRenderer": params => `<a href="updateAppBarElement?appBarId=${params.data.appBarId}&appBarTypeId=${params.data.appBarTypeId}&appBarElementId=${params.data.appBarElementId}">${params.value}</a>`\r\n	}, {\r\n		"headerName": "Sequence Id",\r\n		"field": "appBarElementSeqNum",\r\n		"editable": false,\r\n		"cellEditor": null,\r\n	}, {\r\n		"headerName": "Active",\r\n		"field": "appBarElementActive",\r\n		"editable": true,\r\n		"cellEditor" : "agTextCellEditor"\r\n	}, {\r\n		"headerName": "No Label",\r\n		"field": "appBarElementNolabel",\r\n		"editable": true,\r\n		"cellEditor": null\r\n	}, {\r\n		"headerName": "Element Position",\r\n		"field": "appBarElementPosition",\r\n		"editable": true,\r\n		"cellEditor": null\r\n	}, {\r\n		"headerName": "Element Type",\r\n		"field": "appBarElementType",\r\n		"editable": true,\r\n		"cellEditor": null\r\n	}, {\r\n		"headerName": "Target URL",\r\n		"field": "appBarElementTargetUrl",\r\n		"editable": true,\r\n		"cellEditor": null\r\n	}, {\r\n		"headerName": "Element Custom Class",\r\n		"field": "appBarElementCustomClass",\r\n		"editable": true,\r\n		"cellEditor": null\r\n	}, {\r\n		"headerName": "Security Permission",\r\n		"field": "securityPermissionId",\r\n		"editable": true,\r\n		"cellEditor": null\r\n	}, {\r\n		"headerName": "Is Display Element Data",\r\n		"field": "isDisplayElementData",\r\n		"editable": true,\r\n		"cellEditor": null\r\n	}, {\r\n		"headerName": "Created By",\r\n		"field": "createdBy",\r\n		"editable": true,\r\n		"cellEditor": null\r\n	}, {\r\n		"headerName": "Created On",\r\n		"field": "createdOn",\r\n		"editable": false,\r\n		"cellEditor": null\r\n	}, {\r\n		"headerName": "Modified By",\r\n		"field": "modifiedBy",\r\n		"editable": true,\r\n		"cellEditor": null\r\n	}, {\r\n		"headerName": "Modified On",\r\n		"field": "modifiedOn",\r\n		"editable": false,\r\n		"cellEditor": null,\r\n		"cellEditorParams": null\r\n	}],\r\n	"pagination": true,\r\n	"paginationPageSize": 10,\r\n	"filter": true,\r\n	"floatingFilter": true,\r\n	"domLayout": "autoHeight",\r\n	"stopEditingWhenGridLosesFocus": true,\r\n	"rowSelection": "multiple",\r\n	"custom":{"dataUniqueIdField":"appBarId"} \r\n}', '2020-07-02 15:16:10', '2020-07-02 15:16:10', '2020-06-29 18:56:59', '2020-06-29 18:56:59');
REPLACE INTO `grid_user_preferences` (`INSTANCE_ID`, `USER_ID`, `ROLE`, `USER_ROLE_ACCESS`, `DESCRIPTION`, `MODE`, `NAME`, `APPLIED_REQUEST_URL`, `DATACREATE`, `DATAREMOVE`, `DATAUPDATE`, `APPLIED_REQUEST_VERB`, `APPLIED_REQUEST_BODY_J_S_O_N`, `GRID_OPTIONS_JS_STRING`, `LAST_UPDATED_STAMP`, `LAST_UPDATED_TX_STAMP`, `CREATED_STAMP`, `CREATED_TX_STAMP`) VALUES ('APP_BAR_LIST', 'admin', 'ADMIN', NULL, 'App Bar List', NULL, 'App Bar List', '/appbar-portal/control/getAppBar', NULL, NULL, NULL, 'post', NULL, '{\r\n	"columnDefs": [\r\n	{\r\n		"headerName": "App Bar Name",\r\n		"field": "appBarName",\r\n		"editable": true,\r\n		"cellEditor": null,\r\n		"lockPosition": true,\r\n		"cellRenderer": params => `<a href="viewAppBar?appBarId=${params.data.appBarId}&appBarTypeId=${params.data.appBarTypeId}">${params.value}</a>`\r\n	}, {\r\n		"headerName": "App Bar Type Id",\r\n		"field": "appBarTypeId",\r\n		"filter": "agTextColumnFilter",\r\n		"editable": false\r\n	}, {\r\n		"headerName": "Status",\r\n		"field": "appBarStatus",\r\n		"filter": "agTextColumnFilter",\r\n		"editable": false\r\n	}, {\r\n		"headerName": "Direction",\r\n		"field": "appBarDirection",\r\n		"filter": "agTextColumnFilter",\r\n		"editable": false\r\n	}, {\r\n		"headerName": "Access Level",\r\n		"field": "appBarAccessLevel",\r\n		"filter": "agTextColumnFilter",\r\n		"editable": false\r\n	}, {\r\n		"headerName": "Data Level",\r\n		"field": "appBarDataLevel",\r\n		"filter": "agTextColumnFilter",\r\n		"editable": false\r\n	}, {\r\n		"headerName": "Last Updated On",\r\n		"field": "lastUpdatedTxStamp"\r\n	}],\r\n	"pagination": true,\r\n	"paginationPageSize": 10,\r\n	"filter": true,\r\n	"floatingFilter": true,\r\n	"domLayout": "autoHeight",\r\n	"custom": {\r\n		"dataUniqueIdField": "appBarId",\r\n		"rowSelection": "multiple",\r\n		"csvExportOptions": {\r\n			"fileName": "List_Of_App_Bar.csv",\r\n			"skipHeader": false\r\n		}\r\n	}\r\n}', '2020-07-02 08:51:02', '2020-07-02 08:51:02', '2020-07-01 19:10:05', '2020-07-01 19:10:05');
REPLACE INTO `grid_user_preferences` (`INSTANCE_ID`, `USER_ID`, `ROLE`, `USER_ROLE_ACCESS`, `DESCRIPTION`, `MODE`, `NAME`, `APPLIED_REQUEST_URL`, `DATACREATE`, `DATAREMOVE`, `DATAUPDATE`, `APPLIED_REQUEST_VERB`, `APPLIED_REQUEST_BODY_J_S_O_N`, `GRID_OPTIONS_JS_STRING`, `LAST_UPDATED_STAMP`, `LAST_UPDATED_TX_STAMP`, `CREATED_STAMP`, `CREATED_TX_STAMP`) VALUES ('UI_LABELS', 'admin', 'ADMIN', NULL, 'Application Ui Labels', NULL, 'Application Ui Labels', '/appbar-portal/control/getUiLabels', NULL, NULL, NULL, 'post', NULL, '{\r\n	"columnDefs": [\r\n	{\r\n		"headerName": "UI Label",\r\n		"field": "labelKey",\r\n		"editable": false,\r\n		"cellEditor": null,\r\n		"lockPosition": true,\r\n                "filter": "agTextColumnFilter",\r\n                "cellRenderer": params => `<a href="#" class="parentSet" onclick="setPickerWindowValue(\'${params.data.labelValue}\',\'${params.data.labelKey}\');">${params.value}</a>`\r\n	}, {\r\n		"headerName": "Label Name",\r\n		"field": "labelValue",\r\n		"filter": "agTextColumnFilter",\r\n		"editable": false\r\n	},],\r\n	"pagination": true,\r\n	"paginationPageSize": 10,\r\n	"filter": true,\r\n	"floatingFilter": true,\r\n	"domLayout": "autoHeight",\r\n	"custom": {\r\n		"dataUniqueIdField": "labelKey",\r\n		"rowSelection": "multiple",\r\n		"csvExportOptions": {\r\n			"fileName": "UI_Labels.csv",\r\n			"skipHeader": false\r\n		}\r\n	}\r\n}', '2020-07-03 01:01:51', '2020-07-03 01:01:51', '2020-07-03 00:15:19', '2020-07-03 00:15:19');


-- Menu --

REPLACE INTO `ofbiz_page_security` (`SEQ_ID`, `TAB_ID`, `PAGE_ID`, `REQUEST_URI`, `UI_LABELS`, `PERMISSION_ID`, `PAGE_TYPE`, `IS_EXTERNAL`, `IS_DISABLED`, `LAST_UPDATED_STAMP`, `LAST_UPDATED_TX_STAMP`, `CREATED_STAMP`, `CREATED_TX_STAMP`, `COMPONENT_ID`, `FAV_ICON`) VALUES ('1012', 'APP_BAR_STP', 'AB_FAB', NULL, 'Find App Bar', 'ADMPR', 'TAB', 'N', NULL, '2020-07-06 23:15:36', '2020-07-06 23:15:37', '2020-07-06 23:15:37', '2020-07-06 23:15:37', 'ADMIN_PORTAL', 'fa fa-cog');
REPLACE INTO `ofbiz_tab_security_shortcut` (`SEQ_ID`, `TAB_ID`, `PAGE_ID`, `SHORTCUT_ID`, `COMPONENT_ID`, `REQUEST_URI`, `UI_LABELS`, `PERMISSION_ID`, `PAGE_TYPE`, `IS_EXTERNAL`, `IS_DISABLED`, `LAST_UPDATED_STAMP`, `LAST_UPDATED_TX_STAMP`, `CREATED_STAMP`, `CREATED_TX_STAMP`, `PARENT_SHORTCUT_ID`, `FAV_ICON`) VALUES ('2001', 'APP_BAR_STP', 'findAppBar', 'AB_FAB', 'ADMIN_PORTAL', '/appbar-portal/control/findAppBar', 'Find App Bar', 'ADMPR', 'SHORTCUT', 'N', NULL, '2020-07-06 23:18:14', '2020-07-06 23:18:15', '2020-07-06 23:18:15', '2020-07-06 23:18:15', NULL, 'fa fa-eye');




