INSERT INTO `dyna_screen_config` (`DYNA_CONFIG_ID`, `COMPONENT_MOUNT_POINT`, `LAYOUT_TYPE`, `SCREEN_WIDGET_NAME`, `SCREEN_DISPLAY_NAME`, `REQUEST_URI`, `SCREEN_SERVICE`, `IS_DIRECT_READ`, `JSON_OUTPUT`, `IS_DISABLED`, `SECURITY_GROUP_ID`, `FROM_DATE`, `THRU_DATE`, `CREATED_BY`, `DEFAULT_MESSAGE`, `LAST_MODIFIED_BY`, `IS_PRIMARY`, `LAST_UPDATED_STAMP`, `LAST_UPDATED_TX_STAMP`, `CREATED_STAMP`, `CREATED_TX_STAMP`) VALUES ('PARAM_ACT_PRNT', 'admin-portal', '1C', NULL, 'Activity parent configuration', NULL, NULL, NULL, NULL, 'N', 'SCRUM_PRODUCT_OWNER', '2020-02-11 00:00:00', NULL, 'admin', 'screen configuration in-progress', 'admin', 'Y', '2020-02-11 16:08:58', '2020-02-11 16:08:58', '2020-02-11 15:44:36', '2020-02-11 15:44:36');
INSERT INTO `dyna_screen_config` (`DYNA_CONFIG_ID`, `COMPONENT_MOUNT_POINT`, `LAYOUT_TYPE`, `SCREEN_WIDGET_NAME`, `SCREEN_DISPLAY_NAME`, `REQUEST_URI`, `SCREEN_SERVICE`, `IS_DIRECT_READ`, `JSON_OUTPUT`, `IS_DISABLED`, `SECURITY_GROUP_ID`, `FROM_DATE`, `THRU_DATE`, `CREATED_BY`, `DEFAULT_MESSAGE`, `LAST_MODIFIED_BY`, `IS_PRIMARY`, `LAST_UPDATED_STAMP`, `LAST_UPDATED_TX_STAMP`, `CREATED_STAMP`, `CREATED_TX_STAMP`) VALUES ('PARAM_ACT_SUB_TYP', 'admin-portal', '1C', NULL, 'Activity sub type configuration', NULL, NULL, NULL, NULL, 'N', 'SCRUM_PRODUCT_OWNER', '2020-02-10 00:00:00', NULL, 'admin', 'screen configuration in-progress', 'admin', 'Y', '2020-02-10 11:41:53', '2020-02-10 11:41:53', '2020-02-10 10:10:41', '2020-02-10 10:10:41');
INSERT INTO `dyna_screen_config` (`DYNA_CONFIG_ID`, `COMPONENT_MOUNT_POINT`, `LAYOUT_TYPE`, `SCREEN_WIDGET_NAME`, `SCREEN_DISPLAY_NAME`, `REQUEST_URI`, `SCREEN_SERVICE`, `IS_DIRECT_READ`, `JSON_OUTPUT`, `IS_DISABLED`, `SECURITY_GROUP_ID`, `FROM_DATE`, `THRU_DATE`, `CREATED_BY`, `DEFAULT_MESSAGE`, `LAST_MODIFIED_BY`, `IS_PRIMARY`, `LAST_UPDATED_STAMP`, `LAST_UPDATED_TX_STAMP`, `CREATED_STAMP`, `CREATED_TX_STAMP`) VALUES ('PARAM_ACT_TYP', 'admin-portal', '1C', NULL, 'Activity type configuration', NULL, NULL, NULL, NULL, 'N', 'SCRUM_PRODUCT_OWNER', '2020-02-11 00:00:00', NULL, 'admin', 'screen configuration in-progress', 'admin', 'Y', '2020-02-11 16:39:06', '2020-02-11 16:39:06', '2020-02-11 16:35:59', '2020-02-11 16:35:59');
INSERT INTO `dyna_screen_config` (`DYNA_CONFIG_ID`, `COMPONENT_MOUNT_POINT`, `LAYOUT_TYPE`, `SCREEN_WIDGET_NAME`, `SCREEN_DISPLAY_NAME`, `REQUEST_URI`, `SCREEN_SERVICE`, `IS_DIRECT_READ`, `JSON_OUTPUT`, `IS_DISABLED`, `SECURITY_GROUP_ID`, `FROM_DATE`, `THRU_DATE`, `CREATED_BY`, `DEFAULT_MESSAGE`, `LAST_MODIFIED_BY`, `IS_PRIMARY`, `LAST_UPDATED_STAMP`, `LAST_UPDATED_TX_STAMP`, `CREATED_STAMP`, `CREATED_TX_STAMP`) VALUES ('PARAM_ALT_CAT', 'admin-portal', '2C', NULL, 'Alart Category configuration', NULL, NULL, NULL, NULL, 'N', 'SCRUM_PRODUCT_OWNER', '2020-02-11 00:00:00', NULL, 'admin', 'screen configuration in-progress', 'admin', 'Y', '2020-02-11 20:29:42', '2020-02-11 20:29:42', '2020-02-11 20:11:07', '2020-02-11 20:11:07');
INSERT INTO `dyna_screen_config` (`DYNA_CONFIG_ID`, `COMPONENT_MOUNT_POINT`, `LAYOUT_TYPE`, `SCREEN_WIDGET_NAME`, `SCREEN_DISPLAY_NAME`, `REQUEST_URI`, `SCREEN_SERVICE`, `IS_DIRECT_READ`, `JSON_OUTPUT`, `IS_DISABLED`, `SECURITY_GROUP_ID`, `FROM_DATE`, `THRU_DATE`, `CREATED_BY`, `DEFAULT_MESSAGE`, `LAST_MODIFIED_BY`, `IS_PRIMARY`, `LAST_UPDATED_STAMP`, `LAST_UPDATED_TX_STAMP`, `CREATED_STAMP`, `CREATED_TX_STAMP`) VALUES ('PARAM_CAL_NW_DAY', 'admin-portal', '2C', NULL, 'Calendar non working day configuration', NULL, NULL, NULL, NULL, 'N', 'SCRUM_PRODUCT_OWNER', '2020-02-11 00:00:00', NULL, 'admin', 'screen configuration in-progress', 'admin', 'Y', '2020-02-11 21:03:38', '2020-02-11 21:03:38', '2020-02-11 20:56:05', '2020-02-11 20:56:05');
INSERT INTO `dyna_screen_config` (`DYNA_CONFIG_ID`, `COMPONENT_MOUNT_POINT`, `LAYOUT_TYPE`, `SCREEN_WIDGET_NAME`, `SCREEN_DISPLAY_NAME`, `REQUEST_URI`, `SCREEN_SERVICE`, `IS_DIRECT_READ`, `JSON_OUTPUT`, `IS_DISABLED`, `SECURITY_GROUP_ID`, `FROM_DATE`, `THRU_DATE`, `CREATED_BY`, `DEFAULT_MESSAGE`, `LAST_MODIFIED_BY`, `IS_PRIMARY`, `LAST_UPDATED_STAMP`, `LAST_UPDATED_TX_STAMP`, `CREATED_STAMP`, `CREATED_TX_STAMP`) VALUES ('PARAM_SLA_STP', 'admin-portal', '2C', NULL, 'SLA Setup configuration', NULL, NULL, NULL, NULL, 'N', 'SCRUM_PRODUCT_OWNER', '2020-02-11 00:00:00', NULL, 'admin', 'screen configuration in-progress', 'admin', 'Y', '2020-02-11 19:07:55', '2020-02-11 19:07:55', '2020-02-11 18:38:50', '2020-02-11 18:38:50');
INSERT INTO `dyna_screen_config` (`DYNA_CONFIG_ID`, `COMPONENT_MOUNT_POINT`, `LAYOUT_TYPE`, `SCREEN_WIDGET_NAME`, `SCREEN_DISPLAY_NAME`, `REQUEST_URI`, `SCREEN_SERVICE`, `IS_DIRECT_READ`, `JSON_OUTPUT`, `IS_DISABLED`, `SECURITY_GROUP_ID`, `FROM_DATE`, `THRU_DATE`, `CREATED_BY`, `DEFAULT_MESSAGE`, `LAST_MODIFIED_BY`, `IS_PRIMARY`, `LAST_UPDATED_STAMP`, `LAST_UPDATED_TX_STAMP`, `CREATED_STAMP`, `CREATED_TX_STAMP`) VALUES ('PARAM_SR_AREA', 'admin-portal', '1C', NULL, 'SR category configuration', NULL, NULL, NULL, NULL, 'N', 'SCRUM_PRODUCT_OWNER', '2020-02-10 00:00:00', NULL, 'admin', 'screen configuration in-progress', 'admin', 'Y', '2020-02-11 17:35:08', '2020-02-11 17:35:08', '2020-02-11 17:08:22', '2020-02-11 17:08:22');
INSERT INTO `dyna_screen_config` (`DYNA_CONFIG_ID`, `COMPONENT_MOUNT_POINT`, `LAYOUT_TYPE`, `SCREEN_WIDGET_NAME`, `SCREEN_DISPLAY_NAME`, `REQUEST_URI`, `SCREEN_SERVICE`, `IS_DIRECT_READ`, `JSON_OUTPUT`, `IS_DISABLED`, `SECURITY_GROUP_ID`, `FROM_DATE`, `THRU_DATE`, `CREATED_BY`, `DEFAULT_MESSAGE`, `LAST_MODIFIED_BY`, `IS_PRIMARY`, `LAST_UPDATED_STAMP`, `LAST_UPDATED_TX_STAMP`, `CREATED_STAMP`, `CREATED_TX_STAMP`) VALUES ('PARAM_SR_SUB_AREA', 'admin-portal', '1C', NULL, 'SR sub category configuration', NULL, NULL, NULL, NULL, 'N', 'SCRUM_PRODUCT_OWNER', '2020-02-11 00:00:00', NULL, 'admin', 'screen configuration in-progress', 'admin', 'Y', '2020-02-11 17:34:49', '2020-02-11 17:34:49', '2020-02-11 17:34:20', '2020-02-11 17:34:20');
INSERT INTO `dyna_screen_config` (`DYNA_CONFIG_ID`, `COMPONENT_MOUNT_POINT`, `LAYOUT_TYPE`, `SCREEN_WIDGET_NAME`, `SCREEN_DISPLAY_NAME`, `REQUEST_URI`, `SCREEN_SERVICE`, `IS_DIRECT_READ`, `JSON_OUTPUT`, `IS_DISABLED`, `SECURITY_GROUP_ID`, `FROM_DATE`, `THRU_DATE`, `CREATED_BY`, `DEFAULT_MESSAGE`, `LAST_MODIFIED_BY`, `IS_PRIMARY`, `LAST_UPDATED_STAMP`, `LAST_UPDATED_TX_STAMP`, `CREATED_STAMP`, `CREATED_TX_STAMP`) VALUES ('PARAM_SR_TYPE', 'admin-portal', '1C', NULL, 'SR type configuration', NULL, NULL, NULL, NULL, 'N', 'SCRUM_PRODUCT_OWNER', '2020-02-10 00:00:00', NULL, 'admin', 'screen configuration in-progress', 'admin', 'Y', '2020-02-10 22:29:27', '2020-02-10 22:29:27', '2020-02-10 09:27:55', '2020-02-10 09:27:55');
INSERT INTO `dyna_screen_config` (`DYNA_CONFIG_ID`, `COMPONENT_MOUNT_POINT`, `LAYOUT_TYPE`, `SCREEN_WIDGET_NAME`, `SCREEN_DISPLAY_NAME`, `REQUEST_URI`, `SCREEN_SERVICE`, `IS_DIRECT_READ`, `JSON_OUTPUT`, `IS_DISABLED`, `SECURITY_GROUP_ID`, `FROM_DATE`, `THRU_DATE`, `CREATED_BY`, `DEFAULT_MESSAGE`, `LAST_MODIFIED_BY`, `IS_PRIMARY`, `LAST_UPDATED_STAMP`, `LAST_UPDATED_TX_STAMP`, `CREATED_STAMP`, `CREATED_TX_STAMP`) VALUES ('TEST', 'admin-portal', '1C', NULL, 'Test 01', NULL, NULL, NULL, NULL, 'N', '', '2020-02-01 00:00:00', NULL, NULL, 'test default message', 'admin', 'Y', '2020-02-10 14:59:32', '2020-02-10 14:59:32', '2020-01-30 18:22:58', '2020-01-30 18:22:58');

INSERT INTO `dyna_screen_config_field` (`DYNA_CONFIG_ID`, `DYNA_FIELD_ID`, `DYNA_FIELD_FORM_ID`, `SEQUENCE_NUM`, `IS_DISABLED`, `FIELD_NAME`, `FIELD_TYPE`, `MAX_LENGTH`, `LOOKUP_TYPE_ID`, `LOOKUP_FIELD_SERVICE`, `LOOKUP_FIELD_SERVICE_URL`, `FIELD_DATA_PATTERN`, `IS_REQUIRED`, `IS_CREATE`, `IS_VIEW`, `IS_EDIT`, `FIELD_SERVICE`, `DEFAULT_VALUE`, `ROLE_TYPE_ID`, `LAST_UPDATED_STAMP`, `LAST_UPDATED_TX_STAMP`, `CREATED_STAMP`, `CREATED_TX_STAMP`, `PICKER_WINDOW_ID`, `LOOKUP_FIELD_FILTER`) VALUES ('PARAM_ACT_TYP', 'activityType', NULL, 2, 'N', 'ActivityType', 'TEXT', NULL, NULL, NULL, NULL, NULL, 'Y', 'Y', 'Y', 'Y', NULL, NULL, NULL, '2020-02-11 16:39:06', '2020-02-11 16:39:06', '2020-02-11 16:39:06', '2020-02-11 16:39:06', NULL, NULL);
INSERT INTO `dyna_screen_config_field` (`DYNA_CONFIG_ID`, `DYNA_FIELD_ID`, `DYNA_FIELD_FORM_ID`, `SEQUENCE_NUM`, `IS_DISABLED`, `FIELD_NAME`, `FIELD_TYPE`, `MAX_LENGTH`, `LOOKUP_TYPE_ID`, `LOOKUP_FIELD_SERVICE`, `LOOKUP_FIELD_SERVICE_URL`, `FIELD_DATA_PATTERN`, `IS_REQUIRED`, `IS_CREATE`, `IS_VIEW`, `IS_EDIT`, `FIELD_SERVICE`, `DEFAULT_VALUE`, `ROLE_TYPE_ID`, `LAST_UPDATED_STAMP`, `LAST_UPDATED_TX_STAMP`, `CREATED_STAMP`, `CREATED_TX_STAMP`, `PICKER_WINDOW_ID`, `LOOKUP_FIELD_FILTER`) VALUES ('PARAM_ACT_TYP', 'sequenceNumber', NULL, 4, 'N', 'SequenceNumber', 'NUMBER', NULL, NULL, NULL, NULL, NULL, 'N', 'Y', 'Y', 'Y', NULL, NULL, NULL, '2020-02-11 16:39:06', '2020-02-11 16:39:06', '2020-02-11 16:39:06', '2020-02-11 16:39:06', NULL, NULL);
INSERT INTO `dyna_screen_config_field` (`DYNA_CONFIG_ID`, `DYNA_FIELD_ID`, `DYNA_FIELD_FORM_ID`, `SEQUENCE_NUM`, `IS_DISABLED`, `FIELD_NAME`, `FIELD_TYPE`, `MAX_LENGTH`, `LOOKUP_TYPE_ID`, `LOOKUP_FIELD_SERVICE`, `LOOKUP_FIELD_SERVICE_URL`, `FIELD_DATA_PATTERN`, `IS_REQUIRED`, `IS_CREATE`, `IS_VIEW`, `IS_EDIT`, `FIELD_SERVICE`, `DEFAULT_VALUE`, `ROLE_TYPE_ID`, `LAST_UPDATED_STAMP`, `LAST_UPDATED_TX_STAMP`, `CREATED_STAMP`, `CREATED_TX_STAMP`, `PICKER_WINDOW_ID`, `LOOKUP_FIELD_FILTER`) VALUES ('PARAM_ALT_CAT', 'remarks', NULL, 8, 'N', 'Remarks', 'TEXT_AREA', NULL, NULL, NULL, NULL, NULL, 'N', 'Y', 'Y', 'Y', NULL, NULL, NULL, '2020-02-11 20:29:42', '2020-02-11 20:29:42', '2020-02-11 20:29:42', '2020-02-11 20:29:42', NULL, NULL);
INSERT INTO `dyna_screen_config_field` (`DYNA_CONFIG_ID`, `DYNA_FIELD_ID`, `DYNA_FIELD_FORM_ID`, `SEQUENCE_NUM`, `IS_DISABLED`, `FIELD_NAME`, `FIELD_TYPE`, `MAX_LENGTH`, `LOOKUP_TYPE_ID`, `LOOKUP_FIELD_SERVICE`, `LOOKUP_FIELD_SERVICE_URL`, `FIELD_DATA_PATTERN`, `IS_REQUIRED`, `IS_CREATE`, `IS_VIEW`, `IS_EDIT`, `FIELD_SERVICE`, `DEFAULT_VALUE`, `ROLE_TYPE_ID`, `LAST_UPDATED_STAMP`, `LAST_UPDATED_TX_STAMP`, `CREATED_STAMP`, `CREATED_TX_STAMP`, `PICKER_WINDOW_ID`, `LOOKUP_FIELD_FILTER`) VALUES ('PARAM_ALT_CAT', 'duration', NULL, 5, 'N', 'Duration', 'TEXT', NULL, 'STATIC_DATA', NULL, NULL, NULL, 'N', 'Y', 'Y', 'Y', NULL, NULL, NULL, '2020-02-11 20:29:42', '2020-02-11 20:29:42', '2020-02-11 20:29:42', '2020-02-11 20:29:42', NULL, NULL);
INSERT INTO `dyna_screen_config_field` (`DYNA_CONFIG_ID`, `DYNA_FIELD_ID`, `DYNA_FIELD_FORM_ID`, `SEQUENCE_NUM`, `IS_DISABLED`, `FIELD_NAME`, `FIELD_TYPE`, `MAX_LENGTH`, `LOOKUP_TYPE_ID`, `LOOKUP_FIELD_SERVICE`, `LOOKUP_FIELD_SERVICE_URL`, `FIELD_DATA_PATTERN`, `IS_REQUIRED`, `IS_CREATE`, `IS_VIEW`, `IS_EDIT`, `FIELD_SERVICE`, `DEFAULT_VALUE`, `ROLE_TYPE_ID`, `LAST_UPDATED_STAMP`, `LAST_UPDATED_TX_STAMP`, `CREATED_STAMP`, `CREATED_TX_STAMP`, `PICKER_WINDOW_ID`, `LOOKUP_FIELD_FILTER`) VALUES ('PARAM_ALT_CAT', 'alertName', NULL, 1, 'N', 'AlertName', 'TEXT', NULL, NULL, NULL, NULL, NULL, 'Y', 'Y', 'Y', 'Y', NULL, NULL, NULL, '2020-02-11 20:29:42', '2020-02-11 20:29:42', '2020-02-11 20:29:42', '2020-02-11 20:29:42', NULL, NULL);
INSERT INTO `dyna_screen_config_field` (`DYNA_CONFIG_ID`, `DYNA_FIELD_ID`, `DYNA_FIELD_FORM_ID`, `SEQUENCE_NUM`, `IS_DISABLED`, `FIELD_NAME`, `FIELD_TYPE`, `MAX_LENGTH`, `LOOKUP_TYPE_ID`, `LOOKUP_FIELD_SERVICE`, `LOOKUP_FIELD_SERVICE_URL`, `FIELD_DATA_PATTERN`, `IS_REQUIRED`, `IS_CREATE`, `IS_VIEW`, `IS_EDIT`, `FIELD_SERVICE`, `DEFAULT_VALUE`, `ROLE_TYPE_ID`, `LAST_UPDATED_STAMP`, `LAST_UPDATED_TX_STAMP`, `CREATED_STAMP`, `CREATED_TX_STAMP`, `PICKER_WINDOW_ID`, `LOOKUP_FIELD_FILTER`) VALUES ('PARAM_ALT_CAT', 'autoClosure', NULL, 4, 'N', 'AutoClosure', 'CHECK_BOX', NULL, NULL, NULL, NULL, NULL, 'N', 'Y', 'Y', 'Y', NULL, NULL, NULL, '2020-02-11 20:29:42', '2020-02-11 20:29:42', '2020-02-11 20:29:42', '2020-02-11 20:29:42', NULL, NULL);
INSERT INTO `dyna_screen_config_field` (`DYNA_CONFIG_ID`, `DYNA_FIELD_ID`, `DYNA_FIELD_FORM_ID`, `SEQUENCE_NUM`, `IS_DISABLED`, `FIELD_NAME`, `FIELD_TYPE`, `MAX_LENGTH`, `LOOKUP_TYPE_ID`, `LOOKUP_FIELD_SERVICE`, `LOOKUP_FIELD_SERVICE_URL`, `FIELD_DATA_PATTERN`, `IS_REQUIRED`, `IS_CREATE`, `IS_VIEW`, `IS_EDIT`, `FIELD_SERVICE`, `DEFAULT_VALUE`, `ROLE_TYPE_ID`, `LAST_UPDATED_STAMP`, `LAST_UPDATED_TX_STAMP`, `CREATED_STAMP`, `CREATED_TX_STAMP`, `PICKER_WINDOW_ID`, `LOOKUP_FIELD_FILTER`) VALUES ('PARAM_ALT_CAT', 'sequenceNumber', NULL, 6, 'N', 'SequenceNumber', 'NUMBER', NULL, NULL, NULL, NULL, NULL, 'N', 'Y', 'Y', 'Y', NULL, NULL, NULL, '2020-02-11 20:29:42', '2020-02-11 20:29:42', '2020-02-11 20:29:42', '2020-02-11 20:29:42', NULL, NULL);
INSERT INTO `dyna_screen_config_field` (`DYNA_CONFIG_ID`, `DYNA_FIELD_ID`, `DYNA_FIELD_FORM_ID`, `SEQUENCE_NUM`, `IS_DISABLED`, `FIELD_NAME`, `FIELD_TYPE`, `MAX_LENGTH`, `LOOKUP_TYPE_ID`, `LOOKUP_FIELD_SERVICE`, `LOOKUP_FIELD_SERVICE_URL`, `FIELD_DATA_PATTERN`, `IS_REQUIRED`, `IS_CREATE`, `IS_VIEW`, `IS_EDIT`, `FIELD_SERVICE`, `DEFAULT_VALUE`, `ROLE_TYPE_ID`, `LAST_UPDATED_STAMP`, `LAST_UPDATED_TX_STAMP`, `CREATED_STAMP`, `CREATED_TX_STAMP`, `PICKER_WINDOW_ID`, `LOOKUP_FIELD_FILTER`) VALUES ('PARAM_SLA_STP', 'status', NULL, 5, 'N', 'Status', 'DROPDOWN', NULL, 'STATIC_DATA', NULL, NULL, NULL, 'Y', 'Y', 'Y', 'Y', NULL, NULL, NULL, '2020-02-11 19:07:55', '2020-02-11 19:07:55', '2020-02-11 19:07:55', '2020-02-11 19:07:55', NULL, NULL);
INSERT INTO `dyna_screen_config_field` (`DYNA_CONFIG_ID`, `DYNA_FIELD_ID`, `DYNA_FIELD_FORM_ID`, `SEQUENCE_NUM`, `IS_DISABLED`, `FIELD_NAME`, `FIELD_TYPE`, `MAX_LENGTH`, `LOOKUP_TYPE_ID`, `LOOKUP_FIELD_SERVICE`, `LOOKUP_FIELD_SERVICE_URL`, `FIELD_DATA_PATTERN`, `IS_REQUIRED`, `IS_CREATE`, `IS_VIEW`, `IS_EDIT`, `FIELD_SERVICE`, `DEFAULT_VALUE`, `ROLE_TYPE_ID`, `LAST_UPDATED_STAMP`, `LAST_UPDATED_TX_STAMP`, `CREATED_STAMP`, `CREATED_TX_STAMP`, `PICKER_WINDOW_ID`, `LOOKUP_FIELD_FILTER`) VALUES ('PARAM_SLA_STP', 'srCategoryId', NULL, 2, 'N', 'SrCategory', 'DROPDOWN', NULL, NULL, NULL, NULL, NULL, 'Y', 'Y', 'Y', 'Y', NULL, NULL, NULL, '2020-02-11 19:07:55', '2020-02-11 19:07:55', '2020-02-11 19:07:55', '2020-02-11 19:07:55', NULL, NULL);
INSERT INTO `dyna_screen_config_field` (`DYNA_CONFIG_ID`, `DYNA_FIELD_ID`, `DYNA_FIELD_FORM_ID`, `SEQUENCE_NUM`, `IS_DISABLED`, `FIELD_NAME`, `FIELD_TYPE`, `MAX_LENGTH`, `LOOKUP_TYPE_ID`, `LOOKUP_FIELD_SERVICE`, `LOOKUP_FIELD_SERVICE_URL`, `FIELD_DATA_PATTERN`, `IS_REQUIRED`, `IS_CREATE`, `IS_VIEW`, `IS_EDIT`, `FIELD_SERVICE`, `DEFAULT_VALUE`, `ROLE_TYPE_ID`, `LAST_UPDATED_STAMP`, `LAST_UPDATED_TX_STAMP`, `CREATED_STAMP`, `CREATED_TX_STAMP`, `PICKER_WINDOW_ID`, `LOOKUP_FIELD_FILTER`) VALUES ('PARAM_SLA_STP', 'slaEscalation1', NULL, 8, 'N', 'FirstEscalationUnit', 'RADIO', NULL, 'STATIC_DATA', NULL, NULL, NULL, 'N', 'Y', 'Y', 'Y', NULL, NULL, NULL, '2020-02-11 19:07:55', '2020-02-11 19:07:55', '2020-02-11 19:07:55', '2020-02-11 19:07:55', NULL, NULL);
INSERT INTO `dyna_screen_config_field` (`DYNA_CONFIG_ID`, `DYNA_FIELD_ID`, `DYNA_FIELD_FORM_ID`, `SEQUENCE_NUM`, `IS_DISABLED`, `FIELD_NAME`, `FIELD_TYPE`, `MAX_LENGTH`, `LOOKUP_TYPE_ID`, `LOOKUP_FIELD_SERVICE`, `LOOKUP_FIELD_SERVICE_URL`, `FIELD_DATA_PATTERN`, `IS_REQUIRED`, `IS_CREATE`, `IS_VIEW`, `IS_EDIT`, `FIELD_SERVICE`, `DEFAULT_VALUE`, `ROLE_TYPE_ID`, `LAST_UPDATED_STAMP`, `LAST_UPDATED_TX_STAMP`, `CREATED_STAMP`, `CREATED_TX_STAMP`, `PICKER_WINDOW_ID`, `LOOKUP_FIELD_FILTER`) VALUES ('PARAM_SLA_STP', 'slaEscalation2', NULL, 10, 'N', 'SecondEscalationUnit', 'RADIO', NULL, 'STATIC_DATA', NULL, NULL, NULL, 'N', 'Y', 'Y', 'Y', NULL, NULL, NULL, '2020-02-11 19:07:55', '2020-02-11 19:07:55', '2020-02-11 19:07:55', '2020-02-11 19:07:55', NULL, NULL);
INSERT INTO `dyna_screen_config_field` (`DYNA_CONFIG_ID`, `DYNA_FIELD_ID`, `DYNA_FIELD_FORM_ID`, `SEQUENCE_NUM`, `IS_DISABLED`, `FIELD_NAME`, `FIELD_TYPE`, `MAX_LENGTH`, `LOOKUP_TYPE_ID`, `LOOKUP_FIELD_SERVICE`, `LOOKUP_FIELD_SERVICE_URL`, `FIELD_DATA_PATTERN`, `IS_REQUIRED`, `IS_CREATE`, `IS_VIEW`, `IS_EDIT`, `FIELD_SERVICE`, `DEFAULT_VALUE`, `ROLE_TYPE_ID`, `LAST_UPDATED_STAMP`, `LAST_UPDATED_TX_STAMP`, `CREATED_STAMP`, `CREATED_TX_STAMP`, `PICKER_WINDOW_ID`, `LOOKUP_FIELD_FILTER`) VALUES ('PARAM_SLA_STP', 'slaEscalation3', NULL, 12, 'N', 'ThirdEscalationUnit', 'RADIO', NULL, 'STATIC_DATA', NULL, NULL, NULL, 'N', 'Y', 'Y', 'Y', NULL, NULL, NULL, '2020-02-11 19:07:55', '2020-02-11 19:07:55', '2020-02-11 19:07:55', '2020-02-11 19:07:55', NULL, NULL);
INSERT INTO `dyna_screen_config_field` (`DYNA_CONFIG_ID`, `DYNA_FIELD_ID`, `DYNA_FIELD_FORM_ID`, `SEQUENCE_NUM`, `IS_DISABLED`, `FIELD_NAME`, `FIELD_TYPE`, `MAX_LENGTH`, `LOOKUP_TYPE_ID`, `LOOKUP_FIELD_SERVICE`, `LOOKUP_FIELD_SERVICE_URL`, `FIELD_DATA_PATTERN`, `IS_REQUIRED`, `IS_CREATE`, `IS_VIEW`, `IS_EDIT`, `FIELD_SERVICE`, `DEFAULT_VALUE`, `ROLE_TYPE_ID`, `LAST_UPDATED_STAMP`, `LAST_UPDATED_TX_STAMP`, `CREATED_STAMP`, `CREATED_TX_STAMP`, `PICKER_WINDOW_ID`, `LOOKUP_FIELD_FILTER`) VALUES ('PARAM_SLA_STP', 'escalationUnit1', NULL, 9, 'N', 'SlaForFirstEscalation', 'TEXT', NULL, NULL, NULL, NULL, NULL, 'N', 'Y', 'Y', 'Y', NULL, NULL, NULL, '2020-02-11 19:07:55', '2020-02-11 19:07:55', '2020-02-11 19:07:55', '2020-02-11 19:07:55', NULL, NULL);
INSERT INTO `dyna_screen_config_field` (`DYNA_CONFIG_ID`, `DYNA_FIELD_ID`, `DYNA_FIELD_FORM_ID`, `SEQUENCE_NUM`, `IS_DISABLED`, `FIELD_NAME`, `FIELD_TYPE`, `MAX_LENGTH`, `LOOKUP_TYPE_ID`, `LOOKUP_FIELD_SERVICE`, `LOOKUP_FIELD_SERVICE_URL`, `FIELD_DATA_PATTERN`, `IS_REQUIRED`, `IS_CREATE`, `IS_VIEW`, `IS_EDIT`, `FIELD_SERVICE`, `DEFAULT_VALUE`, `ROLE_TYPE_ID`, `LAST_UPDATED_STAMP`, `LAST_UPDATED_TX_STAMP`, `CREATED_STAMP`, `CREATED_TX_STAMP`, `PICKER_WINDOW_ID`, `LOOKUP_FIELD_FILTER`) VALUES ('PARAM_SLA_STP', 'escalationUnit2', NULL, 11, 'N', 'SlaForSecondEscalation', 'TEXT', NULL, NULL, NULL, NULL, NULL, 'N', 'Y', 'Y', 'Y', NULL, NULL, NULL, '2020-02-11 19:07:55', '2020-02-11 19:07:55', '2020-02-11 19:07:55', '2020-02-11 19:07:55', NULL, NULL);
INSERT INTO `dyna_screen_config_field` (`DYNA_CONFIG_ID`, `DYNA_FIELD_ID`, `DYNA_FIELD_FORM_ID`, `SEQUENCE_NUM`, `IS_DISABLED`, `FIELD_NAME`, `FIELD_TYPE`, `MAX_LENGTH`, `LOOKUP_TYPE_ID`, `LOOKUP_FIELD_SERVICE`, `LOOKUP_FIELD_SERVICE_URL`, `FIELD_DATA_PATTERN`, `IS_REQUIRED`, `IS_CREATE`, `IS_VIEW`, `IS_EDIT`, `FIELD_SERVICE`, `DEFAULT_VALUE`, `ROLE_TYPE_ID`, `LAST_UPDATED_STAMP`, `LAST_UPDATED_TX_STAMP`, `CREATED_STAMP`, `CREATED_TX_STAMP`, `PICKER_WINDOW_ID`, `LOOKUP_FIELD_FILTER`) VALUES ('PARAM_SLA_STP', 'escalationUnit3', NULL, 13, 'N', 'SlaForThirdEscalation', 'TEXT', NULL, NULL, NULL, NULL, NULL, 'N', 'Y', 'Y', 'Y', NULL, NULL, NULL, '2020-02-11 19:07:55', '2020-02-11 19:07:55', '2020-02-11 19:07:55', '2020-02-11 19:07:55', NULL, NULL);
INSERT INTO `dyna_screen_config_field` (`DYNA_CONFIG_ID`, `DYNA_FIELD_ID`, `DYNA_FIELD_FORM_ID`, `SEQUENCE_NUM`, `IS_DISABLED`, `FIELD_NAME`, `FIELD_TYPE`, `MAX_LENGTH`, `LOOKUP_TYPE_ID`, `LOOKUP_FIELD_SERVICE`, `LOOKUP_FIELD_SERVICE_URL`, `FIELD_DATA_PATTERN`, `IS_REQUIRED`, `IS_CREATE`, `IS_VIEW`, `IS_EDIT`, `FIELD_SERVICE`, `DEFAULT_VALUE`, `ROLE_TYPE_ID`, `LAST_UPDATED_STAMP`, `LAST_UPDATED_TX_STAMP`, `CREATED_STAMP`, `CREATED_TX_STAMP`, `PICKER_WINDOW_ID`, `LOOKUP_FIELD_FILTER`) VALUES ('PARAM_SLA_STP', 'slaSrResolution', NULL, 6, 'N', 'slaSrResolution', 'RADIO', NULL, 'STATIC_DATA', NULL, NULL, NULL, 'Y', 'Y', 'Y', 'Y', NULL, NULL, NULL, '2020-02-11 19:07:55', '2020-02-11 19:07:55', '2020-02-11 19:07:55', '2020-02-11 19:07:55', NULL, NULL);
INSERT INTO `dyna_screen_config_field` (`DYNA_CONFIG_ID`, `DYNA_FIELD_ID`, `DYNA_FIELD_FORM_ID`, `SEQUENCE_NUM`, `IS_DISABLED`, `FIELD_NAME`, `FIELD_TYPE`, `MAX_LENGTH`, `LOOKUP_TYPE_ID`, `LOOKUP_FIELD_SERVICE`, `LOOKUP_FIELD_SERVICE_URL`, `FIELD_DATA_PATTERN`, `IS_REQUIRED`, `IS_CREATE`, `IS_VIEW`, `IS_EDIT`, `FIELD_SERVICE`, `DEFAULT_VALUE`, `ROLE_TYPE_ID`, `LAST_UPDATED_STAMP`, `LAST_UPDATED_TX_STAMP`, `CREATED_STAMP`, `CREATED_TX_STAMP`, `PICKER_WINDOW_ID`, `LOOKUP_FIELD_FILTER`) VALUES ('PARAM_SLA_STP', 'srSubCategoryId', NULL, 3, 'N', 'SrSubCategory', 'DROPDOWN', NULL, NULL, NULL, NULL, NULL, 'Y', 'Y', 'Y', 'Y', NULL, NULL, NULL, '2020-02-11 19:07:55', '2020-02-11 19:07:55', '2020-02-11 19:07:55', '2020-02-11 19:07:55', NULL, NULL);
INSERT INTO `dyna_screen_config_field` (`DYNA_CONFIG_ID`, `DYNA_FIELD_ID`, `DYNA_FIELD_FORM_ID`, `SEQUENCE_NUM`, `IS_DISABLED`, `FIELD_NAME`, `FIELD_TYPE`, `MAX_LENGTH`, `LOOKUP_TYPE_ID`, `LOOKUP_FIELD_SERVICE`, `LOOKUP_FIELD_SERVICE_URL`, `FIELD_DATA_PATTERN`, `IS_REQUIRED`, `IS_CREATE`, `IS_VIEW`, `IS_EDIT`, `FIELD_SERVICE`, `DEFAULT_VALUE`, `ROLE_TYPE_ID`, `LAST_UPDATED_STAMP`, `LAST_UPDATED_TX_STAMP`, `CREATED_STAMP`, `CREATED_TX_STAMP`, `PICKER_WINDOW_ID`, `LOOKUP_FIELD_FILTER`) VALUES ('PARAM_SLA_STP', 'srResolutionUnit', NULL, 7, 'N', 'SlaForSrResolution', 'TEXT', NULL, NULL, NULL, NULL, NULL, 'Y', 'Y', 'Y', 'Y', NULL, NULL, NULL, '2020-02-11 19:07:55', '2020-02-11 19:07:55', '2020-02-11 19:07:55', '2020-02-11 19:07:55', NULL, NULL);
INSERT INTO `dyna_screen_config_field` (`DYNA_CONFIG_ID`, `DYNA_FIELD_ID`, `DYNA_FIELD_FORM_ID`, `SEQUENCE_NUM`, `IS_DISABLED`, `FIELD_NAME`, `FIELD_TYPE`, `MAX_LENGTH`, `LOOKUP_TYPE_ID`, `LOOKUP_FIELD_SERVICE`, `LOOKUP_FIELD_SERVICE_URL`, `FIELD_DATA_PATTERN`, `IS_REQUIRED`, `IS_CREATE`, `IS_VIEW`, `IS_EDIT`, `FIELD_SERVICE`, `DEFAULT_VALUE`, `ROLE_TYPE_ID`, `LAST_UPDATED_STAMP`, `LAST_UPDATED_TX_STAMP`, `CREATED_STAMP`, `CREATED_TX_STAMP`, `PICKER_WINDOW_ID`, `LOOKUP_FIELD_FILTER`) VALUES ('PARAM_SR_AREA', 'srArea', NULL, 2, 'N', 'SrCategory', 'TEXT', NULL, NULL, NULL, NULL, NULL, 'Y', 'Y', 'Y', 'Y', NULL, NULL, NULL, '2020-02-11 17:35:08', '2020-02-11 17:35:08', '2020-02-11 17:35:08', '2020-02-11 17:35:08', NULL, NULL);
INSERT INTO `dyna_screen_config_field` (`DYNA_CONFIG_ID`, `DYNA_FIELD_ID`, `DYNA_FIELD_FORM_ID`, `SEQUENCE_NUM`, `IS_DISABLED`, `FIELD_NAME`, `FIELD_TYPE`, `MAX_LENGTH`, `LOOKUP_TYPE_ID`, `LOOKUP_FIELD_SERVICE`, `LOOKUP_FIELD_SERVICE_URL`, `FIELD_DATA_PATTERN`, `IS_REQUIRED`, `IS_CREATE`, `IS_VIEW`, `IS_EDIT`, `FIELD_SERVICE`, `DEFAULT_VALUE`, `ROLE_TYPE_ID`, `LAST_UPDATED_STAMP`, `LAST_UPDATED_TX_STAMP`, `CREATED_STAMP`, `CREATED_TX_STAMP`, `PICKER_WINDOW_ID`, `LOOKUP_FIELD_FILTER`) VALUES ('PARAM_SR_AREA', 'sequenceNumber', NULL, 4, 'N', 'SequenceNumber', 'NUMBER', NULL, NULL, NULL, NULL, NULL, 'N', 'Y', 'Y', 'Y', NULL, NULL, NULL, '2020-02-11 17:35:08', '2020-02-11 17:35:08', '2020-02-11 17:35:08', '2020-02-11 17:35:08', NULL, NULL);
INSERT INTO `dyna_screen_config_field` (`DYNA_CONFIG_ID`, `DYNA_FIELD_ID`, `DYNA_FIELD_FORM_ID`, `SEQUENCE_NUM`, `IS_DISABLED`, `FIELD_NAME`, `FIELD_TYPE`, `MAX_LENGTH`, `LOOKUP_TYPE_ID`, `LOOKUP_FIELD_SERVICE`, `LOOKUP_FIELD_SERVICE_URL`, `FIELD_DATA_PATTERN`, `IS_REQUIRED`, `IS_CREATE`, `IS_VIEW`, `IS_EDIT`, `FIELD_SERVICE`, `DEFAULT_VALUE`, `ROLE_TYPE_ID`, `LAST_UPDATED_STAMP`, `LAST_UPDATED_TX_STAMP`, `CREATED_STAMP`, `CREATED_TX_STAMP`, `PICKER_WINDOW_ID`, `LOOKUP_FIELD_FILTER`) VALUES ('PARAM_SR_TYPE', 'srType', NULL, 1, 'N', 'SrType', 'TEXT', NULL, 'STATIC_DATA', NULL, NULL, NULL, 'Y', 'Y', 'Y', 'Y', NULL, NULL, NULL, '2020-02-10 22:29:27', '2020-02-10 22:29:27', '2020-02-10 22:29:27', '2020-02-10 22:29:27', NULL, NULL);
INSERT INTO `dyna_screen_config_field` (`DYNA_CONFIG_ID`, `DYNA_FIELD_ID`, `DYNA_FIELD_FORM_ID`, `SEQUENCE_NUM`, `IS_DISABLED`, `FIELD_NAME`, `FIELD_TYPE`, `MAX_LENGTH`, `LOOKUP_TYPE_ID`, `LOOKUP_FIELD_SERVICE`, `LOOKUP_FIELD_SERVICE_URL`, `FIELD_DATA_PATTERN`, `IS_REQUIRED`, `IS_CREATE`, `IS_VIEW`, `IS_EDIT`, `FIELD_SERVICE`, `DEFAULT_VALUE`, `ROLE_TYPE_ID`, `LAST_UPDATED_STAMP`, `LAST_UPDATED_TX_STAMP`, `CREATED_STAMP`, `CREATED_TX_STAMP`, `PICKER_WINDOW_ID`, `LOOKUP_FIELD_FILTER`) VALUES ('PARAM_SR_TYPE', 'status', NULL, 3, 'N', 'Status', 'DROPDOWN', NULL, 'STATIC_DATA', NULL, NULL, NULL, 'Y', 'Y', 'Y', 'Y', NULL, NULL, NULL, '2020-02-10 22:29:27', '2020-02-10 22:29:27', '2020-02-10 22:29:27', '2020-02-10 22:29:27', NULL, NULL);
INSERT INTO `dyna_screen_config_field` (`DYNA_CONFIG_ID`, `DYNA_FIELD_ID`, `DYNA_FIELD_FORM_ID`, `SEQUENCE_NUM`, `IS_DISABLED`, `FIELD_NAME`, `FIELD_TYPE`, `MAX_LENGTH`, `LOOKUP_TYPE_ID`, `LOOKUP_FIELD_SERVICE`, `LOOKUP_FIELD_SERVICE_URL`, `FIELD_DATA_PATTERN`, `IS_REQUIRED`, `IS_CREATE`, `IS_VIEW`, `IS_EDIT`, `FIELD_SERVICE`, `DEFAULT_VALUE`, `ROLE_TYPE_ID`, `LAST_UPDATED_STAMP`, `LAST_UPDATED_TX_STAMP`, `CREATED_STAMP`, `CREATED_TX_STAMP`, `PICKER_WINDOW_ID`, `LOOKUP_FIELD_FILTER`) VALUES ('PARAM_SR_TYPE', 'fromDate', NULL, 6, 'N', 'FromDate', 'DATE', NULL, NULL, NULL, NULL, NULL, 'N', 'Y', 'Y', 'Y', NULL, NULL, NULL, '2020-02-10 22:29:27', '2020-02-10 22:29:27', '2020-02-10 22:29:27', '2020-02-10 22:29:27', NULL, NULL);
INSERT INTO `dyna_screen_config_field` (`DYNA_CONFIG_ID`, `DYNA_FIELD_ID`, `DYNA_FIELD_FORM_ID`, `SEQUENCE_NUM`, `IS_DISABLED`, `FIELD_NAME`, `FIELD_TYPE`, `MAX_LENGTH`, `LOOKUP_TYPE_ID`, `LOOKUP_FIELD_SERVICE`, `LOOKUP_FIELD_SERVICE_URL`, `FIELD_DATA_PATTERN`, `IS_REQUIRED`, `IS_CREATE`, `IS_VIEW`, `IS_EDIT`, `FIELD_SERVICE`, `DEFAULT_VALUE`, `ROLE_TYPE_ID`, `LAST_UPDATED_STAMP`, `LAST_UPDATED_TX_STAMP`, `CREATED_STAMP`, `CREATED_TX_STAMP`, `PICKER_WINDOW_ID`, `LOOKUP_FIELD_FILTER`) VALUES ('PARAM_SR_TYPE', 'picker01', NULL, 4, 'N', 'picker01', 'PICKER', NULL, NULL, NULL, NULL, NULL, 'N', 'Y', 'Y', 'Y', NULL, NULL, NULL, '2020-02-10 22:29:27', '2020-02-10 22:29:27', '2020-02-10 22:29:27', '2020-02-10 22:29:27', 'testWindow01', NULL);
INSERT INTO `dyna_screen_config_field` (`DYNA_CONFIG_ID`, `DYNA_FIELD_ID`, `DYNA_FIELD_FORM_ID`, `SEQUENCE_NUM`, `IS_DISABLED`, `FIELD_NAME`, `FIELD_TYPE`, `MAX_LENGTH`, `LOOKUP_TYPE_ID`, `LOOKUP_FIELD_SERVICE`, `LOOKUP_FIELD_SERVICE_URL`, `FIELD_DATA_PATTERN`, `IS_REQUIRED`, `IS_CREATE`, `IS_VIEW`, `IS_EDIT`, `FIELD_SERVICE`, `DEFAULT_VALUE`, `ROLE_TYPE_ID`, `LAST_UPDATED_STAMP`, `LAST_UPDATED_TX_STAMP`, `CREATED_STAMP`, `CREATED_TX_STAMP`, `PICKER_WINDOW_ID`, `LOOKUP_FIELD_FILTER`) VALUES ('PARAM_SR_TYPE', 'status01', NULL, 5, 'N', 'Status_01', 'RADIO', NULL, 'STATIC_DATA', NULL, NULL, NULL, 'N', 'Y', 'Y', 'Y', NULL, NULL, NULL, '2020-02-10 22:29:27', '2020-02-10 22:29:27', '2020-02-10 22:29:27', '2020-02-10 22:29:27', NULL, NULL);
INSERT INTO `dyna_screen_config_field` (`DYNA_CONFIG_ID`, `DYNA_FIELD_ID`, `DYNA_FIELD_FORM_ID`, `SEQUENCE_NUM`, `IS_DISABLED`, `FIELD_NAME`, `FIELD_TYPE`, `MAX_LENGTH`, `LOOKUP_TYPE_ID`, `LOOKUP_FIELD_SERVICE`, `LOOKUP_FIELD_SERVICE_URL`, `FIELD_DATA_PATTERN`, `IS_REQUIRED`, `IS_CREATE`, `IS_VIEW`, `IS_EDIT`, `FIELD_SERVICE`, `DEFAULT_VALUE`, `ROLE_TYPE_ID`, `LAST_UPDATED_STAMP`, `LAST_UPDATED_TX_STAMP`, `CREATED_STAMP`, `CREATED_TX_STAMP`, `PICKER_WINDOW_ID`, `LOOKUP_FIELD_FILTER`) VALUES ('PARAM_SR_TYPE', 'sequenceNumber', NULL, 2, 'N', 'SequenceNumber', 'NUMBER', NULL, 'STATIC_DATA', NULL, NULL, NULL, 'N', 'Y', 'Y', 'Y', NULL, NULL, NULL, '2020-02-10 22:29:27', '2020-02-10 22:29:27', '2020-02-10 22:29:27', '2020-02-10 22:29:27', NULL, NULL);
INSERT INTO `dyna_screen_config_field` (`DYNA_CONFIG_ID`, `DYNA_FIELD_ID`, `DYNA_FIELD_FORM_ID`, `SEQUENCE_NUM`, `IS_DISABLED`, `FIELD_NAME`, `FIELD_TYPE`, `MAX_LENGTH`, `LOOKUP_TYPE_ID`, `LOOKUP_FIELD_SERVICE`, `LOOKUP_FIELD_SERVICE_URL`, `FIELD_DATA_PATTERN`, `IS_REQUIRED`, `IS_CREATE`, `IS_VIEW`, `IS_EDIT`, `FIELD_SERVICE`, `DEFAULT_VALUE`, `ROLE_TYPE_ID`, `LAST_UPDATED_STAMP`, `LAST_UPDATED_TX_STAMP`, `CREATED_STAMP`, `CREATED_TX_STAMP`, `PICKER_WINDOW_ID`, `LOOKUP_FIELD_FILTER`) VALUES ('PARAM_ACT_PRNT', 'activityParent', NULL, 1, 'N', 'ActivityParent', 'TEXT', NULL, NULL, NULL, NULL, NULL, 'Y', 'Y', 'Y', 'Y', NULL, NULL, NULL, '2020-02-11 16:08:58', '2020-02-11 16:08:58', '2020-02-11 16:08:58', '2020-02-11 16:08:58', NULL, NULL);
INSERT INTO `dyna_screen_config_field` (`DYNA_CONFIG_ID`, `DYNA_FIELD_ID`, `DYNA_FIELD_FORM_ID`, `SEQUENCE_NUM`, `IS_DISABLED`, `FIELD_NAME`, `FIELD_TYPE`, `MAX_LENGTH`, `LOOKUP_TYPE_ID`, `LOOKUP_FIELD_SERVICE`, `LOOKUP_FIELD_SERVICE_URL`, `FIELD_DATA_PATTERN`, `IS_REQUIRED`, `IS_CREATE`, `IS_VIEW`, `IS_EDIT`, `FIELD_SERVICE`, `DEFAULT_VALUE`, `ROLE_TYPE_ID`, `LAST_UPDATED_STAMP`, `LAST_UPDATED_TX_STAMP`, `CREATED_STAMP`, `CREATED_TX_STAMP`, `PICKER_WINDOW_ID`, `LOOKUP_FIELD_FILTER`) VALUES ('PARAM_ACT_PRNT', 'sequenceNumber', NULL, 2, 'N', 'SequenceNumber', 'NUMBER', NULL, NULL, NULL, NULL, NULL, 'N', 'Y', 'Y', 'Y', NULL, NULL, NULL, '2020-02-11 16:08:58', '2020-02-11 16:08:58', '2020-02-11 16:08:58', '2020-02-11 16:08:58', NULL, NULL);
INSERT INTO `dyna_screen_config_field` (`DYNA_CONFIG_ID`, `DYNA_FIELD_ID`, `DYNA_FIELD_FORM_ID`, `SEQUENCE_NUM`, `IS_DISABLED`, `FIELD_NAME`, `FIELD_TYPE`, `MAX_LENGTH`, `LOOKUP_TYPE_ID`, `LOOKUP_FIELD_SERVICE`, `LOOKUP_FIELD_SERVICE_URL`, `FIELD_DATA_PATTERN`, `IS_REQUIRED`, `IS_CREATE`, `IS_VIEW`, `IS_EDIT`, `FIELD_SERVICE`, `DEFAULT_VALUE`, `ROLE_TYPE_ID`, `LAST_UPDATED_STAMP`, `LAST_UPDATED_TX_STAMP`, `CREATED_STAMP`, `CREATED_TX_STAMP`, `PICKER_WINDOW_ID`, `LOOKUP_FIELD_FILTER`) VALUES ('PARAM_CAL_NW_DAY', 'status', NULL, 6, 'N', 'Status', 'DROPDOWN', NULL, 'STATIC_DATA', NULL, NULL, NULL, 'Y', 'Y', 'Y', 'Y', NULL, NULL, NULL, '2020-02-11 21:03:38', '2020-02-11 21:03:38', '2020-02-11 21:03:38', '2020-02-11 21:03:38', NULL, NULL);
INSERT INTO `dyna_screen_config_field` (`DYNA_CONFIG_ID`, `DYNA_FIELD_ID`, `DYNA_FIELD_FORM_ID`, `SEQUENCE_NUM`, `IS_DISABLED`, `FIELD_NAME`, `FIELD_TYPE`, `MAX_LENGTH`, `LOOKUP_TYPE_ID`, `LOOKUP_FIELD_SERVICE`, `LOOKUP_FIELD_SERVICE_URL`, `FIELD_DATA_PATTERN`, `IS_REQUIRED`, `IS_CREATE`, `IS_VIEW`, `IS_EDIT`, `FIELD_SERVICE`, `DEFAULT_VALUE`, `ROLE_TYPE_ID`, `LAST_UPDATED_STAMP`, `LAST_UPDATED_TX_STAMP`, `CREATED_STAMP`, `CREATED_TX_STAMP`, `PICKER_WINDOW_ID`, `LOOKUP_FIELD_FILTER`) VALUES ('PARAM_CAL_NW_DAY', 'nonWorkingDate', NULL, 1, 'N', 'NonWorkingDate', 'DATE', NULL, NULL, NULL, NULL, NULL, 'Y', 'Y', 'Y', 'Y', NULL, NULL, NULL, '2020-02-11 21:03:38', '2020-02-11 21:03:38', '2020-02-11 21:03:38', '2020-02-11 21:03:38', NULL, NULL);
INSERT INTO `dyna_screen_config_field` (`DYNA_CONFIG_ID`, `DYNA_FIELD_ID`, `DYNA_FIELD_FORM_ID`, `SEQUENCE_NUM`, `IS_DISABLED`, `FIELD_NAME`, `FIELD_TYPE`, `MAX_LENGTH`, `LOOKUP_TYPE_ID`, `LOOKUP_FIELD_SERVICE`, `LOOKUP_FIELD_SERVICE_URL`, `FIELD_DATA_PATTERN`, `IS_REQUIRED`, `IS_CREATE`, `IS_VIEW`, `IS_EDIT`, `FIELD_SERVICE`, `DEFAULT_VALUE`, `ROLE_TYPE_ID`, `LAST_UPDATED_STAMP`, `LAST_UPDATED_TX_STAMP`, `CREATED_STAMP`, `CREATED_TX_STAMP`, `PICKER_WINDOW_ID`, `LOOKUP_FIELD_FILTER`) VALUES ('PARAM_CAL_NW_DAY', 'holidayDescription', NULL, 2, 'N', 'NonWorkingDateDescription', 'TEXT_AREA', NULL, NULL, NULL, NULL, NULL, 'N', 'Y', 'Y', 'Y', NULL, NULL, NULL, '2020-02-11 21:03:38', '2020-02-11 21:03:38', '2020-02-11 21:03:38', '2020-02-11 21:03:38', NULL, NULL);
INSERT INTO `dyna_screen_config_field` (`DYNA_CONFIG_ID`, `DYNA_FIELD_ID`, `DYNA_FIELD_FORM_ID`, `SEQUENCE_NUM`, `IS_DISABLED`, `FIELD_NAME`, `FIELD_TYPE`, `MAX_LENGTH`, `LOOKUP_TYPE_ID`, `LOOKUP_FIELD_SERVICE`, `LOOKUP_FIELD_SERVICE_URL`, `FIELD_DATA_PATTERN`, `IS_REQUIRED`, `IS_CREATE`, `IS_VIEW`, `IS_EDIT`, `FIELD_SERVICE`, `DEFAULT_VALUE`, `ROLE_TYPE_ID`, `LAST_UPDATED_STAMP`, `LAST_UPDATED_TX_STAMP`, `CREATED_STAMP`, `CREATED_TX_STAMP`, `PICKER_WINDOW_ID`, `LOOKUP_FIELD_FILTER`) VALUES ('PARAM_ACT_SUB_TYP', 'status', NULL, 5, 'N', 'Status', 'DROPDOWN', NULL, 'STATIC_DATA', NULL, NULL, NULL, 'Y', 'Y', 'Y', 'Y', NULL, NULL, NULL, '2020-02-10 11:41:53', '2020-02-10 11:41:53', '2020-02-10 11:41:53', '2020-02-10 11:41:53', NULL, NULL);
INSERT INTO `dyna_screen_config_field` (`DYNA_CONFIG_ID`, `DYNA_FIELD_ID`, `DYNA_FIELD_FORM_ID`, `SEQUENCE_NUM`, `IS_DISABLED`, `FIELD_NAME`, `FIELD_TYPE`, `MAX_LENGTH`, `LOOKUP_TYPE_ID`, `LOOKUP_FIELD_SERVICE`, `LOOKUP_FIELD_SERVICE_URL`, `FIELD_DATA_PATTERN`, `IS_REQUIRED`, `IS_CREATE`, `IS_VIEW`, `IS_EDIT`, `FIELD_SERVICE`, `DEFAULT_VALUE`, `ROLE_TYPE_ID`, `LAST_UPDATED_STAMP`, `LAST_UPDATED_TX_STAMP`, `CREATED_STAMP`, `CREATED_TX_STAMP`, `PICKER_WINDOW_ID`, `LOOKUP_FIELD_FILTER`) VALUES ('PARAM_ACT_SUB_TYP', 'activityType', NULL, 2, 'N', 'ActivityType', 'DROPDOWN', NULL, NULL, NULL, NULL, NULL, 'Y', 'Y', 'Y', 'Y', NULL, NULL, NULL, '2020-02-10 11:41:53', '2020-02-10 11:41:53', '2020-02-10 11:41:53', '2020-02-10 11:41:53', NULL, NULL);
INSERT INTO `dyna_screen_config_field` (`DYNA_CONFIG_ID`, `DYNA_FIELD_ID`, `DYNA_FIELD_FORM_ID`, `SEQUENCE_NUM`, `IS_DISABLED`, `FIELD_NAME`, `FIELD_TYPE`, `MAX_LENGTH`, `LOOKUP_TYPE_ID`, `LOOKUP_FIELD_SERVICE`, `LOOKUP_FIELD_SERVICE_URL`, `FIELD_DATA_PATTERN`, `IS_REQUIRED`, `IS_CREATE`, `IS_VIEW`, `IS_EDIT`, `FIELD_SERVICE`, `DEFAULT_VALUE`, `ROLE_TYPE_ID`, `LAST_UPDATED_STAMP`, `LAST_UPDATED_TX_STAMP`, `CREATED_STAMP`, `CREATED_TX_STAMP`, `PICKER_WINDOW_ID`, `LOOKUP_FIELD_FILTER`) VALUES ('PARAM_ACT_SUB_TYP', 'sequenceNumber', NULL, 4, 'N', 'SequenceNumber', 'NUMBER', NULL, NULL, NULL, NULL, NULL, 'N', 'Y', 'Y', 'Y', NULL, NULL, NULL, '2020-02-10 11:41:53', '2020-02-10 11:41:53', '2020-02-10 11:41:53', '2020-02-10 11:41:53', NULL, NULL);
INSERT INTO `dyna_screen_config_field` (`DYNA_CONFIG_ID`, `DYNA_FIELD_ID`, `DYNA_FIELD_FORM_ID`, `SEQUENCE_NUM`, `IS_DISABLED`, `FIELD_NAME`, `FIELD_TYPE`, `MAX_LENGTH`, `LOOKUP_TYPE_ID`, `LOOKUP_FIELD_SERVICE`, `LOOKUP_FIELD_SERVICE_URL`, `FIELD_DATA_PATTERN`, `IS_REQUIRED`, `IS_CREATE`, `IS_VIEW`, `IS_EDIT`, `FIELD_SERVICE`, `DEFAULT_VALUE`, `ROLE_TYPE_ID`, `LAST_UPDATED_STAMP`, `LAST_UPDATED_TX_STAMP`, `CREATED_STAMP`, `CREATED_TX_STAMP`, `PICKER_WINDOW_ID`, `LOOKUP_FIELD_FILTER`) VALUES ('PARAM_SR_SUB_AREA', 'srSubArea', NULL, 3, 'N', 'SrSubCategory', 'TEXT', NULL, NULL, NULL, NULL, NULL, 'Y', 'Y', 'Y', 'Y', NULL, NULL, NULL, '2020-02-11 17:34:49', '2020-02-11 17:34:49', '2020-02-11 17:34:49', '2020-02-11 17:34:49', NULL, NULL);
INSERT INTO `dyna_screen_config_field` (`DYNA_CONFIG_ID`, `DYNA_FIELD_ID`, `DYNA_FIELD_FORM_ID`, `SEQUENCE_NUM`, `IS_DISABLED`, `FIELD_NAME`, `FIELD_TYPE`, `MAX_LENGTH`, `LOOKUP_TYPE_ID`, `LOOKUP_FIELD_SERVICE`, `LOOKUP_FIELD_SERVICE_URL`, `FIELD_DATA_PATTERN`, `IS_REQUIRED`, `IS_CREATE`, `IS_VIEW`, `IS_EDIT`, `FIELD_SERVICE`, `DEFAULT_VALUE`, `ROLE_TYPE_ID`, `LAST_UPDATED_STAMP`, `LAST_UPDATED_TX_STAMP`, `CREATED_STAMP`, `CREATED_TX_STAMP`, `PICKER_WINDOW_ID`, `LOOKUP_FIELD_FILTER`) VALUES ('PARAM_SR_SUB_AREA', 'srCategoryId', NULL, 2, 'N', 'SrCategory', 'DROPDOWN', NULL, NULL, NULL, NULL, NULL, 'Y', 'Y', 'Y', 'Y', NULL, NULL, NULL, '2020-02-11 17:34:49', '2020-02-11 17:34:49', '2020-02-11 17:34:49', '2020-02-11 17:34:49', NULL, NULL);
INSERT INTO `dyna_screen_config_field` (`DYNA_CONFIG_ID`, `DYNA_FIELD_ID`, `DYNA_FIELD_FORM_ID`, `SEQUENCE_NUM`, `IS_DISABLED`, `FIELD_NAME`, `FIELD_TYPE`, `MAX_LENGTH`, `LOOKUP_TYPE_ID`, `LOOKUP_FIELD_SERVICE`, `LOOKUP_FIELD_SERVICE_URL`, `FIELD_DATA_PATTERN`, `IS_REQUIRED`, `IS_CREATE`, `IS_VIEW`, `IS_EDIT`, `FIELD_SERVICE`, `DEFAULT_VALUE`, `ROLE_TYPE_ID`, `LAST_UPDATED_STAMP`, `LAST_UPDATED_TX_STAMP`, `CREATED_STAMP`, `CREATED_TX_STAMP`, `PICKER_WINDOW_ID`, `LOOKUP_FIELD_FILTER`) VALUES ('PARAM_SR_SUB_AREA', 'sequenceNumber', NULL, 4, 'N', 'SequenceNumber', 'NUMBER', NULL, NULL, NULL, NULL, NULL, 'N', 'Y', 'Y', 'Y', NULL, NULL, NULL, '2020-02-11 17:34:49', '2020-02-11 17:34:49', '2020-02-11 17:34:49', '2020-02-11 17:34:49', NULL, NULL);
INSERT INTO `dyna_screen_config_field` (`DYNA_CONFIG_ID`, `DYNA_FIELD_ID`, `DYNA_FIELD_FORM_ID`, `SEQUENCE_NUM`, `IS_DISABLED`, `FIELD_NAME`, `FIELD_TYPE`, `MAX_LENGTH`, `LOOKUP_TYPE_ID`, `LOOKUP_FIELD_SERVICE`, `LOOKUP_FIELD_SERVICE_URL`, `FIELD_DATA_PATTERN`, `IS_REQUIRED`, `IS_CREATE`, `IS_VIEW`, `IS_EDIT`, `FIELD_SERVICE`, `DEFAULT_VALUE`, `ROLE_TYPE_ID`, `LAST_UPDATED_STAMP`, `LAST_UPDATED_TX_STAMP`, `CREATED_STAMP`, `CREATED_TX_STAMP`, `PICKER_WINDOW_ID`, `LOOKUP_FIELD_FILTER`) VALUES ('PARAM_ALT_CAT', 'alertType', NULL, 2, 'N', 'AlertType', 'DROPDOWN', NULL, 'DYNAMIC_DATA', 'dynaScreen.getDynamicData', NULL, NULL, 'Y', 'Y', 'Y', 'Y', NULL, NULL, NULL, '2020-02-11 20:29:42', '2020-02-11 20:29:42', '2020-02-11 20:29:42', '2020-02-11 20:29:42', NULL, '{ 	"entity_name": "AlertType", 	"name_field": "alertTypeDescription", 	"value_field": "alertTypeId", 	"filter_value": { 		 	} }');
INSERT INTO `dyna_screen_config_field` (`DYNA_CONFIG_ID`, `DYNA_FIELD_ID`, `DYNA_FIELD_FORM_ID`, `SEQUENCE_NUM`, `IS_DISABLED`, `FIELD_NAME`, `FIELD_TYPE`, `MAX_LENGTH`, `LOOKUP_TYPE_ID`, `LOOKUP_FIELD_SERVICE`, `LOOKUP_FIELD_SERVICE_URL`, `FIELD_DATA_PATTERN`, `IS_REQUIRED`, `IS_CREATE`, `IS_VIEW`, `IS_EDIT`, `FIELD_SERVICE`, `DEFAULT_VALUE`, `ROLE_TYPE_ID`, `LAST_UPDATED_STAMP`, `LAST_UPDATED_TX_STAMP`, `CREATED_STAMP`, `CREATED_TX_STAMP`, `PICKER_WINDOW_ID`, `LOOKUP_FIELD_FILTER`) VALUES ('PARAM_SLA_STP', 'srTypeId', NULL, 1, 'N', 'SrType', 'DROPDOWN', NULL, 'DYNAMIC_DATA', 'dynaScreen.getDynamicData', NULL, NULL, 'Y', 'Y', 'Y', 'Y', NULL, NULL, NULL, '2020-02-11 19:07:55', '2020-02-11 19:07:55', '2020-02-11 19:07:55', '2020-02-11 19:07:55', NULL, '{ 	"entity_name": "CustRequestAssoc", 	"name_field": "value", 	"value_field": "code", 	"filter_value": { 		"type": "SRTYPE", 		"active": "Y" 	} }');
INSERT INTO `dyna_screen_config_field` (`DYNA_CONFIG_ID`, `DYNA_FIELD_ID`, `DYNA_FIELD_FORM_ID`, `SEQUENCE_NUM`, `IS_DISABLED`, `FIELD_NAME`, `FIELD_TYPE`, `MAX_LENGTH`, `LOOKUP_TYPE_ID`, `LOOKUP_FIELD_SERVICE`, `LOOKUP_FIELD_SERVICE_URL`, `FIELD_DATA_PATTERN`, `IS_REQUIRED`, `IS_CREATE`, `IS_VIEW`, `IS_EDIT`, `FIELD_SERVICE`, `DEFAULT_VALUE`, `ROLE_TYPE_ID`, `LAST_UPDATED_STAMP`, `LAST_UPDATED_TX_STAMP`, `CREATED_STAMP`, `CREATED_TX_STAMP`, `PICKER_WINDOW_ID`, `LOOKUP_FIELD_FILTER`) VALUES ('PARAM_SR_AREA', 'typeId', NULL, 1, 'N', 'SrType', 'DROPDOWN', NULL, 'DYNAMIC_DATA', 'dynaScreen.getDynamicData', NULL, NULL, 'Y', 'Y', 'Y', 'Y', NULL, NULL, NULL, '2020-02-11 17:35:08', '2020-02-11 17:35:08', '2020-02-11 17:35:08', '2020-02-11 17:35:08', NULL, '{ 	"entity_name": "CustRequestAssoc", 	"name_field": "value", 	"value_field": "code", 	"filter_value": { 		"type": "SRTYPE", 		"active": "Y" 	} }');
INSERT INTO `dyna_screen_config_field` (`DYNA_CONFIG_ID`, `DYNA_FIELD_ID`, `DYNA_FIELD_FORM_ID`, `SEQUENCE_NUM`, `IS_DISABLED`, `FIELD_NAME`, `FIELD_TYPE`, `MAX_LENGTH`, `LOOKUP_TYPE_ID`, `LOOKUP_FIELD_SERVICE`, `LOOKUP_FIELD_SERVICE_URL`, `FIELD_DATA_PATTERN`, `IS_REQUIRED`, `IS_CREATE`, `IS_VIEW`, `IS_EDIT`, `FIELD_SERVICE`, `DEFAULT_VALUE`, `ROLE_TYPE_ID`, `LAST_UPDATED_STAMP`, `LAST_UPDATED_TX_STAMP`, `CREATED_STAMP`, `CREATED_TX_STAMP`, `PICKER_WINDOW_ID`, `LOOKUP_FIELD_FILTER`) VALUES ('PARAM_SR_SUB_AREA', 'typeId', NULL, 1, 'N', 'SrType', 'DROPDOWN', NULL, 'DYNAMIC_DATA', 'dynaScreen.getDynamicData', NULL, NULL, 'Y', 'Y', 'Y', 'Y', NULL, NULL, NULL, '2020-02-11 17:34:49', '2020-02-11 17:34:49', '2020-02-11 17:34:49', '2020-02-11 17:34:49', NULL, '{ 	"entity_name": "CustRequestAssoc", 	"name_field": "value", 	"value_field": "code", 	"filter_value": { 		"type": "SRTYPE", 		"active": "Y" 	} }');
INSERT INTO `dyna_screen_config_field` (`DYNA_CONFIG_ID`, `DYNA_FIELD_ID`, `DYNA_FIELD_FORM_ID`, `SEQUENCE_NUM`, `IS_DISABLED`, `FIELD_NAME`, `FIELD_TYPE`, `MAX_LENGTH`, `LOOKUP_TYPE_ID`, `LOOKUP_FIELD_SERVICE`, `LOOKUP_FIELD_SERVICE_URL`, `FIELD_DATA_PATTERN`, `IS_REQUIRED`, `IS_CREATE`, `IS_VIEW`, `IS_EDIT`, `FIELD_SERVICE`, `DEFAULT_VALUE`, `ROLE_TYPE_ID`, `LAST_UPDATED_STAMP`, `LAST_UPDATED_TX_STAMP`, `CREATED_STAMP`, `CREATED_TX_STAMP`, `PICKER_WINDOW_ID`, `LOOKUP_FIELD_FILTER`) VALUES ('PARAM_CAL_NW_DAY', 'isHoliday', NULL, 3, 'N', 'Holiday', 'DROPDOWN', NULL, 'DYNAMIC_DATA', 'dynaScreen.getDynamicData', NULL, NULL, 'Y', 'Y', 'Y', 'Y', NULL, NULL, NULL, '2020-02-11 21:03:38', '2020-02-11 21:03:38', '2020-02-11 21:03:38', '2020-02-11 21:03:38', NULL, '{ 	"entity_name": "Enumeration", 	"name_field": "description", 	"value_field": "enumCode", 	"filter_value": { 		"enumTypeId": "INDICATOR_TYPE" 	} }');
INSERT INTO `dyna_screen_config_field` (`DYNA_CONFIG_ID`, `DYNA_FIELD_ID`, `DYNA_FIELD_FORM_ID`, `SEQUENCE_NUM`, `IS_DISABLED`, `FIELD_NAME`, `FIELD_TYPE`, `MAX_LENGTH`, `LOOKUP_TYPE_ID`, `LOOKUP_FIELD_SERVICE`, `LOOKUP_FIELD_SERVICE_URL`, `FIELD_DATA_PATTERN`, `IS_REQUIRED`, `IS_CREATE`, `IS_VIEW`, `IS_EDIT`, `FIELD_SERVICE`, `DEFAULT_VALUE`, `ROLE_TYPE_ID`, `LAST_UPDATED_STAMP`, `LAST_UPDATED_TX_STAMP`, `CREATED_STAMP`, `CREATED_TX_STAMP`, `PICKER_WINDOW_ID`, `LOOKUP_FIELD_FILTER`) VALUES ('PARAM_CAL_NW_DAY', 'isWeekend', NULL, 4, 'N', 'Weekend', 'DROPDOWN', NULL, 'DYNAMIC_DATA', 'dynaScreen.getDynamicData', NULL, NULL, 'Y', 'Y', 'Y', 'Y', NULL, NULL, NULL, '2020-02-11 21:03:38', '2020-02-11 21:03:38', '2020-02-11 21:03:38', '2020-02-11 21:03:38', NULL, '{ 	"entity_name": "Enumeration", 	"name_field": "description", 	"value_field": "enumCode", 	"filter_value": { 		"enumTypeId": "INDICATOR_TYPE" 	} }');
INSERT INTO `dyna_screen_config_field` (`DYNA_CONFIG_ID`, `DYNA_FIELD_ID`, `DYNA_FIELD_FORM_ID`, `SEQUENCE_NUM`, `IS_DISABLED`, `FIELD_NAME`, `FIELD_TYPE`, `MAX_LENGTH`, `LOOKUP_TYPE_ID`, `LOOKUP_FIELD_SERVICE`, `LOOKUP_FIELD_SERVICE_URL`, `FIELD_DATA_PATTERN`, `IS_REQUIRED`, `IS_CREATE`, `IS_VIEW`, `IS_EDIT`, `FIELD_SERVICE`, `DEFAULT_VALUE`, `ROLE_TYPE_ID`, `LAST_UPDATED_STAMP`, `LAST_UPDATED_TX_STAMP`, `CREATED_STAMP`, `CREATED_TX_STAMP`, `PICKER_WINDOW_ID`, `LOOKUP_FIELD_FILTER`) VALUES ('PARAM_CAL_NW_DAY', 'isNonWorkingDay', NULL, 5, 'N', 'NonWorkingDay', 'DROPDOWN', NULL, 'DYNAMIC_DATA', 'dynaScreen.getDynamicData', NULL, NULL, 'Y', 'Y', 'Y', 'Y', NULL, NULL, NULL, '2020-02-11 21:03:38', '2020-02-11 21:03:38', '2020-02-11 21:03:38', '2020-02-11 21:03:38', NULL, '{ 	"entity_name": "Enumeration", 	"name_field": "description", 	"value_field": "enumCode", 	"filter_value": { 		"enumTypeId": "INDICATOR_TYPE" 	} }');
INSERT INTO `dyna_screen_config_field` (`DYNA_CONFIG_ID`, `DYNA_FIELD_ID`, `DYNA_FIELD_FORM_ID`, `SEQUENCE_NUM`, `IS_DISABLED`, `FIELD_NAME`, `FIELD_TYPE`, `MAX_LENGTH`, `LOOKUP_TYPE_ID`, `LOOKUP_FIELD_SERVICE`, `LOOKUP_FIELD_SERVICE_URL`, `FIELD_DATA_PATTERN`, `IS_REQUIRED`, `IS_CREATE`, `IS_VIEW`, `IS_EDIT`, `FIELD_SERVICE`, `DEFAULT_VALUE`, `ROLE_TYPE_ID`, `LAST_UPDATED_STAMP`, `LAST_UPDATED_TX_STAMP`, `CREATED_STAMP`, `CREATED_TX_STAMP`, `PICKER_WINDOW_ID`, `LOOKUP_FIELD_FILTER`) VALUES ('PARAM_ALT_CAT', 'alertPriority', NULL, 3, 'N', 'AlertPriority', 'DROPDOWN', NULL, 'DYNAMIC_DATA', 'dynaScreen.getDynamicData', NULL, NULL, 'Y', 'Y', 'Y', 'Y', NULL, NULL, NULL, '2020-02-11 20:29:42', '2020-02-11 20:29:42', '2020-02-11 20:29:42', '2020-02-11 20:29:42', NULL, '{ 	"entity_name": "Enumeration", 	"name_field": "description", 	"value_field": "enumCode", 	"filter_value": { 		"enumTypeId": "PRIORITY_LEVEL", 		"enumService": "ServiceRequest", 		"enumEntity": "ServiceRequest" 	} }');
INSERT INTO `dyna_screen_config_field` (`DYNA_CONFIG_ID`, `DYNA_FIELD_ID`, `DYNA_FIELD_FORM_ID`, `SEQUENCE_NUM`, `IS_DISABLED`, `FIELD_NAME`, `FIELD_TYPE`, `MAX_LENGTH`, `LOOKUP_TYPE_ID`, `LOOKUP_FIELD_SERVICE`, `LOOKUP_FIELD_SERVICE_URL`, `FIELD_DATA_PATTERN`, `IS_REQUIRED`, `IS_CREATE`, `IS_VIEW`, `IS_EDIT`, `FIELD_SERVICE`, `DEFAULT_VALUE`, `ROLE_TYPE_ID`, `LAST_UPDATED_STAMP`, `LAST_UPDATED_TX_STAMP`, `CREATED_STAMP`, `CREATED_TX_STAMP`, `PICKER_WINDOW_ID`, `LOOKUP_FIELD_FILTER`) VALUES ('PARAM_SLA_STP', 'srPriority', NULL, 4, 'N', 'SrPriority', 'DROPDOWN', NULL, 'DYNAMIC_DATA', 'dynaScreen.getDynamicData', NULL, NULL, 'N', 'Y', 'Y', 'Y', NULL, NULL, NULL, '2020-02-11 19:07:55', '2020-02-11 19:07:55', '2020-02-11 19:07:55', '2020-02-11 19:07:55', NULL, '{ 	"entity_name": "Enumeration", 	"name_field": "description", 	"value_field": "enumCode", 	"filter_value": { 		"enumTypeId": "PRIORITY_LEVEL", 		"enumService": "ServiceRequest", 		"enumEntity": "ServiceRequest" 	} }');
INSERT INTO `dyna_screen_config_field` (`DYNA_CONFIG_ID`, `DYNA_FIELD_ID`, `DYNA_FIELD_FORM_ID`, `SEQUENCE_NUM`, `IS_DISABLED`, `FIELD_NAME`, `FIELD_TYPE`, `MAX_LENGTH`, `LOOKUP_TYPE_ID`, `LOOKUP_FIELD_SERVICE`, `LOOKUP_FIELD_SERVICE_URL`, `FIELD_DATA_PATTERN`, `IS_REQUIRED`, `IS_CREATE`, `IS_VIEW`, `IS_EDIT`, `FIELD_SERVICE`, `DEFAULT_VALUE`, `ROLE_TYPE_ID`, `LAST_UPDATED_STAMP`, `LAST_UPDATED_TX_STAMP`, `CREATED_STAMP`, `CREATED_TX_STAMP`, `PICKER_WINDOW_ID`, `LOOKUP_FIELD_FILTER`) VALUES ('PARAM_ACT_TYP', 'status', NULL, 5, 'N', 'Status', 'DROPDOWN', NULL, 'DYNAMIC_DATA', 'dynaScreen.getDynamicData', NULL, NULL, 'Y', 'Y', 'Y', 'Y', NULL, NULL, NULL, '2020-02-11 16:39:06', '2020-02-11 16:39:06', '2020-02-11 16:39:06', '2020-02-11 16:39:06', NULL, '{ 	"entity_name": "Enumeration", 	"name_field": "description", 	"value_field": "enumCode", 	"filter_value": { 		"enumTypeId": "STATUS_ID" 	} }');
INSERT INTO `dyna_screen_config_field` (`DYNA_CONFIG_ID`, `DYNA_FIELD_ID`, `DYNA_FIELD_FORM_ID`, `SEQUENCE_NUM`, `IS_DISABLED`, `FIELD_NAME`, `FIELD_TYPE`, `MAX_LENGTH`, `LOOKUP_TYPE_ID`, `LOOKUP_FIELD_SERVICE`, `LOOKUP_FIELD_SERVICE_URL`, `FIELD_DATA_PATTERN`, `IS_REQUIRED`, `IS_CREATE`, `IS_VIEW`, `IS_EDIT`, `FIELD_SERVICE`, `DEFAULT_VALUE`, `ROLE_TYPE_ID`, `LAST_UPDATED_STAMP`, `LAST_UPDATED_TX_STAMP`, `CREATED_STAMP`, `CREATED_TX_STAMP`, `PICKER_WINDOW_ID`, `LOOKUP_FIELD_FILTER`) VALUES ('PARAM_ALT_CAT', 'status', NULL, 7, 'N', 'AlertStatus', 'DROPDOWN', NULL, 'DYNAMIC_DATA', 'dynaScreen.getDynamicData', NULL, NULL, 'Y', 'Y', 'Y', 'Y', NULL, NULL, NULL, '2020-02-11 20:29:42', '2020-02-11 20:29:42', '2020-02-11 20:29:42', '2020-02-11 20:29:42', NULL, '{ 	"entity_name": "Enumeration", 	"name_field": "description", 	"value_field": "enumCode", 	"filter_value": { 		"enumTypeId": "STATUS_ID" 	} }');
INSERT INTO `dyna_screen_config_field` (`DYNA_CONFIG_ID`, `DYNA_FIELD_ID`, `DYNA_FIELD_FORM_ID`, `SEQUENCE_NUM`, `IS_DISABLED`, `FIELD_NAME`, `FIELD_TYPE`, `MAX_LENGTH`, `LOOKUP_TYPE_ID`, `LOOKUP_FIELD_SERVICE`, `LOOKUP_FIELD_SERVICE_URL`, `FIELD_DATA_PATTERN`, `IS_REQUIRED`, `IS_CREATE`, `IS_VIEW`, `IS_EDIT`, `FIELD_SERVICE`, `DEFAULT_VALUE`, `ROLE_TYPE_ID`, `LAST_UPDATED_STAMP`, `LAST_UPDATED_TX_STAMP`, `CREATED_STAMP`, `CREATED_TX_STAMP`, `PICKER_WINDOW_ID`, `LOOKUP_FIELD_FILTER`) VALUES ('PARAM_SR_AREA', 'status', NULL, 5, 'N', 'Status', 'DROPDOWN', NULL, 'DYNAMIC_DATA', 'dynaScreen.getDynamicData', NULL, NULL, 'Y', 'Y', 'Y', 'Y', NULL, NULL, NULL, '2020-02-11 17:35:08', '2020-02-11 17:35:08', '2020-02-11 17:35:08', '2020-02-11 17:35:08', NULL, '{ 	"entity_name": "Enumeration", 	"name_field": "description", 	"value_field": "enumCode", 	"filter_value": { 		"enumTypeId": "STATUS_ID" 	} }');
INSERT INTO `dyna_screen_config_field` (`DYNA_CONFIG_ID`, `DYNA_FIELD_ID`, `DYNA_FIELD_FORM_ID`, `SEQUENCE_NUM`, `IS_DISABLED`, `FIELD_NAME`, `FIELD_TYPE`, `MAX_LENGTH`, `LOOKUP_TYPE_ID`, `LOOKUP_FIELD_SERVICE`, `LOOKUP_FIELD_SERVICE_URL`, `FIELD_DATA_PATTERN`, `IS_REQUIRED`, `IS_CREATE`, `IS_VIEW`, `IS_EDIT`, `FIELD_SERVICE`, `DEFAULT_VALUE`, `ROLE_TYPE_ID`, `LAST_UPDATED_STAMP`, `LAST_UPDATED_TX_STAMP`, `CREATED_STAMP`, `CREATED_TX_STAMP`, `PICKER_WINDOW_ID`, `LOOKUP_FIELD_FILTER`) VALUES ('PARAM_ACT_PRNT', 'status', NULL, 3, 'N', 'Status', 'DROPDOWN', NULL, 'DYNAMIC_DATA', 'dynaScreen.getDynamicData', NULL, NULL, 'Y', 'Y', 'Y', 'Y', NULL, NULL, NULL, '2020-02-11 16:08:58', '2020-02-11 16:08:58', '2020-02-11 16:08:58', '2020-02-11 16:08:58', NULL, '{ 	"entity_name": "Enumeration", 	"name_field": "description", 	"value_field": "enumCode", 	"filter_value": { 		"enumTypeId": "STATUS_ID" 	} }');
INSERT INTO `dyna_screen_config_field` (`DYNA_CONFIG_ID`, `DYNA_FIELD_ID`, `DYNA_FIELD_FORM_ID`, `SEQUENCE_NUM`, `IS_DISABLED`, `FIELD_NAME`, `FIELD_TYPE`, `MAX_LENGTH`, `LOOKUP_TYPE_ID`, `LOOKUP_FIELD_SERVICE`, `LOOKUP_FIELD_SERVICE_URL`, `FIELD_DATA_PATTERN`, `IS_REQUIRED`, `IS_CREATE`, `IS_VIEW`, `IS_EDIT`, `FIELD_SERVICE`, `DEFAULT_VALUE`, `ROLE_TYPE_ID`, `LAST_UPDATED_STAMP`, `LAST_UPDATED_TX_STAMP`, `CREATED_STAMP`, `CREATED_TX_STAMP`, `PICKER_WINDOW_ID`, `LOOKUP_FIELD_FILTER`) VALUES ('PARAM_SR_SUB_AREA', 'statusId', NULL, 5, 'N', 'Status', 'DROPDOWN', NULL, 'DYNAMIC_DATA', 'dynaScreen.getDynamicData', NULL, NULL, 'Y', 'Y', 'Y', 'Y', NULL, NULL, NULL, '2020-02-11 17:34:49', '2020-02-11 17:34:49', '2020-02-11 17:34:49', '2020-02-11 17:34:49', NULL, '{ 	"entity_name": "Enumeration", 	"name_field": "description", 	"value_field": "enumCode", 	"filter_value": { 		"enumTypeId": "STATUS_ID" 	} }');
INSERT INTO `dyna_screen_config_field` (`DYNA_CONFIG_ID`, `DYNA_FIELD_ID`, `DYNA_FIELD_FORM_ID`, `SEQUENCE_NUM`, `IS_DISABLED`, `FIELD_NAME`, `FIELD_TYPE`, `MAX_LENGTH`, `LOOKUP_TYPE_ID`, `LOOKUP_FIELD_SERVICE`, `LOOKUP_FIELD_SERVICE_URL`, `FIELD_DATA_PATTERN`, `IS_REQUIRED`, `IS_CREATE`, `IS_VIEW`, `IS_EDIT`, `FIELD_SERVICE`, `DEFAULT_VALUE`, `ROLE_TYPE_ID`, `LAST_UPDATED_STAMP`, `LAST_UPDATED_TX_STAMP`, `CREATED_STAMP`, `CREATED_TX_STAMP`, `PICKER_WINDOW_ID`, `LOOKUP_FIELD_FILTER`) VALUES ('PARAM_ACT_TYP', 'activityParent', NULL, 1, 'N', 'ActivityParent', 'DROPDOWN', NULL, 'DYNAMIC_DATA', 'dynaScreen.getDynamicData', NULL, NULL, 'Y', 'Y', 'Y', 'Y', NULL, NULL, NULL, '2020-02-11 16:39:06', '2020-02-11 16:39:06', '2020-02-11 16:39:06', '2020-02-11 16:39:06', NULL, '{ 	"entity_name": "WorkEffortAssocTriplet", 	"name_field": "value", 	"value_field": "code", 	"filter_value": { 		"type": "RelatedTo", 		"active": "Y" 	} }');
INSERT INTO `dyna_screen_config_field` (`DYNA_CONFIG_ID`, `DYNA_FIELD_ID`, `DYNA_FIELD_FORM_ID`, `SEQUENCE_NUM`, `IS_DISABLED`, `FIELD_NAME`, `FIELD_TYPE`, `MAX_LENGTH`, `LOOKUP_TYPE_ID`, `LOOKUP_FIELD_SERVICE`, `LOOKUP_FIELD_SERVICE_URL`, `FIELD_DATA_PATTERN`, `IS_REQUIRED`, `IS_CREATE`, `IS_VIEW`, `IS_EDIT`, `FIELD_SERVICE`, `DEFAULT_VALUE`, `ROLE_TYPE_ID`, `LAST_UPDATED_STAMP`, `LAST_UPDATED_TX_STAMP`, `CREATED_STAMP`, `CREATED_TX_STAMP`, `PICKER_WINDOW_ID`, `LOOKUP_FIELD_FILTER`) VALUES ('PARAM_ACT_SUB_TYP', 'activityParent', NULL, 1, 'N', 'ActivityParent', 'DROPDOWN', NULL, 'DYNAMIC_DATA', 'dynaScreen.getDynamicData', NULL, NULL, 'Y', 'Y', 'Y', 'Y', NULL, NULL, NULL, '2020-02-10 11:41:53', '2020-02-10 11:41:53', '2020-02-10 11:41:53', '2020-02-10 11:41:53', NULL, '{ 	"entity_name": "WorkEffortAssocTriplet", 	"name_field": "value", 	"value_field": "code", 	"filter_value": { 		"type": "RelatedTo", 		"active": "Y" 	} }');
INSERT INTO `dyna_screen_config_field` (`DYNA_CONFIG_ID`, `DYNA_FIELD_ID`, `DYNA_FIELD_FORM_ID`, `SEQUENCE_NUM`, `IS_DISABLED`, `FIELD_NAME`, `FIELD_TYPE`, `MAX_LENGTH`, `LOOKUP_TYPE_ID`, `LOOKUP_FIELD_SERVICE`, `LOOKUP_FIELD_SERVICE_URL`, `FIELD_DATA_PATTERN`, `IS_REQUIRED`, `IS_CREATE`, `IS_VIEW`, `IS_EDIT`, `FIELD_SERVICE`, `DEFAULT_VALUE`, `ROLE_TYPE_ID`, `LAST_UPDATED_STAMP`, `LAST_UPDATED_TX_STAMP`, `CREATED_STAMP`, `CREATED_TX_STAMP`, `PICKER_WINDOW_ID`, `LOOKUP_FIELD_FILTER`) VALUES ('PARAM_ACT_SUB_TYP', 'activitySubType', NULL, 3, 'N', 'ActivitySubType', 'DROPDOWN', NULL, 'DYNAMIC_DATA', 'dynaScreen.getDynamicData', NULL, NULL, 'Y', 'Y', 'Y', 'Y', NULL, NULL, NULL, '2020-02-10 11:41:53', '2020-02-10 11:41:53', '2020-02-10 11:41:53', '2020-02-10 11:41:53', NULL, '{ 	"entity_name": "WorkEffortAssocTriplet", 	"name_field": "value", 	"value_field": "code", 	"filter_value": { 		"type": "Type", 		"active": "Y" 	} }');

INSERT INTO `dyna_screen_config_field_data` (`DYNA_CONFIG_ID`, `DYNA_FIELD_ID`, `DYNA_FIELD_DATA_ID`, `ROLE_TYPE_ID`, `SEQUENCE_NUM`, `DATA_NAME`, `DATA_VALUE`, `LAST_UPDATED_STAMP`, `LAST_UPDATED_TX_STAMP`, `CREATED_STAMP`, `CREATED_TX_STAMP`) VALUES ('PARAM_ACT_SUB_TYP', 'status', '0', NULL, 1, 'Active', 'Y', '2020-02-10 11:43:22', '2020-02-10 11:43:22', '2020-02-10 11:43:22', '2020-02-10 11:43:22');
INSERT INTO `dyna_screen_config_field_data` (`DYNA_CONFIG_ID`, `DYNA_FIELD_ID`, `DYNA_FIELD_DATA_ID`, `ROLE_TYPE_ID`, `SEQUENCE_NUM`, `DATA_NAME`, `DATA_VALUE`, `LAST_UPDATED_STAMP`, `LAST_UPDATED_TX_STAMP`, `CREATED_STAMP`, `CREATED_TX_STAMP`) VALUES ('PARAM_ACT_SUB_TYP', 'status', '1', NULL, 2, 'Inactive', 'N', '2020-02-10 11:43:22', '2020-02-10 11:43:22', '2020-02-10 11:43:22', '2020-02-10 11:43:22');
INSERT INTO `dyna_screen_config_field_data` (`DYNA_CONFIG_ID`, `DYNA_FIELD_ID`, `DYNA_FIELD_DATA_ID`, `ROLE_TYPE_ID`, `SEQUENCE_NUM`, `DATA_NAME`, `DATA_VALUE`, `LAST_UPDATED_STAMP`, `LAST_UPDATED_TX_STAMP`, `CREATED_STAMP`, `CREATED_TX_STAMP`) VALUES ('PARAM_CAL_NW_DAY', 'status', '0', NULL, 2, 'In Active', 'IN_ACTIVE', '2020-02-11 20:57:36', '2020-02-11 20:57:36', '2020-02-11 20:57:36', '2020-02-11 20:57:36');
INSERT INTO `dyna_screen_config_field_data` (`DYNA_CONFIG_ID`, `DYNA_FIELD_ID`, `DYNA_FIELD_DATA_ID`, `ROLE_TYPE_ID`, `SEQUENCE_NUM`, `DATA_NAME`, `DATA_VALUE`, `LAST_UPDATED_STAMP`, `LAST_UPDATED_TX_STAMP`, `CREATED_STAMP`, `CREATED_TX_STAMP`) VALUES ('PARAM_CAL_NW_DAY', 'status', '1', NULL, 1, 'Active', 'ACTIVE', '2020-02-11 20:57:36', '2020-02-11 20:57:36', '2020-02-11 20:57:36', '2020-02-11 20:57:36');
INSERT INTO `dyna_screen_config_field_data` (`DYNA_CONFIG_ID`, `DYNA_FIELD_ID`, `DYNA_FIELD_DATA_ID`, `ROLE_TYPE_ID`, `SEQUENCE_NUM`, `DATA_NAME`, `DATA_VALUE`, `LAST_UPDATED_STAMP`, `LAST_UPDATED_TX_STAMP`, `CREATED_STAMP`, `CREATED_TX_STAMP`) VALUES ('PARAM_SLA_STP', 'slaEscalation1', '0', NULL, 1, 'Days', 'Days', '2020-02-11 18:49:03', '2020-02-11 18:49:03', '2020-02-11 18:49:03', '2020-02-11 18:49:03');
INSERT INTO `dyna_screen_config_field_data` (`DYNA_CONFIG_ID`, `DYNA_FIELD_ID`, `DYNA_FIELD_DATA_ID`, `ROLE_TYPE_ID`, `SEQUENCE_NUM`, `DATA_NAME`, `DATA_VALUE`, `LAST_UPDATED_STAMP`, `LAST_UPDATED_TX_STAMP`, `CREATED_STAMP`, `CREATED_TX_STAMP`) VALUES ('PARAM_SLA_STP', 'slaEscalation1', '1', NULL, 2, 'Hours', 'Hours', '2020-02-11 18:49:03', '2020-02-11 18:49:03', '2020-02-11 18:49:03', '2020-02-11 18:49:03');
INSERT INTO `dyna_screen_config_field_data` (`DYNA_CONFIG_ID`, `DYNA_FIELD_ID`, `DYNA_FIELD_DATA_ID`, `ROLE_TYPE_ID`, `SEQUENCE_NUM`, `DATA_NAME`, `DATA_VALUE`, `LAST_UPDATED_STAMP`, `LAST_UPDATED_TX_STAMP`, `CREATED_STAMP`, `CREATED_TX_STAMP`) VALUES ('PARAM_SLA_STP', 'slaEscalation2', '0', NULL, 1, 'Days', 'Days', '2020-02-11 18:49:41', '2020-02-11 18:49:41', '2020-02-11 18:49:41', '2020-02-11 18:49:41');
INSERT INTO `dyna_screen_config_field_data` (`DYNA_CONFIG_ID`, `DYNA_FIELD_ID`, `DYNA_FIELD_DATA_ID`, `ROLE_TYPE_ID`, `SEQUENCE_NUM`, `DATA_NAME`, `DATA_VALUE`, `LAST_UPDATED_STAMP`, `LAST_UPDATED_TX_STAMP`, `CREATED_STAMP`, `CREATED_TX_STAMP`) VALUES ('PARAM_SLA_STP', 'slaEscalation2', '1', NULL, 2, 'Hours', 'Hours', '2020-02-11 18:49:41', '2020-02-11 18:49:41', '2020-02-11 18:49:41', '2020-02-11 18:49:41');
INSERT INTO `dyna_screen_config_field_data` (`DYNA_CONFIG_ID`, `DYNA_FIELD_ID`, `DYNA_FIELD_DATA_ID`, `ROLE_TYPE_ID`, `SEQUENCE_NUM`, `DATA_NAME`, `DATA_VALUE`, `LAST_UPDATED_STAMP`, `LAST_UPDATED_TX_STAMP`, `CREATED_STAMP`, `CREATED_TX_STAMP`) VALUES ('PARAM_SLA_STP', 'slaEscalation3', '0', NULL, 1, 'Days', 'Days', '2020-02-11 18:50:03', '2020-02-11 18:50:03', '2020-02-11 18:50:03', '2020-02-11 18:50:03');
INSERT INTO `dyna_screen_config_field_data` (`DYNA_CONFIG_ID`, `DYNA_FIELD_ID`, `DYNA_FIELD_DATA_ID`, `ROLE_TYPE_ID`, `SEQUENCE_NUM`, `DATA_NAME`, `DATA_VALUE`, `LAST_UPDATED_STAMP`, `LAST_UPDATED_TX_STAMP`, `CREATED_STAMP`, `CREATED_TX_STAMP`) VALUES ('PARAM_SLA_STP', 'slaEscalation3', '1', NULL, 2, 'Hours', 'Hours', '2020-02-11 18:50:03', '2020-02-11 18:50:03', '2020-02-11 18:50:03', '2020-02-11 18:50:03');
INSERT INTO `dyna_screen_config_field_data` (`DYNA_CONFIG_ID`, `DYNA_FIELD_ID`, `DYNA_FIELD_DATA_ID`, `ROLE_TYPE_ID`, `SEQUENCE_NUM`, `DATA_NAME`, `DATA_VALUE`, `LAST_UPDATED_STAMP`, `LAST_UPDATED_TX_STAMP`, `CREATED_STAMP`, `CREATED_TX_STAMP`) VALUES ('PARAM_SLA_STP', 'slaSrResolution', '0', NULL, 1, 'Days', 'Days', '2020-02-11 18:48:15', '2020-02-11 18:48:15', '2020-02-11 18:48:15', '2020-02-11 18:48:15');
INSERT INTO `dyna_screen_config_field_data` (`DYNA_CONFIG_ID`, `DYNA_FIELD_ID`, `DYNA_FIELD_DATA_ID`, `ROLE_TYPE_ID`, `SEQUENCE_NUM`, `DATA_NAME`, `DATA_VALUE`, `LAST_UPDATED_STAMP`, `LAST_UPDATED_TX_STAMP`, `CREATED_STAMP`, `CREATED_TX_STAMP`) VALUES ('PARAM_SLA_STP', 'slaSrResolution', '1', NULL, 2, 'Hours', 'Hours', '2020-02-11 18:48:15', '2020-02-11 18:48:15', '2020-02-11 18:48:15', '2020-02-11 18:48:15');
INSERT INTO `dyna_screen_config_field_data` (`DYNA_CONFIG_ID`, `DYNA_FIELD_ID`, `DYNA_FIELD_DATA_ID`, `ROLE_TYPE_ID`, `SEQUENCE_NUM`, `DATA_NAME`, `DATA_VALUE`, `LAST_UPDATED_STAMP`, `LAST_UPDATED_TX_STAMP`, `CREATED_STAMP`, `CREATED_TX_STAMP`) VALUES ('PARAM_SLA_STP', 'status', '0', NULL, 1, 'Active', 'ACTIVE', '2020-02-11 18:47:38', '2020-02-11 18:47:38', '2020-02-11 18:47:38', '2020-02-11 18:47:38');
INSERT INTO `dyna_screen_config_field_data` (`DYNA_CONFIG_ID`, `DYNA_FIELD_ID`, `DYNA_FIELD_DATA_ID`, `ROLE_TYPE_ID`, `SEQUENCE_NUM`, `DATA_NAME`, `DATA_VALUE`, `LAST_UPDATED_STAMP`, `LAST_UPDATED_TX_STAMP`, `CREATED_STAMP`, `CREATED_TX_STAMP`) VALUES ('PARAM_SLA_STP', 'status', '1', NULL, 2, 'Inactive', 'IN_ACTIVE', '2020-02-11 18:47:39', '2020-02-11 18:47:38', '2020-02-11 18:47:39', '2020-02-11 18:47:38');
INSERT INTO `dyna_screen_config_field_data` (`DYNA_CONFIG_ID`, `DYNA_FIELD_ID`, `DYNA_FIELD_DATA_ID`, `ROLE_TYPE_ID`, `SEQUENCE_NUM`, `DATA_NAME`, `DATA_VALUE`, `LAST_UPDATED_STAMP`, `LAST_UPDATED_TX_STAMP`, `CREATED_STAMP`, `CREATED_TX_STAMP`) VALUES ('PARAM_SR_TYPE', 'status', '0', NULL, 1, 'Active', 'ACTIVE', '2020-02-10 09:29:39', '2020-02-10 09:29:39', '2020-02-10 09:29:39', '2020-02-10 09:29:39');
INSERT INTO `dyna_screen_config_field_data` (`DYNA_CONFIG_ID`, `DYNA_FIELD_ID`, `DYNA_FIELD_DATA_ID`, `ROLE_TYPE_ID`, `SEQUENCE_NUM`, `DATA_NAME`, `DATA_VALUE`, `LAST_UPDATED_STAMP`, `LAST_UPDATED_TX_STAMP`, `CREATED_STAMP`, `CREATED_TX_STAMP`) VALUES ('PARAM_SR_TYPE', 'status', '1', NULL, 2, 'In Active', 'IN_ACTIVE', '2020-02-10 09:29:39', '2020-02-10 09:29:39', '2020-02-10 09:29:39', '2020-02-10 09:29:39');
INSERT INTO `dyna_screen_config_field_data` (`DYNA_CONFIG_ID`, `DYNA_FIELD_ID`, `DYNA_FIELD_DATA_ID`, `ROLE_TYPE_ID`, `SEQUENCE_NUM`, `DATA_NAME`, `DATA_VALUE`, `LAST_UPDATED_STAMP`, `LAST_UPDATED_TX_STAMP`, `CREATED_STAMP`, `CREATED_TX_STAMP`) VALUES ('PARAM_SR_TYPE', 'status01', '0', NULL, NULL, 'Active', 'ACTIVE', '2020-02-10 15:20:18', '2020-02-10 15:20:18', '2020-02-10 15:20:18', '2020-02-10 15:20:18');
INSERT INTO `dyna_screen_config_field_data` (`DYNA_CONFIG_ID`, `DYNA_FIELD_ID`, `DYNA_FIELD_DATA_ID`, `ROLE_TYPE_ID`, `SEQUENCE_NUM`, `DATA_NAME`, `DATA_VALUE`, `LAST_UPDATED_STAMP`, `LAST_UPDATED_TX_STAMP`, `CREATED_STAMP`, `CREATED_TX_STAMP`) VALUES ('PARAM_SR_TYPE', 'status01', '1', NULL, NULL, 'In Active', 'IN_ACTIVE', '2020-02-10 15:20:18', '2020-02-10 15:20:18', '2020-02-10 15:20:18', '2020-02-10 15:20:18');
INSERT INTO `dyna_screen_config_field_data` (`DYNA_CONFIG_ID`, `DYNA_FIELD_ID`, `DYNA_FIELD_DATA_ID`, `ROLE_TYPE_ID`, `SEQUENCE_NUM`, `DATA_NAME`, `DATA_VALUE`, `LAST_UPDATED_STAMP`, `LAST_UPDATED_TX_STAMP`, `CREATED_STAMP`, `CREATED_TX_STAMP`) VALUES ('TEST', 'status', '0', NULL, 1, 'Active', 'ACTIVE', '2020-02-05 01:54:31', '2020-02-05 01:54:31', '2020-02-05 01:54:31', '2020-02-05 01:54:31');
INSERT INTO `dyna_screen_config_field_data` (`DYNA_CONFIG_ID`, `DYNA_FIELD_ID`, `DYNA_FIELD_DATA_ID`, `ROLE_TYPE_ID`, `SEQUENCE_NUM`, `DATA_NAME`, `DATA_VALUE`, `LAST_UPDATED_STAMP`, `LAST_UPDATED_TX_STAMP`, `CREATED_STAMP`, `CREATED_TX_STAMP`) VALUES ('TEST', 'status', '1', '', 2, 'Inactive', 'IN_ACTIVE', '2020-02-05 01:54:31', '2020-02-05 01:54:31', '2020-02-05 01:54:31', '2020-02-05 01:54:31');
INSERT INTO `dyna_screen_config_field_data` (`DYNA_CONFIG_ID`, `DYNA_FIELD_ID`, `DYNA_FIELD_DATA_ID`, `ROLE_TYPE_ID`, `SEQUENCE_NUM`, `DATA_NAME`, `DATA_VALUE`, `LAST_UPDATED_STAMP`, `LAST_UPDATED_TX_STAMP`, `CREATED_STAMP`, `CREATED_TX_STAMP`) VALUES ('TEST', 'status', '2', '', 4, 'test_02_name', 'test_02_value', '2020-02-05 01:54:31', '2020-02-05 01:54:31', '2020-02-05 01:54:31', '2020-02-05 01:54:31');
INSERT INTO `dyna_screen_config_field_data` (`DYNA_CONFIG_ID`, `DYNA_FIELD_ID`, `DYNA_FIELD_DATA_ID`, `ROLE_TYPE_ID`, `SEQUENCE_NUM`, `DATA_NAME`, `DATA_VALUE`, `LAST_UPDATED_STAMP`, `LAST_UPDATED_TX_STAMP`, `CREATED_STAMP`, `CREATED_TX_STAMP`) VALUES ('TEST', 'status', '3', '', 5, 'test_03_name', 'test_03_value', '2020-02-05 01:54:31', '2020-02-05 01:54:31', '2020-02-05 01:54:31', '2020-02-05 01:54:31');

