INSERT INTO enumeration_type (ENUM_TYPE_ID, PARENT_TYPE_ID, HAS_TABLE, DESCRIPTION, LAST_UPDATED_STAMP, LAST_UPDATED_TX_STAMP, CREATED_STAMP, CREATED_TX_STAMP) VALUES ('NATIONALITY', NULL, 'N', 'Nationality', NULL, NULL, NULL, NULL);

INSERT INTO enumeration (ENUM_ID, ENUM_TYPE_ID, ENUM_CODE, SEQUENCE_ID, DESCRIPTION, LAST_UPDATED_STAMP, LAST_UPDATED_TX_STAMP, CREATED_STAMP, CREATED_TX_STAMP, IS_MULTI_LINGUAL, IS_ENABLED, MIN_PRICE, MAX_PRICE, PARENT_ENUM_ID, DISABLED) VALUES ('AUSTRIAN', 'NATIONALITY', 'AUSTRIAN','01','Austrian', '2019-08-19 07:07:07', '2019-08-19 07:07:07', '2019-08-19 07:07:07', '2019-08-19 07:07:07', 'Y', NULL, NULL, NULL, NULL, NULL);
INSERT INTO enumeration (ENUM_ID, ENUM_TYPE_ID, ENUM_CODE, SEQUENCE_ID, DESCRIPTION, LAST_UPDATED_STAMP, LAST_UPDATED_TX_STAMP, CREATED_STAMP, CREATED_TX_STAMP, IS_MULTI_LINGUAL, IS_ENABLED, MIN_PRICE, MAX_PRICE, PARENT_ENUM_ID, DISABLED) VALUES ('BANGLADESHI', 'NATIONALITY', 'BANGLADESHI','02','Bangladeshi', '2019-08-19 07:07:07', '2019-08-19 07:07:07', '2019-08-19 07:07:07', '2019-08-19 07:07:07', 'Y', NULL, NULL, NULL, NULL, NULL);
INSERT INTO enumeration (ENUM_ID, ENUM_TYPE_ID, ENUM_CODE, SEQUENCE_ID, DESCRIPTION, LAST_UPDATED_STAMP, LAST_UPDATED_TX_STAMP, CREATED_STAMP, CREATED_TX_STAMP, IS_MULTI_LINGUAL, IS_ENABLED, MIN_PRICE, MAX_PRICE, PARENT_ENUM_ID, DISABLED) VALUES ('BELGIAN', 'NATIONALITY', 'BELGIAN','03','Belgian', '2019-08-19 07:07:07', '2019-08-19 07:07:07', '2019-08-19 07:07:07', '2019-08-19 07:07:07', 'Y', NULL, NULL, NULL, NULL, NULL);
INSERT INTO enumeration (ENUM_ID, ENUM_TYPE_ID, ENUM_CODE, SEQUENCE_ID, DESCRIPTION, LAST_UPDATED_STAMP, LAST_UPDATED_TX_STAMP, CREATED_STAMP, CREATED_TX_STAMP, IS_MULTI_LINGUAL, IS_ENABLED, MIN_PRICE, MAX_PRICE, PARENT_ENUM_ID, DISABLED) VALUES ('BOLIVIAN', 'NATIONALITY', 'BOLIVIAN','04','Bolivian', '2019-08-19 07:07:07', '2019-08-19 07:07:07', '2019-08-19 07:07:07', '2019-08-19 07:07:07', 'Y', NULL, NULL, NULL, NULL, NULL);
INSERT INTO enumeration (ENUM_ID, ENUM_TYPE_ID, ENUM_CODE, SEQUENCE_ID, DESCRIPTION, LAST_UPDATED_STAMP, LAST_UPDATED_TX_STAMP, CREATED_STAMP, CREATED_TX_STAMP, IS_MULTI_LINGUAL, IS_ENABLED, MIN_PRICE, MAX_PRICE, PARENT_ENUM_ID, DISABLED) VALUES ('BATSWANA', 'NATIONALITY', 'BATSWANA','05','Batswana', '2019-08-19 07:07:07', '2019-08-19 07:07:07', '2019-08-19 07:07:07', '2019-08-19 07:07:07', 'Y', NULL, NULL, NULL, NULL, NULL);
INSERT INTO enumeration (ENUM_ID, ENUM_TYPE_ID, ENUM_CODE, SEQUENCE_ID, DESCRIPTION, LAST_UPDATED_STAMP, LAST_UPDATED_TX_STAMP, CREATED_STAMP, CREATED_TX_STAMP, IS_MULTI_LINGUAL, IS_ENABLED, MIN_PRICE, MAX_PRICE, PARENT_ENUM_ID, DISABLED) VALUES ('BRAZILIAN', 'NATIONALITY', 'BRAZILIAN','06','Brazilian', '2019-08-19 07:07:07', '2019-08-19 07:07:07', '2019-08-19 07:07:07', '2019-08-19 07:07:07', 'Y', NULL, NULL, NULL, NULL, NULL);
INSERT INTO enumeration (ENUM_ID, ENUM_TYPE_ID, ENUM_CODE, SEQUENCE_ID, DESCRIPTION, LAST_UPDATED_STAMP, LAST_UPDATED_TX_STAMP, CREATED_STAMP, CREATED_TX_STAMP, IS_MULTI_LINGUAL, IS_ENABLED, MIN_PRICE, MAX_PRICE, PARENT_ENUM_ID, DISABLED) VALUES ('BULGARIAN', 'NATIONALITY', 'BULGARIAN','07','Bulgarian', '2019-08-19 07:07:07', '2019-08-19 07:07:07', '2019-08-19 07:07:07', '2019-08-19 07:07:07', 'Y', NULL, NULL, NULL, NULL, NULL);
INSERT INTO enumeration (ENUM_ID, ENUM_TYPE_ID, ENUM_CODE, SEQUENCE_ID, DESCRIPTION, LAST_UPDATED_STAMP, LAST_UPDATED_TX_STAMP, CREATED_STAMP, CREATED_TX_STAMP, IS_MULTI_LINGUAL, IS_ENABLED, MIN_PRICE, MAX_PRICE, PARENT_ENUM_ID, DISABLED) VALUES ('CAMBODIAN', 'NATIONALITY', 'CAMBODIAN','08','Cambodian', '2019-08-19 07:07:07', '2019-08-19 07:07:07', '2019-08-19 07:07:07', '2019-08-19 07:07:07', 'Y', NULL, NULL, NULL, NULL, NULL);
INSERT INTO enumeration (ENUM_ID, ENUM_TYPE_ID, ENUM_CODE, SEQUENCE_ID, DESCRIPTION, LAST_UPDATED_STAMP, LAST_UPDATED_TX_STAMP, CREATED_STAMP, CREATED_TX_STAMP, IS_MULTI_LINGUAL, IS_ENABLED, MIN_PRICE, MAX_PRICE, PARENT_ENUM_ID, DISABLED) VALUES ('CAMEROONIAN', 'NATIONALITY', 'CAMEROONIAN','09','Cameroonian', '2019-08-19 07:07:07', '2019-08-19 07:07:07', '2019-08-19 07:07:07', '2019-08-19 07:07:07', 'Y', NULL, NULL, NULL, NULL, NULL);
INSERT INTO enumeration (ENUM_ID, ENUM_TYPE_ID, ENUM_CODE, SEQUENCE_ID, DESCRIPTION, LAST_UPDATED_STAMP, LAST_UPDATED_TX_STAMP, CREATED_STAMP, CREATED_TX_STAMP, IS_MULTI_LINGUAL, IS_ENABLED, MIN_PRICE, MAX_PRICE, PARENT_ENUM_ID, DISABLED) VALUES ('CANADIAN', 'NATIONALITY', 'CANADIAN','10','Canadian', '2019-08-19 07:07:07', '2019-08-19 07:07:07', '2019-08-19 07:07:07', '2019-08-19 07:07:07', 'Y', NULL, NULL, NULL, NULL, NULL);
INSERT INTO enumeration (ENUM_ID, ENUM_TYPE_ID, ENUM_CODE, SEQUENCE_ID, DESCRIPTION, LAST_UPDATED_STAMP, LAST_UPDATED_TX_STAMP, CREATED_STAMP, CREATED_TX_STAMP, IS_MULTI_LINGUAL, IS_ENABLED, MIN_PRICE, MAX_PRICE, PARENT_ENUM_ID, DISABLED) VALUES ('CHILEAN', 'NATIONALITY', 'CHILEAN','11','Chilean', '2019-08-19 07:07:07', '2019-08-19 07:07:07', '2019-08-19 07:07:07', '2019-08-19 07:07:07', 'Y', NULL, NULL, NULL, NULL, NULL);
INSERT INTO enumeration (ENUM_ID, ENUM_TYPE_ID, ENUM_CODE, SEQUENCE_ID, DESCRIPTION, LAST_UPDATED_STAMP, LAST_UPDATED_TX_STAMP, CREATED_STAMP, CREATED_TX_STAMP, IS_MULTI_LINGUAL, IS_ENABLED, MIN_PRICE, MAX_PRICE, PARENT_ENUM_ID, DISABLED) VALUES ('CHINESE', 'NATIONALITY', 'CHINESE','12','Chinese', '2019-08-19 07:07:07', '2019-08-19 07:07:07', '2019-08-19 07:07:07', '2019-08-19 07:07:07', 'Y', NULL, NULL, NULL, NULL, NULL);
INSERT INTO enumeration (ENUM_ID, ENUM_TYPE_ID, ENUM_CODE, SEQUENCE_ID, DESCRIPTION, LAST_UPDATED_STAMP, LAST_UPDATED_TX_STAMP, CREATED_STAMP, CREATED_TX_STAMP, IS_MULTI_LINGUAL, IS_ENABLED, MIN_PRICE, MAX_PRICE, PARENT_ENUM_ID, DISABLED) VALUES ('COLOMBIAN', 'NATIONALITY', 'COLOMBIAN','13','Colombian', '2019-08-19 07:07:07', '2019-08-19 07:07:07', '2019-08-19 07:07:07', '2019-08-19 07:07:07', 'Y', NULL, NULL, NULL, NULL, NULL);
INSERT INTO enumeration (ENUM_ID, ENUM_TYPE_ID, ENUM_CODE, SEQUENCE_ID, DESCRIPTION, LAST_UPDATED_STAMP, LAST_UPDATED_TX_STAMP, CREATED_STAMP, CREATED_TX_STAMP, IS_MULTI_LINGUAL, IS_ENABLED, MIN_PRICE, MAX_PRICE, PARENT_ENUM_ID, DISABLED) VALUES ('COSTA RICAN', 'NATIONALITY', 'COSTA RICAN','14','Costa Rican', '2019-08-19 07:07:07', '2019-08-19 07:07:07', '2019-08-19 07:07:07', '2019-08-19 07:07:07', 'Y', NULL, NULL, NULL, NULL, NULL);
INSERT INTO enumeration (ENUM_ID, ENUM_TYPE_ID, ENUM_CODE, SEQUENCE_ID, DESCRIPTION, LAST_UPDATED_STAMP, LAST_UPDATED_TX_STAMP, CREATED_STAMP, CREATED_TX_STAMP, IS_MULTI_LINGUAL, IS_ENABLED, MIN_PRICE, MAX_PRICE, PARENT_ENUM_ID, DISABLED) VALUES ('CROATIAN', 'NATIONALITY', 'CROATIAN','15','Croatian', '2019-08-19 07:07:07', '2019-08-19 07:07:07', '2019-08-19 07:07:07', '2019-08-19 07:07:07', 'Y', NULL, NULL, NULL, NULL, NULL);
INSERT INTO enumeration (ENUM_ID, ENUM_TYPE_ID, ENUM_CODE, SEQUENCE_ID, DESCRIPTION, LAST_UPDATED_STAMP, LAST_UPDATED_TX_STAMP, CREATED_STAMP, CREATED_TX_STAMP, IS_MULTI_LINGUAL, IS_ENABLED, MIN_PRICE, MAX_PRICE, PARENT_ENUM_ID, DISABLED) VALUES ('CUBAN', 'NATIONALITY', 'CUBAN','16','Cuban', '2019-08-19 07:07:07', '2019-08-19 07:07:07', '2019-08-19 07:07:07', '2019-08-19 07:07:07', 'Y', NULL, NULL, NULL, NULL, NULL);
INSERT INTO enumeration (ENUM_ID, ENUM_TYPE_ID, ENUM_CODE, SEQUENCE_ID, DESCRIPTION, LAST_UPDATED_STAMP, LAST_UPDATED_TX_STAMP, CREATED_STAMP, CREATED_TX_STAMP, IS_MULTI_LINGUAL, IS_ENABLED, MIN_PRICE, MAX_PRICE, PARENT_ENUM_ID, DISABLED) VALUES ('CZECH', 'NATIONALITY', 'CZECH','17','Czech', '2019-08-19 07:07:07', '2019-08-19 07:07:07', '2019-08-19 07:07:07', '2019-08-19 07:07:07', 'Y', NULL, NULL, NULL, NULL, NULL);
INSERT INTO enumeration (ENUM_ID, ENUM_TYPE_ID, ENUM_CODE, SEQUENCE_ID, DESCRIPTION, LAST_UPDATED_STAMP, LAST_UPDATED_TX_STAMP, CREATED_STAMP, CREATED_TX_STAMP, IS_MULTI_LINGUAL, IS_ENABLED, MIN_PRICE, MAX_PRICE, PARENT_ENUM_ID, DISABLED) VALUES ('DANISH', 'NATIONALITY', 'DANISH','18','Danish', '2019-08-19 07:07:07', '2019-08-19 07:07:07', '2019-08-19 07:07:07', '2019-08-19 07:07:07', 'Y', NULL, NULL, NULL, NULL, NULL);
INSERT INTO enumeration (ENUM_ID, ENUM_TYPE_ID, ENUM_CODE, SEQUENCE_ID, DESCRIPTION, LAST_UPDATED_STAMP, LAST_UPDATED_TX_STAMP, CREATED_STAMP, CREATED_TX_STAMP, IS_MULTI_LINGUAL, IS_ENABLED, MIN_PRICE, MAX_PRICE, PARENT_ENUM_ID, DISABLED) VALUES ('DOMINICAN', 'NATIONALITY', 'DOMINICAN','19','Dominican', '2019-08-19 07:07:07', '2019-08-19 07:07:07', '2019-08-19 07:07:07', '2019-08-19 07:07:07', 'Y', NULL, NULL, NULL, NULL, NULL);
INSERT INTO enumeration (ENUM_ID, ENUM_TYPE_ID, ENUM_CODE, SEQUENCE_ID, DESCRIPTION, LAST_UPDATED_STAMP, LAST_UPDATED_TX_STAMP, CREATED_STAMP, CREATED_TX_STAMP, IS_MULTI_LINGUAL, IS_ENABLED, MIN_PRICE, MAX_PRICE, PARENT_ENUM_ID, DISABLED) VALUES ('ECUADORIAN', 'NATIONALITY', 'ECUADORIAN','20','Ecuadorian', '2019-08-19 07:07:07', '2019-08-19 07:07:07', '2019-08-19 07:07:07', '2019-08-19 07:07:07', 'Y', NULL, NULL, NULL, NULL, NULL);
INSERT INTO enumeration (ENUM_ID, ENUM_TYPE_ID, ENUM_CODE, SEQUENCE_ID, DESCRIPTION, LAST_UPDATED_STAMP, LAST_UPDATED_TX_STAMP, CREATED_STAMP, CREATED_TX_STAMP, IS_MULTI_LINGUAL, IS_ENABLED, MIN_PRICE, MAX_PRICE, PARENT_ENUM_ID, DISABLED) VALUES ('EGYPTIAN', 'NATIONALITY', 'EGYPTIAN','21','Egyptian', '2019-08-19 07:07:07', '2019-08-19 07:07:07', '2019-08-19 07:07:07', '2019-08-19 07:07:07', 'Y', NULL, NULL, NULL, NULL, NULL);
INSERT INTO enumeration (ENUM_ID, ENUM_TYPE_ID, ENUM_CODE, SEQUENCE_ID, DESCRIPTION, LAST_UPDATED_STAMP, LAST_UPDATED_TX_STAMP, CREATED_STAMP, CREATED_TX_STAMP, IS_MULTI_LINGUAL, IS_ENABLED, MIN_PRICE, MAX_PRICE, PARENT_ENUM_ID, DISABLED) VALUES ('SALVADORIAN', 'NATIONALITY', 'SALVADORIAN','22','Salvadorian', '2019-08-19 07:07:07', '2019-08-19 07:07:07', '2019-08-19 07:07:07', '2019-08-19 07:07:07', 'Y', NULL, NULL, NULL, NULL, NULL);
INSERT INTO enumeration (ENUM_ID, ENUM_TYPE_ID, ENUM_CODE, SEQUENCE_ID, DESCRIPTION, LAST_UPDATED_STAMP, LAST_UPDATED_TX_STAMP, CREATED_STAMP, CREATED_TX_STAMP, IS_MULTI_LINGUAL, IS_ENABLED, MIN_PRICE, MAX_PRICE, PARENT_ENUM_ID, DISABLED) VALUES ('ENGLISH', 'NATIONALITY', 'ENGLISH','23','English', '2019-08-19 07:07:07', '2019-08-19 07:07:07', '2019-08-19 07:07:07', '2019-08-19 07:07:07', 'Y', NULL, NULL, NULL, NULL, NULL);
INSERT INTO enumeration (ENUM_ID, ENUM_TYPE_ID, ENUM_CODE, SEQUENCE_ID, DESCRIPTION, LAST_UPDATED_STAMP, LAST_UPDATED_TX_STAMP, CREATED_STAMP, CREATED_TX_STAMP, IS_MULTI_LINGUAL, IS_ENABLED, MIN_PRICE, MAX_PRICE, PARENT_ENUM_ID, DISABLED) VALUES ('ESTONIAN', 'NATIONALITY', 'ESTONIAN','24','Estonian', '2019-08-19 07:07:07', '2019-08-19 07:07:07', '2019-08-19 07:07:07', '2019-08-19 07:07:07', 'Y', NULL, NULL, NULL, NULL, NULL);
INSERT INTO enumeration (ENUM_ID, ENUM_TYPE_ID, ENUM_CODE, SEQUENCE_ID, DESCRIPTION, LAST_UPDATED_STAMP, LAST_UPDATED_TX_STAMP, CREATED_STAMP, CREATED_TX_STAMP, IS_MULTI_LINGUAL, IS_ENABLED, MIN_PRICE, MAX_PRICE, PARENT_ENUM_ID, DISABLED) VALUES ('ETHIOPIAN', 'NATIONALITY', 'ETHIOPIAN','25','Ethiopian', '2019-08-19 07:07:07', '2019-08-19 07:07:07', '2019-08-19 07:07:07', '2019-08-19 07:07:07', 'Y', NULL, NULL, NULL, NULL, NULL);
INSERT INTO enumeration (ENUM_ID, ENUM_TYPE_ID, ENUM_CODE, SEQUENCE_ID, DESCRIPTION, LAST_UPDATED_STAMP, LAST_UPDATED_TX_STAMP, CREATED_STAMP, CREATED_TX_STAMP, IS_MULTI_LINGUAL, IS_ENABLED, MIN_PRICE, MAX_PRICE, PARENT_ENUM_ID, DISABLED) VALUES ('FIJIAN', 'NATIONALITY', 'FIJIAN','26','Fijian', '2019-08-19 07:07:07', '2019-08-19 07:07:07', '2019-08-19 07:07:07', '2019-08-19 07:07:07', 'Y', NULL, NULL, NULL, NULL, NULL);
INSERT INTO enumeration (ENUM_ID, ENUM_TYPE_ID, ENUM_CODE, SEQUENCE_ID, DESCRIPTION, LAST_UPDATED_STAMP, LAST_UPDATED_TX_STAMP, CREATED_STAMP, CREATED_TX_STAMP, IS_MULTI_LINGUAL, IS_ENABLED, MIN_PRICE, MAX_PRICE, PARENT_ENUM_ID, DISABLED) VALUES ('FINNISH', 'NATIONALITY', 'FINNISH','27','Finnish', '2019-08-19 07:07:07', '2019-08-19 07:07:07', '2019-08-19 07:07:07', '2019-08-19 07:07:07', 'Y', NULL, NULL, NULL, NULL, NULL);
INSERT INTO enumeration (ENUM_ID, ENUM_TYPE_ID, ENUM_CODE, SEQUENCE_ID, DESCRIPTION, LAST_UPDATED_STAMP, LAST_UPDATED_TX_STAMP, CREATED_STAMP, CREATED_TX_STAMP, IS_MULTI_LINGUAL, IS_ENABLED, MIN_PRICE, MAX_PRICE, PARENT_ENUM_ID, DISABLED) VALUES ('FRENCH', 'NATIONALITY', 'FRENCH','28','French', '2019-08-19 07:07:07', '2019-08-19 07:07:07', '2019-08-19 07:07:07', '2019-08-19 07:07:07', 'Y', NULL, NULL, NULL, NULL, NULL);
INSERT INTO enumeration (ENUM_ID, ENUM_TYPE_ID, ENUM_CODE, SEQUENCE_ID, DESCRIPTION, LAST_UPDATED_STAMP, LAST_UPDATED_TX_STAMP, CREATED_STAMP, CREATED_TX_STAMP, IS_MULTI_LINGUAL, IS_ENABLED, MIN_PRICE, MAX_PRICE, PARENT_ENUM_ID, DISABLED) VALUES ('GERMAN', 'NATIONALITY', 'GERMAN','29','German', '2019-08-19 07:07:07', '2019-08-19 07:07:07', '2019-08-19 07:07:07', '2019-08-19 07:07:07', 'Y', NULL, NULL, NULL, NULL, NULL);
INSERT INTO enumeration (ENUM_ID, ENUM_TYPE_ID, ENUM_CODE, SEQUENCE_ID, DESCRIPTION, LAST_UPDATED_STAMP, LAST_UPDATED_TX_STAMP, CREATED_STAMP, CREATED_TX_STAMP, IS_MULTI_LINGUAL, IS_ENABLED, MIN_PRICE, MAX_PRICE, PARENT_ENUM_ID, DISABLED) VALUES ('GHANAIAN', 'NATIONALITY', 'GHANAIAN','30','Ghanaian', '2019-08-19 07:07:07', '2019-08-19 07:07:07', '2019-08-19 07:07:07', '2019-08-19 07:07:07', 'Y', NULL, NULL, NULL, NULL, NULL);
INSERT INTO enumeration (ENUM_ID, ENUM_TYPE_ID, ENUM_CODE, SEQUENCE_ID, DESCRIPTION, LAST_UPDATED_STAMP, LAST_UPDATED_TX_STAMP, CREATED_STAMP, CREATED_TX_STAMP, IS_MULTI_LINGUAL, IS_ENABLED, MIN_PRICE, MAX_PRICE, PARENT_ENUM_ID, DISABLED) VALUES ('GREEK', 'NATIONALITY', 'GREEK','31','Greek', '2019-08-19 07:07:07', '2019-08-19 07:07:07', '2019-08-19 07:07:07', '2019-08-19 07:07:07', 'Y', NULL, NULL, NULL, NULL, NULL);
INSERT INTO enumeration (ENUM_ID, ENUM_TYPE_ID, ENUM_CODE, SEQUENCE_ID, DESCRIPTION, LAST_UPDATED_STAMP, LAST_UPDATED_TX_STAMP, CREATED_STAMP, CREATED_TX_STAMP, IS_MULTI_LINGUAL, IS_ENABLED, MIN_PRICE, MAX_PRICE, PARENT_ENUM_ID, DISABLED) VALUES ('GUATEMALAN', 'NATIONALITY', 'GUATEMALAN','32','Guatemalan', '2019-08-19 07:07:07', '2019-08-19 07:07:07', '2019-08-19 07:07:07', '2019-08-19 07:07:07', 'Y', NULL, NULL, NULL, NULL, NULL);
INSERT INTO enumeration (ENUM_ID, ENUM_TYPE_ID, ENUM_CODE, SEQUENCE_ID, DESCRIPTION, LAST_UPDATED_STAMP, LAST_UPDATED_TX_STAMP, CREATED_STAMP, CREATED_TX_STAMP, IS_MULTI_LINGUAL, IS_ENABLED, MIN_PRICE, MAX_PRICE, PARENT_ENUM_ID, DISABLED) VALUES ('HAITIAN', 'NATIONALITY', 'HAITIAN','33','Haitian', '2019-08-19 07:07:07', '2019-08-19 07:07:07', '2019-08-19 07:07:07', '2019-08-19 07:07:07', 'Y', NULL, NULL, NULL, NULL, NULL);
INSERT INTO enumeration (ENUM_ID, ENUM_TYPE_ID, ENUM_CODE, SEQUENCE_ID, DESCRIPTION, LAST_UPDATED_STAMP, LAST_UPDATED_TX_STAMP, CREATED_STAMP, CREATED_TX_STAMP, IS_MULTI_LINGUAL, IS_ENABLED, MIN_PRICE, MAX_PRICE, PARENT_ENUM_ID, DISABLED) VALUES ('HONDURAN', 'NATIONALITY', 'HONDURAN','34','Honduran', '2019-08-19 07:07:07', '2019-08-19 07:07:07', '2019-08-19 07:07:07', '2019-08-19 07:07:07', 'Y', NULL, NULL, NULL, NULL, NULL);
INSERT INTO enumeration (ENUM_ID, ENUM_TYPE_ID, ENUM_CODE, SEQUENCE_ID, DESCRIPTION, LAST_UPDATED_STAMP, LAST_UPDATED_TX_STAMP, CREATED_STAMP, CREATED_TX_STAMP, IS_MULTI_LINGUAL, IS_ENABLED, MIN_PRICE, MAX_PRICE, PARENT_ENUM_ID, DISABLED) VALUES ('HUNGARIAN', 'NATIONALITY', 'HUNGARIAN','35','Hungarian', '2019-08-19 07:07:07', '2019-08-19 07:07:07', '2019-08-19 07:07:07', '2019-08-19 07:07:07', 'Y', NULL, NULL, NULL, NULL, NULL);
INSERT INTO enumeration (ENUM_ID, ENUM_TYPE_ID, ENUM_CODE, SEQUENCE_ID, DESCRIPTION, LAST_UPDATED_STAMP, LAST_UPDATED_TX_STAMP, CREATED_STAMP, CREATED_TX_STAMP, IS_MULTI_LINGUAL, IS_ENABLED, MIN_PRICE, MAX_PRICE, PARENT_ENUM_ID, DISABLED) VALUES ('ICELANDIC', 'NATIONALITY', 'ICELANDIC','36','Icelandic', '2019-08-19 07:07:07', '2019-08-19 07:07:07', '2019-08-19 07:07:07', '2019-08-19 07:07:07', 'Y', NULL, NULL, NULL, NULL, NULL);
INSERT INTO enumeration (ENUM_ID, ENUM_TYPE_ID, ENUM_CODE, SEQUENCE_ID, DESCRIPTION, LAST_UPDATED_STAMP, LAST_UPDATED_TX_STAMP, CREATED_STAMP, CREATED_TX_STAMP, IS_MULTI_LINGUAL, IS_ENABLED, MIN_PRICE, MAX_PRICE, PARENT_ENUM_ID, DISABLED) VALUES ('INDIAN', 'NATIONALITY', 'INDIAN','37','Indian', '2019-08-19 07:07:07', '2019-08-19 07:07:07', '2019-08-19 07:07:07', '2019-08-19 07:07:07', 'Y', NULL, NULL, NULL, NULL, NULL);
INSERT INTO enumeration (ENUM_ID, ENUM_TYPE_ID, ENUM_CODE, SEQUENCE_ID, DESCRIPTION, LAST_UPDATED_STAMP, LAST_UPDATED_TX_STAMP, CREATED_STAMP, CREATED_TX_STAMP, IS_MULTI_LINGUAL, IS_ENABLED, MIN_PRICE, MAX_PRICE, PARENT_ENUM_ID, DISABLED) VALUES ('INDONESIAN', 'NATIONALITY', 'INDONESIAN','38','Indonesian', '2019-08-19 07:07:07', '2019-08-19 07:07:07', '2019-08-19 07:07:07', '2019-08-19 07:07:07', 'Y', NULL, NULL, NULL, NULL, NULL);
INSERT INTO enumeration (ENUM_ID, ENUM_TYPE_ID, ENUM_CODE, SEQUENCE_ID, DESCRIPTION, LAST_UPDATED_STAMP, LAST_UPDATED_TX_STAMP, CREATED_STAMP, CREATED_TX_STAMP, IS_MULTI_LINGUAL, IS_ENABLED, MIN_PRICE, MAX_PRICE, PARENT_ENUM_ID, DISABLED) VALUES ('IRANIAN', 'NATIONALITY', 'IRANIAN','39','Iranian', '2019-08-19 07:07:07', '2019-08-19 07:07:07', '2019-08-19 07:07:07', '2019-08-19 07:07:07', 'Y', NULL, NULL, NULL, NULL, NULL);
INSERT INTO enumeration (ENUM_ID, ENUM_TYPE_ID, ENUM_CODE, SEQUENCE_ID, DESCRIPTION, LAST_UPDATED_STAMP, LAST_UPDATED_TX_STAMP, CREATED_STAMP, CREATED_TX_STAMP, IS_MULTI_LINGUAL, IS_ENABLED, MIN_PRICE, MAX_PRICE, PARENT_ENUM_ID, DISABLED) VALUES ('IRAQI', 'NATIONALITY', 'IRAQI','40','Iraqi', '2019-08-19 07:07:07', '2019-08-19 07:07:07', '2019-08-19 07:07:07', '2019-08-19 07:07:07', 'Y', NULL, NULL, NULL, NULL, NULL);
INSERT INTO enumeration (ENUM_ID, ENUM_TYPE_ID, ENUM_CODE, SEQUENCE_ID, DESCRIPTION, LAST_UPDATED_STAMP, LAST_UPDATED_TX_STAMP, CREATED_STAMP, CREATED_TX_STAMP, IS_MULTI_LINGUAL, IS_ENABLED, MIN_PRICE, MAX_PRICE, PARENT_ENUM_ID, DISABLED) VALUES ('IRISH', 'NATIONALITY', 'IRISH','41','Irish', '2019-08-19 07:07:07', '2019-08-19 07:07:07', '2019-08-19 07:07:07', '2019-08-19 07:07:07', 'Y', NULL, NULL, NULL, NULL, NULL);
INSERT INTO enumeration (ENUM_ID, ENUM_TYPE_ID, ENUM_CODE, SEQUENCE_ID, DESCRIPTION, LAST_UPDATED_STAMP, LAST_UPDATED_TX_STAMP, CREATED_STAMP, CREATED_TX_STAMP, IS_MULTI_LINGUAL, IS_ENABLED, MIN_PRICE, MAX_PRICE, PARENT_ENUM_ID, DISABLED) VALUES ('ISRAELI', 'NATIONALITY', 'ISRAELI','42','Israeli', '2019-08-19 07:07:07', '2019-08-19 07:07:07', '2019-08-19 07:07:07', '2019-08-19 07:07:07', 'Y', NULL, NULL, NULL, NULL, NULL);
INSERT INTO enumeration (ENUM_ID, ENUM_TYPE_ID, ENUM_CODE, SEQUENCE_ID, DESCRIPTION, LAST_UPDATED_STAMP, LAST_UPDATED_TX_STAMP, CREATED_STAMP, CREATED_TX_STAMP, IS_MULTI_LINGUAL, IS_ENABLED, MIN_PRICE, MAX_PRICE, PARENT_ENUM_ID, DISABLED) VALUES ('ITALIAN', 'NATIONALITY', 'ITALIAN','43','Italian', '2019-08-19 07:07:07', '2019-08-19 07:07:07', '2019-08-19 07:07:07', '2019-08-19 07:07:07', 'Y', NULL, NULL, NULL, NULL, NULL);
INSERT INTO enumeration (ENUM_ID, ENUM_TYPE_ID, ENUM_CODE, SEQUENCE_ID, DESCRIPTION, LAST_UPDATED_STAMP, LAST_UPDATED_TX_STAMP, CREATED_STAMP, CREATED_TX_STAMP, IS_MULTI_LINGUAL, IS_ENABLED, MIN_PRICE, MAX_PRICE, PARENT_ENUM_ID, DISABLED) VALUES ('JAMAICAN', 'NATIONALITY', 'JAMAICAN','44','Jamaican', '2019-08-19 07:07:07', '2019-08-19 07:07:07', '2019-08-19 07:07:07', '2019-08-19 07:07:07', 'Y', NULL, NULL, NULL, NULL, NULL);
INSERT INTO enumeration (ENUM_ID, ENUM_TYPE_ID, ENUM_CODE, SEQUENCE_ID, DESCRIPTION, LAST_UPDATED_STAMP, LAST_UPDATED_TX_STAMP, CREATED_STAMP, CREATED_TX_STAMP, IS_MULTI_LINGUAL, IS_ENABLED, MIN_PRICE, MAX_PRICE, PARENT_ENUM_ID, DISABLED) VALUES ('JAPANESE', 'NATIONALITY', 'JAPANESE','45','Japanese', '2019-08-19 07:07:07', '2019-08-19 07:07:07', '2019-08-19 07:07:07', '2019-08-19 07:07:07', 'Y', NULL, NULL, NULL, NULL, NULL);
INSERT INTO enumeration (ENUM_ID, ENUM_TYPE_ID, ENUM_CODE, SEQUENCE_ID, DESCRIPTION, LAST_UPDATED_STAMP, LAST_UPDATED_TX_STAMP, CREATED_STAMP, CREATED_TX_STAMP, IS_MULTI_LINGUAL, IS_ENABLED, MIN_PRICE, MAX_PRICE, PARENT_ENUM_ID, DISABLED) VALUES ('JORDANIAN', 'NATIONALITY', 'JORDANIAN','46','Jordanian', '2019-08-19 07:07:07', '2019-08-19 07:07:07', '2019-08-19 07:07:07', '2019-08-19 07:07:07', 'Y', NULL, NULL, NULL, NULL, NULL);
INSERT INTO enumeration (ENUM_ID, ENUM_TYPE_ID, ENUM_CODE, SEQUENCE_ID, DESCRIPTION, LAST_UPDATED_STAMP, LAST_UPDATED_TX_STAMP, CREATED_STAMP, CREATED_TX_STAMP, IS_MULTI_LINGUAL, IS_ENABLED, MIN_PRICE, MAX_PRICE, PARENT_ENUM_ID, DISABLED) VALUES ('KENYAN', 'NATIONALITY', 'KENYAN','47','Kenyan', '2019-08-19 07:07:07', '2019-08-19 07:07:07', '2019-08-19 07:07:07', '2019-08-19 07:07:07', 'Y', NULL, NULL, NULL, NULL, NULL);
INSERT INTO enumeration (ENUM_ID, ENUM_TYPE_ID, ENUM_CODE, SEQUENCE_ID, DESCRIPTION, LAST_UPDATED_STAMP, LAST_UPDATED_TX_STAMP, CREATED_STAMP, CREATED_TX_STAMP, IS_MULTI_LINGUAL, IS_ENABLED, MIN_PRICE, MAX_PRICE, PARENT_ENUM_ID, DISABLED) VALUES ('KUWAITI', 'NATIONALITY', 'KUWAITI','48','Kuwaiti', '2019-08-19 07:07:07', '2019-08-19 07:07:07', '2019-08-19 07:07:07', '2019-08-19 07:07:07', 'Y', NULL, NULL, NULL, NULL, NULL);
INSERT INTO enumeration (ENUM_ID, ENUM_TYPE_ID, ENUM_CODE, SEQUENCE_ID, DESCRIPTION, LAST_UPDATED_STAMP, LAST_UPDATED_TX_STAMP, CREATED_STAMP, CREATED_TX_STAMP, IS_MULTI_LINGUAL, IS_ENABLED, MIN_PRICE, MAX_PRICE, PARENT_ENUM_ID, DISABLED) VALUES ('LAO', 'NATIONALITY', 'LAO','49','Lao', '2019-08-19 07:07:07', '2019-08-19 07:07:07', '2019-08-19 07:07:07', '2019-08-19 07:07:07', 'Y', NULL, NULL, NULL, NULL, NULL);
INSERT INTO enumeration (ENUM_ID, ENUM_TYPE_ID, ENUM_CODE, SEQUENCE_ID, DESCRIPTION, LAST_UPDATED_STAMP, LAST_UPDATED_TX_STAMP, CREATED_STAMP, CREATED_TX_STAMP, IS_MULTI_LINGUAL, IS_ENABLED, MIN_PRICE, MAX_PRICE, PARENT_ENUM_ID, DISABLED) VALUES ('LATVIAN', 'NATIONALITY', 'LATVIAN','50','Latvian', '2019-08-19 07:07:07', '2019-08-19 07:07:07', '2019-08-19 07:07:07', '2019-08-19 07:07:07', 'Y', NULL, NULL, NULL, NULL, NULL);
INSERT INTO enumeration (ENUM_ID, ENUM_TYPE_ID, ENUM_CODE, SEQUENCE_ID, DESCRIPTION, LAST_UPDATED_STAMP, LAST_UPDATED_TX_STAMP, CREATED_STAMP, CREATED_TX_STAMP, IS_MULTI_LINGUAL, IS_ENABLED, MIN_PRICE, MAX_PRICE, PARENT_ENUM_ID, DISABLED) VALUES ('LEBANESE', 'NATIONALITY', 'LEBANESE','51','Lebanese', '2019-08-19 07:07:07', '2019-08-19 07:07:07', '2019-08-19 07:07:07', '2019-08-19 07:07:07', 'Y', NULL, NULL, NULL, NULL, NULL);
INSERT INTO enumeration (ENUM_ID, ENUM_TYPE_ID, ENUM_CODE, SEQUENCE_ID, DESCRIPTION, LAST_UPDATED_STAMP, LAST_UPDATED_TX_STAMP, CREATED_STAMP, CREATED_TX_STAMP, IS_MULTI_LINGUAL, IS_ENABLED, MIN_PRICE, MAX_PRICE, PARENT_ENUM_ID, DISABLED) VALUES ('LIBYAN', 'NATIONALITY', 'LIBYAN','52','Libyan', '2019-08-19 07:07:07', '2019-08-19 07:07:07', '2019-08-19 07:07:07', '2019-08-19 07:07:07', 'Y', NULL, NULL, NULL, NULL, NULL);
INSERT INTO enumeration (ENUM_ID, ENUM_TYPE_ID, ENUM_CODE, SEQUENCE_ID, DESCRIPTION, LAST_UPDATED_STAMP, LAST_UPDATED_TX_STAMP, CREATED_STAMP, CREATED_TX_STAMP, IS_MULTI_LINGUAL, IS_ENABLED, MIN_PRICE, MAX_PRICE, PARENT_ENUM_ID, DISABLED) VALUES ('LITHUANIAN', 'NATIONALITY', 'LITHUANIAN','53','Lithuanian', '2019-08-19 07:07:07', '2019-08-19 07:07:07', '2019-08-19 07:07:07', '2019-08-19 07:07:07', 'Y', NULL, NULL, NULL, NULL, NULL);
INSERT INTO enumeration (ENUM_ID, ENUM_TYPE_ID, ENUM_CODE, SEQUENCE_ID, DESCRIPTION, LAST_UPDATED_STAMP, LAST_UPDATED_TX_STAMP, CREATED_STAMP, CREATED_TX_STAMP, IS_MULTI_LINGUAL, IS_ENABLED, MIN_PRICE, MAX_PRICE, PARENT_ENUM_ID, DISABLED) VALUES ('MALAYSIAN', 'NATIONALITY', 'MALAYSIAN','54','Malaysian', '2019-08-19 07:07:07', '2019-08-19 07:07:07', '2019-08-19 07:07:07', '2019-08-19 07:07:07', 'Y', NULL, NULL, NULL, NULL, NULL);
INSERT INTO enumeration (ENUM_ID, ENUM_TYPE_ID, ENUM_CODE, SEQUENCE_ID, DESCRIPTION, LAST_UPDATED_STAMP, LAST_UPDATED_TX_STAMP, CREATED_STAMP, CREATED_TX_STAMP, IS_MULTI_LINGUAL, IS_ENABLED, MIN_PRICE, MAX_PRICE, PARENT_ENUM_ID, DISABLED) VALUES ('MALIAN', 'NATIONALITY', 'MALIAN','55','Malian', '2019-08-19 07:07:07', '2019-08-19 07:07:07', '2019-08-19 07:07:07', '2019-08-19 07:07:07', 'Y', NULL, NULL, NULL, NULL, NULL);
INSERT INTO enumeration (ENUM_ID, ENUM_TYPE_ID, ENUM_CODE, SEQUENCE_ID, DESCRIPTION, LAST_UPDATED_STAMP, LAST_UPDATED_TX_STAMP, CREATED_STAMP, CREATED_TX_STAMP, IS_MULTI_LINGUAL, IS_ENABLED, MIN_PRICE, MAX_PRICE, PARENT_ENUM_ID, DISABLED) VALUES ('MALTESE', 'NATIONALITY', 'MALTESE','56','Maltese', '2019-08-19 07:07:07', '2019-08-19 07:07:07', '2019-08-19 07:07:07', '2019-08-19 07:07:07', 'Y', NULL, NULL, NULL, NULL, NULL);
INSERT INTO enumeration (ENUM_ID, ENUM_TYPE_ID, ENUM_CODE, SEQUENCE_ID, DESCRIPTION, LAST_UPDATED_STAMP, LAST_UPDATED_TX_STAMP, CREATED_STAMP, CREATED_TX_STAMP, IS_MULTI_LINGUAL, IS_ENABLED, MIN_PRICE, MAX_PRICE, PARENT_ENUM_ID, DISABLED) VALUES ('MEXICAN', 'NATIONALITY', 'MEXICAN','57','Mexican', '2019-08-19 07:07:07', '2019-08-19 07:07:07', '2019-08-19 07:07:07', '2019-08-19 07:07:07', 'Y', NULL, NULL, NULL, NULL, NULL);
INSERT INTO enumeration (ENUM_ID, ENUM_TYPE_ID, ENUM_CODE, SEQUENCE_ID, DESCRIPTION, LAST_UPDATED_STAMP, LAST_UPDATED_TX_STAMP, CREATED_STAMP, CREATED_TX_STAMP, IS_MULTI_LINGUAL, IS_ENABLED, MIN_PRICE, MAX_PRICE, PARENT_ENUM_ID, DISABLED) VALUES ('MONGOLIAN', 'NATIONALITY', 'MONGOLIAN','58','Mongolian', '2019-08-19 07:07:07', '2019-08-19 07:07:07', '2019-08-19 07:07:07', '2019-08-19 07:07:07', 'Y', NULL, NULL, NULL, NULL, NULL);
INSERT INTO enumeration (ENUM_ID, ENUM_TYPE_ID, ENUM_CODE, SEQUENCE_ID, DESCRIPTION, LAST_UPDATED_STAMP, LAST_UPDATED_TX_STAMP, CREATED_STAMP, CREATED_TX_STAMP, IS_MULTI_LINGUAL, IS_ENABLED, MIN_PRICE, MAX_PRICE, PARENT_ENUM_ID, DISABLED) VALUES ('MOROCCAN', 'NATIONALITY', 'MOROCCAN','59','Moroccan', '2019-08-19 07:07:07', '2019-08-19 07:07:07', '2019-08-19 07:07:07', '2019-08-19 07:07:07', 'Y', NULL, NULL, NULL, NULL, NULL);
INSERT INTO enumeration (ENUM_ID, ENUM_TYPE_ID, ENUM_CODE, SEQUENCE_ID, DESCRIPTION, LAST_UPDATED_STAMP, LAST_UPDATED_TX_STAMP, CREATED_STAMP, CREATED_TX_STAMP, IS_MULTI_LINGUAL, IS_ENABLED, MIN_PRICE, MAX_PRICE, PARENT_ENUM_ID, DISABLED) VALUES ('MOZAMBICAN', 'NATIONALITY', 'MOZAMBICAN','60','Mozambican', '2019-08-19 07:07:07', '2019-08-19 07:07:07', '2019-08-19 07:07:07', '2019-08-19 07:07:07', 'Y', NULL, NULL, NULL, NULL, NULL);
INSERT INTO enumeration (ENUM_ID, ENUM_TYPE_ID, ENUM_CODE, SEQUENCE_ID, DESCRIPTION, LAST_UPDATED_STAMP, LAST_UPDATED_TX_STAMP, CREATED_STAMP, CREATED_TX_STAMP, IS_MULTI_LINGUAL, IS_ENABLED, MIN_PRICE, MAX_PRICE, PARENT_ENUM_ID, DISABLED) VALUES ('NAMIBIAN', 'NATIONALITY', 'NAMIBIAN','61','Namibian', '2019-08-19 07:07:07', '2019-08-19 07:07:07', '2019-08-19 07:07:07', '2019-08-19 07:07:07', 'Y', NULL, NULL, NULL, NULL, NULL);
INSERT INTO enumeration (ENUM_ID, ENUM_TYPE_ID, ENUM_CODE, SEQUENCE_ID, DESCRIPTION, LAST_UPDATED_STAMP, LAST_UPDATED_TX_STAMP, CREATED_STAMP, CREATED_TX_STAMP, IS_MULTI_LINGUAL, IS_ENABLED, MIN_PRICE, MAX_PRICE, PARENT_ENUM_ID, DISABLED) VALUES ('NEPALESE', 'NATIONALITY', 'NEPALESE','62','Nepalese', '2019-08-19 07:07:07', '2019-08-19 07:07:07', '2019-08-19 07:07:07', '2019-08-19 07:07:07', 'Y', NULL, NULL, NULL, NULL, NULL);
INSERT INTO enumeration (ENUM_ID, ENUM_TYPE_ID, ENUM_CODE, SEQUENCE_ID, DESCRIPTION, LAST_UPDATED_STAMP, LAST_UPDATED_TX_STAMP, CREATED_STAMP, CREATED_TX_STAMP, IS_MULTI_LINGUAL, IS_ENABLED, MIN_PRICE, MAX_PRICE, PARENT_ENUM_ID, DISABLED) VALUES ('DUTCH', 'NATIONALITY', 'DUTCH','63','Dutch', '2019-08-19 07:07:07', '2019-08-19 07:07:07', '2019-08-19 07:07:07', '2019-08-19 07:07:07', 'Y', NULL, NULL, NULL, NULL, NULL);
INSERT INTO enumeration (ENUM_ID, ENUM_TYPE_ID, ENUM_CODE, SEQUENCE_ID, DESCRIPTION, LAST_UPDATED_STAMP, LAST_UPDATED_TX_STAMP, CREATED_STAMP, CREATED_TX_STAMP, IS_MULTI_LINGUAL, IS_ENABLED, MIN_PRICE, MAX_PRICE, PARENT_ENUM_ID, DISABLED) VALUES ('NEW ZEALAND', 'NATIONALITY', 'NEW ZEALAND','64','New Zealand', '2019-08-19 07:07:07', '2019-08-19 07:07:07', '2019-08-19 07:07:07', '2019-08-19 07:07:07', 'Y', NULL, NULL, NULL, NULL, NULL);
INSERT INTO enumeration (ENUM_ID, ENUM_TYPE_ID, ENUM_CODE, SEQUENCE_ID, DESCRIPTION, LAST_UPDATED_STAMP, LAST_UPDATED_TX_STAMP, CREATED_STAMP, CREATED_TX_STAMP, IS_MULTI_LINGUAL, IS_ENABLED, MIN_PRICE, MAX_PRICE, PARENT_ENUM_ID, DISABLED) VALUES ('NICARAGUAN', 'NATIONALITY', 'NICARAGUAN','65','Nicaraguan', '2019-08-19 07:07:07', '2019-08-19 07:07:07', '2019-08-19 07:07:07', '2019-08-19 07:07:07', 'Y', NULL, NULL, NULL, NULL, NULL);
INSERT INTO enumeration (ENUM_ID, ENUM_TYPE_ID, ENUM_CODE, SEQUENCE_ID, DESCRIPTION, LAST_UPDATED_STAMP, LAST_UPDATED_TX_STAMP, CREATED_STAMP, CREATED_TX_STAMP, IS_MULTI_LINGUAL, IS_ENABLED, MIN_PRICE, MAX_PRICE, PARENT_ENUM_ID, DISABLED) VALUES ('NIGERIAN', 'NATIONALITY', 'NIGERIAN','66','Nigerian', '2019-08-19 07:07:07', '2019-08-19 07:07:07', '2019-08-19 07:07:07', '2019-08-19 07:07:07', 'Y', NULL, NULL, NULL, NULL, NULL);
INSERT INTO enumeration (ENUM_ID, ENUM_TYPE_ID, ENUM_CODE, SEQUENCE_ID, DESCRIPTION, LAST_UPDATED_STAMP, LAST_UPDATED_TX_STAMP, CREATED_STAMP, CREATED_TX_STAMP, IS_MULTI_LINGUAL, IS_ENABLED, MIN_PRICE, MAX_PRICE, PARENT_ENUM_ID, DISABLED) VALUES ('NORWEGIAN', 'NATIONALITY', 'NORWEGIAN','67','Norwegian', '2019-08-19 07:07:07', '2019-08-19 07:07:07', '2019-08-19 07:07:07', '2019-08-19 07:07:07', 'Y', NULL, NULL, NULL, NULL, NULL);
INSERT INTO enumeration (ENUM_ID, ENUM_TYPE_ID, ENUM_CODE, SEQUENCE_ID, DESCRIPTION, LAST_UPDATED_STAMP, LAST_UPDATED_TX_STAMP, CREATED_STAMP, CREATED_TX_STAMP, IS_MULTI_LINGUAL, IS_ENABLED, MIN_PRICE, MAX_PRICE, PARENT_ENUM_ID, DISABLED) VALUES ('PAKISTANI', 'NATIONALITY', 'PAKISTANI','68','Pakistani', '2019-08-19 07:07:07', '2019-08-19 07:07:07', '2019-08-19 07:07:07', '2019-08-19 07:07:07', 'Y', NULL, NULL, NULL, NULL, NULL);
INSERT INTO enumeration (ENUM_ID, ENUM_TYPE_ID, ENUM_CODE, SEQUENCE_ID, DESCRIPTION, LAST_UPDATED_STAMP, LAST_UPDATED_TX_STAMP, CREATED_STAMP, CREATED_TX_STAMP, IS_MULTI_LINGUAL, IS_ENABLED, MIN_PRICE, MAX_PRICE, PARENT_ENUM_ID, DISABLED) VALUES ('PANAMANIAN', 'NATIONALITY', 'PANAMANIAN','69','Panamanian', '2019-08-19 07:07:07', '2019-08-19 07:07:07', '2019-08-19 07:07:07', '2019-08-19 07:07:07', 'Y', NULL, NULL, NULL, NULL, NULL);
INSERT INTO enumeration (ENUM_ID, ENUM_TYPE_ID, ENUM_CODE, SEQUENCE_ID, DESCRIPTION, LAST_UPDATED_STAMP, LAST_UPDATED_TX_STAMP, CREATED_STAMP, CREATED_TX_STAMP, IS_MULTI_LINGUAL, IS_ENABLED, MIN_PRICE, MAX_PRICE, PARENT_ENUM_ID, DISABLED) VALUES ('PARAGUAYAN', 'NATIONALITY', 'PARAGUAYAN','70','Paraguayan', '2019-08-19 07:07:07', '2019-08-19 07:07:07', '2019-08-19 07:07:07', '2019-08-19 07:07:07', 'Y', NULL, NULL, NULL, NULL, NULL);
INSERT INTO enumeration (ENUM_ID, ENUM_TYPE_ID, ENUM_CODE, SEQUENCE_ID, DESCRIPTION, LAST_UPDATED_STAMP, LAST_UPDATED_TX_STAMP, CREATED_STAMP, CREATED_TX_STAMP, IS_MULTI_LINGUAL, IS_ENABLED, MIN_PRICE, MAX_PRICE, PARENT_ENUM_ID, DISABLED) VALUES ('PERUVIAN', 'NATIONALITY', 'PERUVIAN','71','Peruvian', '2019-08-19 07:07:07', '2019-08-19 07:07:07', '2019-08-19 07:07:07', '2019-08-19 07:07:07', 'Y', NULL, NULL, NULL, NULL, NULL);
INSERT INTO enumeration (ENUM_ID, ENUM_TYPE_ID, ENUM_CODE, SEQUENCE_ID, DESCRIPTION, LAST_UPDATED_STAMP, LAST_UPDATED_TX_STAMP, CREATED_STAMP, CREATED_TX_STAMP, IS_MULTI_LINGUAL, IS_ENABLED, MIN_PRICE, MAX_PRICE, PARENT_ENUM_ID, DISABLED) VALUES ('PHILIPPINE', 'NATIONALITY', 'PHILIPPINE','72','Philippine', '2019-08-19 07:07:07', '2019-08-19 07:07:07', '2019-08-19 07:07:07', '2019-08-19 07:07:07', 'Y', NULL, NULL, NULL, NULL, NULL);
INSERT INTO enumeration (ENUM_ID, ENUM_TYPE_ID, ENUM_CODE, SEQUENCE_ID, DESCRIPTION, LAST_UPDATED_STAMP, LAST_UPDATED_TX_STAMP, CREATED_STAMP, CREATED_TX_STAMP, IS_MULTI_LINGUAL, IS_ENABLED, MIN_PRICE, MAX_PRICE, PARENT_ENUM_ID, DISABLED) VALUES ('POLISH', 'NATIONALITY', 'POLISH','73','Polish', '2019-08-19 07:07:07', '2019-08-19 07:07:07', '2019-08-19 07:07:07', '2019-08-19 07:07:07', 'Y', NULL, NULL, NULL, NULL, NULL);
INSERT INTO enumeration (ENUM_ID, ENUM_TYPE_ID, ENUM_CODE, SEQUENCE_ID, DESCRIPTION, LAST_UPDATED_STAMP, LAST_UPDATED_TX_STAMP, CREATED_STAMP, CREATED_TX_STAMP, IS_MULTI_LINGUAL, IS_ENABLED, MIN_PRICE, MAX_PRICE, PARENT_ENUM_ID, DISABLED) VALUES ('PORTUGUESE', 'NATIONALITY', 'PORTUGUESE','74','Portuguese', '2019-08-19 07:07:07', '2019-08-19 07:07:07', '2019-08-19 07:07:07', '2019-08-19 07:07:07', 'Y', NULL, NULL, NULL, NULL, NULL);
INSERT INTO enumeration (ENUM_ID, ENUM_TYPE_ID, ENUM_CODE, SEQUENCE_ID, DESCRIPTION, LAST_UPDATED_STAMP, LAST_UPDATED_TX_STAMP, CREATED_STAMP, CREATED_TX_STAMP, IS_MULTI_LINGUAL, IS_ENABLED, MIN_PRICE, MAX_PRICE, PARENT_ENUM_ID, DISABLED) VALUES ('ROMANIAN', 'NATIONALITY', 'ROMANIAN','75','Romanian', '2019-08-19 07:07:07', '2019-08-19 07:07:07', '2019-08-19 07:07:07', '2019-08-19 07:07:07', 'Y', NULL, NULL, NULL, NULL, NULL);
INSERT INTO enumeration (ENUM_ID, ENUM_TYPE_ID, ENUM_CODE, SEQUENCE_ID, DESCRIPTION, LAST_UPDATED_STAMP, LAST_UPDATED_TX_STAMP, CREATED_STAMP, CREATED_TX_STAMP, IS_MULTI_LINGUAL, IS_ENABLED, MIN_PRICE, MAX_PRICE, PARENT_ENUM_ID, DISABLED) VALUES ('RUSSIAN', 'NATIONALITY', 'RUSSIAN','76','Russian', '2019-08-19 07:07:07', '2019-08-19 07:07:07', '2019-08-19 07:07:07', '2019-08-19 07:07:07', 'Y', NULL, NULL, NULL, NULL, NULL);
INSERT INTO enumeration (ENUM_ID, ENUM_TYPE_ID, ENUM_CODE, SEQUENCE_ID, DESCRIPTION, LAST_UPDATED_STAMP, LAST_UPDATED_TX_STAMP, CREATED_STAMP, CREATED_TX_STAMP, IS_MULTI_LINGUAL, IS_ENABLED, MIN_PRICE, MAX_PRICE, PARENT_ENUM_ID, DISABLED) VALUES ('SAUDI', 'NATIONALITY', 'SAUDI','77','Saudi', '2019-08-19 07:07:07', '2019-08-19 07:07:07', '2019-08-19 07:07:07', '2019-08-19 07:07:07', 'Y', NULL, NULL, NULL, NULL, NULL);
INSERT INTO enumeration (ENUM_ID, ENUM_TYPE_ID, ENUM_CODE, SEQUENCE_ID, DESCRIPTION, LAST_UPDATED_STAMP, LAST_UPDATED_TX_STAMP, CREATED_STAMP, CREATED_TX_STAMP, IS_MULTI_LINGUAL, IS_ENABLED, MIN_PRICE, MAX_PRICE, PARENT_ENUM_ID, DISABLED) VALUES ('SCOTTISH', 'NATIONALITY', 'SCOTTISH','78','Scottish', '2019-08-19 07:07:07', '2019-08-19 07:07:07', '2019-08-19 07:07:07', '2019-08-19 07:07:07', 'Y', NULL, NULL, NULL, NULL, NULL);
INSERT INTO enumeration (ENUM_ID, ENUM_TYPE_ID, ENUM_CODE, SEQUENCE_ID, DESCRIPTION, LAST_UPDATED_STAMP, LAST_UPDATED_TX_STAMP, CREATED_STAMP, CREATED_TX_STAMP, IS_MULTI_LINGUAL, IS_ENABLED, MIN_PRICE, MAX_PRICE, PARENT_ENUM_ID, DISABLED) VALUES ('SENEGALESE', 'NATIONALITY', 'SENEGALESE','79','Senegalese', '2019-08-19 07:07:07', '2019-08-19 07:07:07', '2019-08-19 07:07:07', '2019-08-19 07:07:07', 'Y', NULL, NULL, NULL, NULL, NULL);
INSERT INTO enumeration (ENUM_ID, ENUM_TYPE_ID, ENUM_CODE, SEQUENCE_ID, DESCRIPTION, LAST_UPDATED_STAMP, LAST_UPDATED_TX_STAMP, CREATED_STAMP, CREATED_TX_STAMP, IS_MULTI_LINGUAL, IS_ENABLED, MIN_PRICE, MAX_PRICE, PARENT_ENUM_ID, DISABLED) VALUES ('SERBIAN', 'NATIONALITY', 'SERBIAN','80','Serbian', '2019-08-19 07:07:07', '2019-08-19 07:07:07', '2019-08-19 07:07:07', '2019-08-19 07:07:07', 'Y', NULL, NULL, NULL, NULL, NULL);
INSERT INTO enumeration (ENUM_ID, ENUM_TYPE_ID, ENUM_CODE, SEQUENCE_ID, DESCRIPTION, LAST_UPDATED_STAMP, LAST_UPDATED_TX_STAMP, CREATED_STAMP, CREATED_TX_STAMP, IS_MULTI_LINGUAL, IS_ENABLED, MIN_PRICE, MAX_PRICE, PARENT_ENUM_ID, DISABLED) VALUES ('SINGAPOREAN', 'NATIONALITY', 'SINGAPOREAN','81','Singaporean', '2019-08-19 07:07:07', '2019-08-19 07:07:07', '2019-08-19 07:07:07', '2019-08-19 07:07:07', 'Y', NULL, NULL, NULL, NULL, NULL);
INSERT INTO enumeration (ENUM_ID, ENUM_TYPE_ID, ENUM_CODE, SEQUENCE_ID, DESCRIPTION, LAST_UPDATED_STAMP, LAST_UPDATED_TX_STAMP, CREATED_STAMP, CREATED_TX_STAMP, IS_MULTI_LINGUAL, IS_ENABLED, MIN_PRICE, MAX_PRICE, PARENT_ENUM_ID, DISABLED) VALUES ('SLOVAK', 'NATIONALITY', 'SLOVAK','82','Slovak', '2019-08-19 07:07:07', '2019-08-19 07:07:07', '2019-08-19 07:07:07', '2019-08-19 07:07:07', 'Y', NULL, NULL, NULL, NULL, NULL);
INSERT INTO enumeration (ENUM_ID, ENUM_TYPE_ID, ENUM_CODE, SEQUENCE_ID, DESCRIPTION, LAST_UPDATED_STAMP, LAST_UPDATED_TX_STAMP, CREATED_STAMP, CREATED_TX_STAMP, IS_MULTI_LINGUAL, IS_ENABLED, MIN_PRICE, MAX_PRICE, PARENT_ENUM_ID, DISABLED) VALUES ('SOUTH AFRICAN', 'NATIONALITY', 'SOUTH AFRICAN','83','South African', '2019-08-19 07:07:07', '2019-08-19 07:07:07', '2019-08-19 07:07:07', '2019-08-19 07:07:07', 'Y', NULL, NULL, NULL, NULL, NULL);
INSERT INTO enumeration (ENUM_ID, ENUM_TYPE_ID, ENUM_CODE, SEQUENCE_ID, DESCRIPTION, LAST_UPDATED_STAMP, LAST_UPDATED_TX_STAMP, CREATED_STAMP, CREATED_TX_STAMP, IS_MULTI_LINGUAL, IS_ENABLED, MIN_PRICE, MAX_PRICE, PARENT_ENUM_ID, DISABLED) VALUES ('KOREAN', 'NATIONALITY', 'KOREAN','84','Korean', '2019-08-19 07:07:07', '2019-08-19 07:07:07', '2019-08-19 07:07:07', '2019-08-19 07:07:07', 'Y', NULL, NULL, NULL, NULL, NULL);
INSERT INTO enumeration (ENUM_ID, ENUM_TYPE_ID, ENUM_CODE, SEQUENCE_ID, DESCRIPTION, LAST_UPDATED_STAMP, LAST_UPDATED_TX_STAMP, CREATED_STAMP, CREATED_TX_STAMP, IS_MULTI_LINGUAL, IS_ENABLED, MIN_PRICE, MAX_PRICE, PARENT_ENUM_ID, DISABLED) VALUES ('SPANISH', 'NATIONALITY', 'SPANISH','85','Spanish', '2019-08-19 07:07:07', '2019-08-19 07:07:07', '2019-08-19 07:07:07', '2019-08-19 07:07:07', 'Y', NULL, NULL, NULL, NULL, NULL);
INSERT INTO enumeration (ENUM_ID, ENUM_TYPE_ID, ENUM_CODE, SEQUENCE_ID, DESCRIPTION, LAST_UPDATED_STAMP, LAST_UPDATED_TX_STAMP, CREATED_STAMP, CREATED_TX_STAMP, IS_MULTI_LINGUAL, IS_ENABLED, MIN_PRICE, MAX_PRICE, PARENT_ENUM_ID, DISABLED) VALUES ('SRI LANKAN', 'NATIONALITY', 'SRI LANKAN','86','Sri Lankan', '2019-08-19 07:07:07', '2019-08-19 07:07:07', '2019-08-19 07:07:07', '2019-08-19 07:07:07', 'Y', NULL, NULL, NULL, NULL, NULL);
INSERT INTO enumeration (ENUM_ID, ENUM_TYPE_ID, ENUM_CODE, SEQUENCE_ID, DESCRIPTION, LAST_UPDATED_STAMP, LAST_UPDATED_TX_STAMP, CREATED_STAMP, CREATED_TX_STAMP, IS_MULTI_LINGUAL, IS_ENABLED, MIN_PRICE, MAX_PRICE, PARENT_ENUM_ID, DISABLED) VALUES ('SUDANESE', 'NATIONALITY', 'SUDANESE','87','Sudanese', '2019-08-19 07:07:07', '2019-08-19 07:07:07', '2019-08-19 07:07:07', '2019-08-19 07:07:07', 'Y', NULL, NULL, NULL, NULL, NULL);
INSERT INTO enumeration (ENUM_ID, ENUM_TYPE_ID, ENUM_CODE, SEQUENCE_ID, DESCRIPTION, LAST_UPDATED_STAMP, LAST_UPDATED_TX_STAMP, CREATED_STAMP, CREATED_TX_STAMP, IS_MULTI_LINGUAL, IS_ENABLED, MIN_PRICE, MAX_PRICE, PARENT_ENUM_ID, DISABLED) VALUES ('SWEDISH', 'NATIONALITY', 'SWEDISH','88','Swedish', '2019-08-19 07:07:07', '2019-08-19 07:07:07', '2019-08-19 07:07:07', '2019-08-19 07:07:07', 'Y', NULL, NULL, NULL, NULL, NULL);
INSERT INTO enumeration (ENUM_ID, ENUM_TYPE_ID, ENUM_CODE, SEQUENCE_ID, DESCRIPTION, LAST_UPDATED_STAMP, LAST_UPDATED_TX_STAMP, CREATED_STAMP, CREATED_TX_STAMP, IS_MULTI_LINGUAL, IS_ENABLED, MIN_PRICE, MAX_PRICE, PARENT_ENUM_ID, DISABLED) VALUES ('SWISS', 'NATIONALITY', 'SWISS','89','Swiss', '2019-08-19 07:07:07', '2019-08-19 07:07:07', '2019-08-19 07:07:07', '2019-08-19 07:07:07', 'Y', NULL, NULL, NULL, NULL, NULL);
INSERT INTO enumeration (ENUM_ID, ENUM_TYPE_ID, ENUM_CODE, SEQUENCE_ID, DESCRIPTION, LAST_UPDATED_STAMP, LAST_UPDATED_TX_STAMP, CREATED_STAMP, CREATED_TX_STAMP, IS_MULTI_LINGUAL, IS_ENABLED, MIN_PRICE, MAX_PRICE, PARENT_ENUM_ID, DISABLED) VALUES ('SYRIAN', 'NATIONALITY', 'SYRIAN','90','Syrian', '2019-08-19 07:07:07', '2019-08-19 07:07:07', '2019-08-19 07:07:07', '2019-08-19 07:07:07', 'Y', NULL, NULL, NULL, NULL, NULL);
INSERT INTO enumeration (ENUM_ID, ENUM_TYPE_ID, ENUM_CODE, SEQUENCE_ID, DESCRIPTION, LAST_UPDATED_STAMP, LAST_UPDATED_TX_STAMP, CREATED_STAMP, CREATED_TX_STAMP, IS_MULTI_LINGUAL, IS_ENABLED, MIN_PRICE, MAX_PRICE, PARENT_ENUM_ID, DISABLED) VALUES ('TAIWANESE', 'NATIONALITY', 'TAIWANESE','91','Taiwanese', '2019-08-19 07:07:07', '2019-08-19 07:07:07', '2019-08-19 07:07:07', '2019-08-19 07:07:07', 'Y', NULL, NULL, NULL, NULL, NULL);
INSERT INTO enumeration (ENUM_ID, ENUM_TYPE_ID, ENUM_CODE, SEQUENCE_ID, DESCRIPTION, LAST_UPDATED_STAMP, LAST_UPDATED_TX_STAMP, CREATED_STAMP, CREATED_TX_STAMP, IS_MULTI_LINGUAL, IS_ENABLED, MIN_PRICE, MAX_PRICE, PARENT_ENUM_ID, DISABLED) VALUES ('TAJIKISTANI', 'NATIONALITY', 'TAJIKISTANI','92','Tajikistani', '2019-08-19 07:07:07', '2019-08-19 07:07:07', '2019-08-19 07:07:07', '2019-08-19 07:07:07', 'Y', NULL, NULL, NULL, NULL, NULL);
INSERT INTO enumeration (ENUM_ID, ENUM_TYPE_ID, ENUM_CODE, SEQUENCE_ID, DESCRIPTION, LAST_UPDATED_STAMP, LAST_UPDATED_TX_STAMP, CREATED_STAMP, CREATED_TX_STAMP, IS_MULTI_LINGUAL, IS_ENABLED, MIN_PRICE, MAX_PRICE, PARENT_ENUM_ID, DISABLED) VALUES ('THAI', 'NATIONALITY', 'THAI','93','Thai', '2019-08-19 07:07:07', '2019-08-19 07:07:07', '2019-08-19 07:07:07', '2019-08-19 07:07:07', 'Y', NULL, NULL, NULL, NULL, NULL);
INSERT INTO enumeration (ENUM_ID, ENUM_TYPE_ID, ENUM_CODE, SEQUENCE_ID, DESCRIPTION, LAST_UPDATED_STAMP, LAST_UPDATED_TX_STAMP, CREATED_STAMP, CREATED_TX_STAMP, IS_MULTI_LINGUAL, IS_ENABLED, MIN_PRICE, MAX_PRICE, PARENT_ENUM_ID, DISABLED) VALUES ('TONGAN', 'NATIONALITY', 'TONGAN','94','Tongan', '2019-08-19 07:07:07', '2019-08-19 07:07:07', '2019-08-19 07:07:07', '2019-08-19 07:07:07', 'Y', NULL, NULL, NULL, NULL, NULL);
INSERT INTO enumeration (ENUM_ID, ENUM_TYPE_ID, ENUM_CODE, SEQUENCE_ID, DESCRIPTION, LAST_UPDATED_STAMP, LAST_UPDATED_TX_STAMP, CREATED_STAMP, CREATED_TX_STAMP, IS_MULTI_LINGUAL, IS_ENABLED, MIN_PRICE, MAX_PRICE, PARENT_ENUM_ID, DISABLED) VALUES ('TUNISIAN', 'NATIONALITY', 'TUNISIAN','95','Tunisian', '2019-08-19 07:07:07', '2019-08-19 07:07:07', '2019-08-19 07:07:07', '2019-08-19 07:07:07', 'Y', NULL, NULL, NULL, NULL, NULL);
INSERT INTO enumeration (ENUM_ID, ENUM_TYPE_ID, ENUM_CODE, SEQUENCE_ID, DESCRIPTION, LAST_UPDATED_STAMP, LAST_UPDATED_TX_STAMP, CREATED_STAMP, CREATED_TX_STAMP, IS_MULTI_LINGUAL, IS_ENABLED, MIN_PRICE, MAX_PRICE, PARENT_ENUM_ID, DISABLED) VALUES ('TURKISH', 'NATIONALITY', 'TURKISH','96','Turkish', '2019-08-19 07:07:07', '2019-08-19 07:07:07', '2019-08-19 07:07:07', '2019-08-19 07:07:07', 'Y', NULL, NULL, NULL, NULL, NULL);
INSERT INTO enumeration (ENUM_ID, ENUM_TYPE_ID, ENUM_CODE, SEQUENCE_ID, DESCRIPTION, LAST_UPDATED_STAMP, LAST_UPDATED_TX_STAMP, CREATED_STAMP, CREATED_TX_STAMP, IS_MULTI_LINGUAL, IS_ENABLED, MIN_PRICE, MAX_PRICE, PARENT_ENUM_ID, DISABLED) VALUES ('UKRAINIAN', 'NATIONALITY', 'UKRAINIAN','97','Ukrainian', '2019-08-19 07:07:07', '2019-08-19 07:07:07', '2019-08-19 07:07:07', '2019-08-19 07:07:07', 'Y', NULL, NULL, NULL, NULL, NULL);
INSERT INTO enumeration (ENUM_ID, ENUM_TYPE_ID, ENUM_CODE, SEQUENCE_ID, DESCRIPTION, LAST_UPDATED_STAMP, LAST_UPDATED_TX_STAMP, CREATED_STAMP, CREATED_TX_STAMP, IS_MULTI_LINGUAL, IS_ENABLED, MIN_PRICE, MAX_PRICE, PARENT_ENUM_ID, DISABLED) VALUES ('EMIRATI', 'NATIONALITY', 'EMIRATI','98','Emirati', '2019-08-19 07:07:07', '2019-08-19 07:07:07', '2019-08-19 07:07:07', '2019-08-19 07:07:07', 'Y', NULL, NULL, NULL, NULL, NULL);
INSERT INTO enumeration (ENUM_ID, ENUM_TYPE_ID, ENUM_CODE, SEQUENCE_ID, DESCRIPTION, LAST_UPDATED_STAMP, LAST_UPDATED_TX_STAMP, CREATED_STAMP, CREATED_TX_STAMP, IS_MULTI_LINGUAL, IS_ENABLED, MIN_PRICE, MAX_PRICE, PARENT_ENUM_ID, DISABLED) VALUES ('BRITISH', 'NATIONALITY', 'BRITISH','99','British', '2019-08-19 07:07:07', '2019-08-19 07:07:07', '2019-08-19 07:07:07', '2019-08-19 07:07:07', 'Y', NULL, NULL, NULL, NULL, NULL);
INSERT INTO enumeration (ENUM_ID, ENUM_TYPE_ID, ENUM_CODE, SEQUENCE_ID, DESCRIPTION, LAST_UPDATED_STAMP, LAST_UPDATED_TX_STAMP, CREATED_STAMP, CREATED_TX_STAMP, IS_MULTI_LINGUAL, IS_ENABLED, MIN_PRICE, MAX_PRICE, PARENT_ENUM_ID, DISABLED) VALUES ('AMERICAN', 'NATIONALITY', 'AMERICAN','100','American', '2019-08-19 07:07:07', '2019-08-19 07:07:07', '2019-08-19 07:07:07', '2019-08-19 07:07:07', 'Y', NULL, NULL, NULL, NULL, NULL);
INSERT INTO enumeration (ENUM_ID, ENUM_TYPE_ID, ENUM_CODE, SEQUENCE_ID, DESCRIPTION, LAST_UPDATED_STAMP, LAST_UPDATED_TX_STAMP, CREATED_STAMP, CREATED_TX_STAMP, IS_MULTI_LINGUAL, IS_ENABLED, MIN_PRICE, MAX_PRICE, PARENT_ENUM_ID, DISABLED) VALUES ('URUGUAYAN', 'NATIONALITY', 'URUGUAYAN','101','Uruguayan', '2019-08-19 07:07:07', '2019-08-19 07:07:07', '2019-08-19 07:07:07', '2019-08-19 07:07:07', 'Y', NULL, NULL, NULL, NULL, NULL);
INSERT INTO enumeration (ENUM_ID, ENUM_TYPE_ID, ENUM_CODE, SEQUENCE_ID, DESCRIPTION, LAST_UPDATED_STAMP, LAST_UPDATED_TX_STAMP, CREATED_STAMP, CREATED_TX_STAMP, IS_MULTI_LINGUAL, IS_ENABLED, MIN_PRICE, MAX_PRICE, PARENT_ENUM_ID, DISABLED) VALUES ('VENEZUELAN', 'NATIONALITY', 'VENEZUELAN','102','Venezuelan', '2019-08-19 07:07:07', '2019-08-19 07:07:07', '2019-08-19 07:07:07', '2019-08-19 07:07:07', 'Y', NULL, NULL, NULL, NULL, NULL);
INSERT INTO enumeration (ENUM_ID, ENUM_TYPE_ID, ENUM_CODE, SEQUENCE_ID, DESCRIPTION, LAST_UPDATED_STAMP, LAST_UPDATED_TX_STAMP, CREATED_STAMP, CREATED_TX_STAMP, IS_MULTI_LINGUAL, IS_ENABLED, MIN_PRICE, MAX_PRICE, PARENT_ENUM_ID, DISABLED) VALUES ('VIETNAMESE', 'NATIONALITY', 'VIETNAMESE','103','Vietnamese', '2019-08-19 07:07:07', '2019-08-19 07:07:07', '2019-08-19 07:07:07', '2019-08-19 07:07:07', 'Y', NULL, NULL, NULL, NULL, NULL);
INSERT INTO enumeration (ENUM_ID, ENUM_TYPE_ID, ENUM_CODE, SEQUENCE_ID, DESCRIPTION, LAST_UPDATED_STAMP, LAST_UPDATED_TX_STAMP, CREATED_STAMP, CREATED_TX_STAMP, IS_MULTI_LINGUAL, IS_ENABLED, MIN_PRICE, MAX_PRICE, PARENT_ENUM_ID, DISABLED) VALUES ('WELSH', 'NATIONALITY', 'WELSH','104','Welsh', '2019-08-19 07:07:07', '2019-08-19 07:07:07', '2019-08-19 07:07:07', '2019-08-19 07:07:07', 'Y', NULL, NULL, NULL, NULL, NULL);
INSERT INTO enumeration (ENUM_ID, ENUM_TYPE_ID, ENUM_CODE, SEQUENCE_ID, DESCRIPTION, LAST_UPDATED_STAMP, LAST_UPDATED_TX_STAMP, CREATED_STAMP, CREATED_TX_STAMP, IS_MULTI_LINGUAL, IS_ENABLED, MIN_PRICE, MAX_PRICE, PARENT_ENUM_ID, DISABLED) VALUES ('ZAMBIAN', 'NATIONALITY', 'ZAMBIAN','105','Zambian', '2019-08-19 07:07:07', '2019-08-19 07:07:07', '2019-08-19 07:07:07', '2019-08-19 07:07:07', 'Y', NULL, NULL, NULL, NULL, NULL);

INSERT INTO `role_type` (`ROLE_TYPE_ID`, `PARENT_TYPE_ID`, `HAS_TABLE`, `DESCRIPTION`, `LAST_UPDATED_STAMP`, `LAST_UPDATED_TX_STAMP`, `CREATED_STAMP`, `CREATED_TX_STAMP`) VALUES ('DBS_ROLE', NULL, 'N', 'DBS Role', '2019-08-14 00:09:35', '2019-08-14 00:09:35', '2019-08-14 00:09:36', '2019-08-14 00:09:36');

INSERT INTO `contact_mech_purpose_type` (`CONTACT_MECH_PURPOSE_TYPE_ID`, `DESCRIPTION`, `LAST_UPDATED_STAMP`, `LAST_UPDATED_TX_STAMP`, `CREATED_STAMP`, `CREATED_TX_STAMP`) VALUES ('HOME_LOCATION', 'Home Address', '2019-08-12 18:01:07', '2019-08-12 18:01:07', '2019-08-12 18:01:07', '2019-08-12 18:01:07') ON DUPLICATE KEY UPDATE DESCRIPTION = 'Home Address';
INSERT INTO `contact_mech_purpose_type` (`CONTACT_MECH_PURPOSE_TYPE_ID`, `DESCRIPTION`, `LAST_UPDATED_STAMP`, `LAST_UPDATED_TX_STAMP`, `CREATED_STAMP`, `CREATED_TX_STAMP`) VALUES ('OFFICE_EMAIL', 'Office Email Address', '2019-08-12 18:04:21', '2019-08-12 18:04:21', '2019-08-12 18:04:21', '2019-08-12 18:04:21') ON DUPLICATE KEY UPDATE DESCRIPTION = 'Office Email Address';
INSERT INTO `contact_mech_purpose_type` (`CONTACT_MECH_PURPOSE_TYPE_ID`, `DESCRIPTION`, `LAST_UPDATED_STAMP`, `LAST_UPDATED_TX_STAMP`, `CREATED_STAMP`, `CREATED_TX_STAMP`) VALUES ('OFFICE_LOCATION', 'Office Address', '2019-08-12 18:10:52', '2019-08-12 18:10:52', '2019-08-12 18:10:52', '2019-08-12 18:10:52') ON DUPLICATE KEY UPDATE DESCRIPTION = 'Office Address';
INSERT INTO `contact_mech_purpose_type` (`CONTACT_MECH_PURPOSE_TYPE_ID`, `DESCRIPTION`, `LAST_UPDATED_STAMP`, `LAST_UPDATED_TX_STAMP`, `CREATED_STAMP`, `CREATED_TX_STAMP`) VALUES ('PERSONAL_EMAIL', 'Personal Email Address', '2019-08-13 18:02:27', '2019-08-13 18:02:27', '2019-08-13 18:02:27', '2019-08-13 18:02:27') ON DUPLICATE KEY UPDATE DESCRIPTION = 'Personal Email Address';
INSERT INTO `contact_mech_purpose_type` (`CONTACT_MECH_PURPOSE_TYPE_ID`, `DESCRIPTION`, `LAST_UPDATED_STAMP`, `LAST_UPDATED_TX_STAMP`, `CREATED_STAMP`, `CREATED_TX_STAMP`) VALUES ('PHONE_HOME', 'Home Phone Number', '2019-07-23 11:33:42', '2019-07-23 11:33:41', '2019-07-23 11:33:42', '2019-07-23 11:33:41') ON DUPLICATE KEY UPDATE DESCRIPTION = 'Home Phone Number';
INSERT INTO `contact_mech_purpose_type` (`CONTACT_MECH_PURPOSE_TYPE_ID`, `DESCRIPTION`, `LAST_UPDATED_STAMP`, `LAST_UPDATED_TX_STAMP`, `CREATED_STAMP`, `CREATED_TX_STAMP`) VALUES ('PHONE_MOBILE', 'Mobile Phone Number', '2019-07-23 11:33:42', '2019-07-23 11:33:41', '2019-07-23 11:33:42', '2019-07-23 11:33:41') ON DUPLICATE KEY UPDATE DESCRIPTION = 'Mobile Phone Number';
INSERT INTO `contact_mech_purpose_type` (`CONTACT_MECH_PURPOSE_TYPE_ID`, `DESCRIPTION`, `LAST_UPDATED_STAMP`, `LAST_UPDATED_TX_STAMP`, `CREATED_STAMP`, `CREATED_TX_STAMP`) VALUES ('PHONE_WORK', 'Office (Work) Phone Number', '2019-07-23 11:33:42', '2019-07-23 11:33:41', '2019-07-23 11:33:42', '2019-07-23 11:33:41') ON DUPLICATE KEY UPDATE DESCRIPTION = 'Office (Work) Phone Number';

INSERT INTO `contact_mech_type_purpose` (`CONTACT_MECH_TYPE_ID`, `CONTACT_MECH_PURPOSE_TYPE_ID`, `LAST_UPDATED_STAMP`, `LAST_UPDATED_TX_STAMP`, `CREATED_STAMP`, `CREATED_TX_STAMP`) VALUES ('POSTAL_ADDRESS', 'HOME_LOCATION', '2019-08-12 18:01:42', '2019-08-12 18:01:42', '2019-08-12 18:01:42', '2019-08-12 18:01:42');
INSERT INTO `contact_mech_type_purpose` (`CONTACT_MECH_TYPE_ID`, `CONTACT_MECH_PURPOSE_TYPE_ID`, `LAST_UPDATED_STAMP`, `LAST_UPDATED_TX_STAMP`, `CREATED_STAMP`, `CREATED_TX_STAMP`) VALUES ('POSTAL_ADDRESS', 'OFFICE_LOCATION', '2019-08-12 18:11:28', '2019-08-12 18:11:28', '2019-08-12 18:11:28', '2019-08-12 18:11:28');
INSERT INTO `contact_mech_type_purpose` (`CONTACT_MECH_TYPE_ID`, `CONTACT_MECH_PURPOSE_TYPE_ID`, `LAST_UPDATED_STAMP`, `LAST_UPDATED_TX_STAMP`, `CREATED_STAMP`, `CREATED_TX_STAMP`) VALUES ('EMAIL_ADDRESS', 'OFFICE_EMAIL', '2019-08-12 18:05:06', '2019-08-12 18:05:06', '2019-08-12 18:05:06', '2019-08-12 18:05:06');
INSERT INTO `contact_mech_type_purpose` (`CONTACT_MECH_TYPE_ID`, `CONTACT_MECH_PURPOSE_TYPE_ID`, `LAST_UPDATED_STAMP`, `LAST_UPDATED_TX_STAMP`, `CREATED_STAMP`, `CREATED_TX_STAMP`) VALUES ('EMAIL_ADDRESS', 'PERSONAL_EMAIL', '2019-08-13 18:03:02', '2019-08-13 18:03:02', '2019-08-13 18:03:02', '2019-08-13 18:03:02');


-- user creation seed --

INSERT INTO `enumeration_type` (`ENUM_TYPE_ID`, `PARENT_TYPE_ID`, `HAS_TABLE`, `DESCRIPTION`, `LAST_UPDATED_STAMP`, `LAST_UPDATED_TX_STAMP`, `CREATED_STAMP`, `CREATED_TX_STAMP`) VALUES ('GENDER', NULL, 'N', 'Gender', '2019-08-16 11:14:08', '2019-08-16 11:14:08', '2019-08-16 11:14:08', '2019-08-16 11:14:09');
INSERT INTO `enumeration_type` (`ENUM_TYPE_ID`, `PARENT_TYPE_ID`, `HAS_TABLE`, `DESCRIPTION`, `LAST_UPDATED_STAMP`, `LAST_UPDATED_TX_STAMP`, `CREATED_STAMP`, `CREATED_TX_STAMP`) VALUES ('SALUTATION', NULL, 'N', 'Salutation', '2019-08-16 11:16:32', '2019-08-16 11:16:32', '2019-08-16 11:16:32', '2019-08-16 11:16:33');

INSERT INTO `enumeration` (`ENUM_ID`, `ENUM_TYPE_ID`, `ENUM_CODE`, `SEQUENCE_ID`, `DESCRIPTION`, `LAST_UPDATED_STAMP`, `LAST_UPDATED_TX_STAMP`, `CREATED_STAMP`, `CREATED_TX_STAMP`, `IS_MULTI_LINGUAL`, `IS_ENABLED`, `MIN_PRICE`, `MAX_PRICE`, `PARENT_ENUM_ID`, `DISABLED`) VALUES ('MALE', 'GENDER', 'MALE', '01', 'Male', '2019-08-16 11:15:16', '2019-08-16 11:15:16', '2019-08-16 11:15:16', '2019-08-16 11:15:16', NULL, NULL, NULL, NULL, NULL, NULL);
INSERT INTO `enumeration` (`ENUM_ID`, `ENUM_TYPE_ID`, `ENUM_CODE`, `SEQUENCE_ID`, `DESCRIPTION`, `LAST_UPDATED_STAMP`, `LAST_UPDATED_TX_STAMP`, `CREATED_STAMP`, `CREATED_TX_STAMP`, `IS_MULTI_LINGUAL`, `IS_ENABLED`, `MIN_PRICE`, `MAX_PRICE`, `PARENT_ENUM_ID`, `DISABLED`) VALUES ('FEMALE', 'GENDER', 'FEMALE', '02', 'Female', '2019-08-16 11:15:40', '2019-08-16 11:15:40', '2019-08-16 11:15:41', '2019-08-16 11:15:41', NULL, NULL, NULL, NULL, NULL, NULL);
INSERT INTO `enumeration` (`ENUM_ID`, `ENUM_TYPE_ID`, `ENUM_CODE`, `SEQUENCE_ID`, `DESCRIPTION`, `LAST_UPDATED_STAMP`, `LAST_UPDATED_TX_STAMP`, `CREATED_STAMP`, `CREATED_TX_STAMP`, `IS_MULTI_LINGUAL`, `IS_ENABLED`, `MIN_PRICE`, `MAX_PRICE`, `PARENT_ENUM_ID`, `DISABLED`) VALUES ('UNKNOWN', 'GENDER', 'UNKNOWN', '03', 'Unknown', '2019-08-16 11:16:06', '2019-08-16 11:16:06', '2019-08-16 11:16:06', '2019-08-16 11:16:06', NULL, NULL, NULL, NULL, NULL, NULL);


INSERT INTO `enumeration` (`ENUM_ID`, `ENUM_TYPE_ID`, `ENUM_CODE`, `SEQUENCE_ID`, `DESCRIPTION`, `LAST_UPDATED_STAMP`, `LAST_UPDATED_TX_STAMP`, `CREATED_STAMP`, `CREATED_TX_STAMP`, `IS_MULTI_LINGUAL`, `IS_ENABLED`, `MIN_PRICE`, `MAX_PRICE`, `PARENT_ENUM_ID`, `DISABLED`) VALUES ('Mr.', 'SALUTATION', 'Mr', '1030', 'Mr.', '2019-09-16 15:18:01', '2019-09-16 15:18:01', '2019-09-16 15:18:01', '2019-09-16 15:18:01', NULL, NULL, NULL, NULL, NULL, NULL);
INSERT INTO `enumeration` (`ENUM_ID`, `ENUM_TYPE_ID`, `ENUM_CODE`, `SEQUENCE_ID`, `DESCRIPTION`, `LAST_UPDATED_STAMP`, `LAST_UPDATED_TX_STAMP`, `CREATED_STAMP`, `CREATED_TX_STAMP`, `IS_MULTI_LINGUAL`, `IS_ENABLED`, `MIN_PRICE`, `MAX_PRICE`, `PARENT_ENUM_ID`, `DISABLED`) VALUES ('Ms.', 'SALUTATION', 'Ms', '1031', 'Ms.', '2019-09-16 15:18:02', '2019-09-16 15:18:01', '2019-09-16 15:18:02', '2019-09-16 15:18:01', NULL, NULL, NULL, NULL, NULL, NULL);
INSERT INTO `enumeration` (`ENUM_ID`, `ENUM_TYPE_ID`, `ENUM_CODE`, `SEQUENCE_ID`, `DESCRIPTION`, `LAST_UPDATED_STAMP`, `LAST_UPDATED_TX_STAMP`, `CREATED_STAMP`, `CREATED_TX_STAMP`, `IS_MULTI_LINGUAL`, `IS_ENABLED`, `MIN_PRICE`, `MAX_PRICE`, `PARENT_ENUM_ID`, `DISABLED`) VALUES ('Mrs.', 'SALUTATION', 'Mrs', '1032', 'Mrs.', '2019-09-16 15:18:02', '2019-09-16 15:18:01', '2019-09-16 15:18:02', '2019-09-16 15:18:01', NULL, NULL, NULL, NULL, NULL, NULL);
INSERT INTO `enumeration` (`ENUM_ID`, `ENUM_TYPE_ID`, `ENUM_CODE`, `SEQUENCE_ID`, `DESCRIPTION`, `LAST_UPDATED_STAMP`, `LAST_UPDATED_TX_STAMP`, `CREATED_STAMP`, `CREATED_TX_STAMP`, `IS_MULTI_LINGUAL`, `IS_ENABLED`, `MIN_PRICE`, `MAX_PRICE`, `PARENT_ENUM_ID`, `DISABLED`) VALUES ('Madam', 'SALUTATION', 'Madam', '1033', 'Madam', '2019-09-16 15:18:02', '2019-09-16 15:18:01', '2019-09-16 15:18:02', '2019-09-16 15:18:01', NULL, NULL, NULL, NULL, NULL, NULL);
INSERT INTO `enumeration` (`ENUM_ID`, `ENUM_TYPE_ID`, `ENUM_CODE`, `SEQUENCE_ID`, `DESCRIPTION`, `LAST_UPDATED_STAMP`, `LAST_UPDATED_TX_STAMP`, `CREATED_STAMP`, `CREATED_TX_STAMP`, `IS_MULTI_LINGUAL`, `IS_ENABLED`, `MIN_PRICE`, `MAX_PRICE`, `PARENT_ENUM_ID`, `DISABLED`) VALUES ('Dr.', 'SALUTATION', 'Dr', '1034', 'Dr.', '2019-09-16 15:18:02', '2019-09-16 15:18:01', '2019-09-16 15:18:02', '2019-09-16 15:18:01', NULL, NULL, NULL, NULL, NULL, NULL);
INSERT INTO `enumeration` (`ENUM_ID`, `ENUM_TYPE_ID`, `ENUM_CODE`, `SEQUENCE_ID`, `DESCRIPTION`, `LAST_UPDATED_STAMP`, `LAST_UPDATED_TX_STAMP`, `CREATED_STAMP`, `CREATED_TX_STAMP`, `IS_MULTI_LINGUAL`, `IS_ENABLED`, `MIN_PRICE`, `MAX_PRICE`, `PARENT_ENUM_ID`, `DISABLED`) VALUES ('Prof.', 'SALUTATION', 'Prof', '1035', 'Prof.', '2019-09-16 15:18:02', '2019-09-16 15:18:01', '2019-09-16 15:18:02', '2019-09-16 15:18:01', NULL, NULL, NULL, NULL, NULL, NULL);



-- Ofbiz component seed data --
INSERT INTO `ofbiz_component_access` (`COMPONENT_ID`, `COMPONENT_NAME`, `UI_LABELS`, `SEQ_ID`, `DESCRIPTION`, `REQUEST_URI`, `IMAGE_URL`, `IS_HIDE`, `PERMISSION_ID`, `FAV_ICON`, `LAST_UPDATED_STAMP`, `LAST_UPDATED_TX_STAMP`, `CREATED_STAMP`, `CREATED_TX_STAMP`) VALUES ('COMP_1000', 'crm-portal', 'Customer 360', '1000', 'Customer 360', '/crm-portal/control/main', NULL, 'N', NULL, NULL, '2019-09-19 05:31:45', '2019-09-19 05:31:45', '2019-09-19 05:05:04', '2019-09-19 05:05:04');
INSERT INTO `ofbiz_component_access` (`COMPONENT_ID`, `COMPONENT_NAME`, `UI_LABELS`, `SEQ_ID`, `DESCRIPTION`, `REQUEST_URI`, `IMAGE_URL`, `IS_HIDE`, `PERMISSION_ID`, `FAV_ICON`, `LAST_UPDATED_STAMP`, `LAST_UPDATED_TX_STAMP`, `CREATED_STAMP`, `CREATED_TX_STAMP`) VALUES ('COMP_1001', 'sr-portal', 'Services', '1001', 'Services', '/sr-portal/control/main', NULL, 'N', NULL, NULL, '2019-09-19 05:31:45', '2019-09-19 05:31:45', '2019-09-19 05:05:04', '2019-09-19 05:05:04');
INSERT INTO `ofbiz_component_access` (`COMPONENT_ID`, `COMPONENT_NAME`, `UI_LABELS`, `SEQ_ID`, `DESCRIPTION`, `REQUEST_URI`, `IMAGE_URL`, `IS_HIDE`, `PERMISSION_ID`, `FAV_ICON`, `LAST_UPDATED_STAMP`, `LAST_UPDATED_TX_STAMP`, `CREATED_STAMP`, `CREATED_TX_STAMP`) VALUES ('REPORT-PORTAL', 'report-portal', 'Reports', '1002', 'Reports', '/report-portal/control/main', NULL, 'N', NULL, NULL, '2019-09-19 05:31:45', '2019-09-19 05:31:45', '2019-09-19 05:05:04', '2019-09-19 05:05:04');
INSERT INTO `ofbiz_component_access` (`COMPONENT_ID`, `COMPONENT_NAME`, `UI_LABELS`, `SEQ_ID`, `DESCRIPTION`, `REQUEST_URI`, `IMAGE_URL`, `IS_HIDE`, `PERMISSION_ID`, `FAV_ICON`, `LAST_UPDATED_STAMP`, `LAST_UPDATED_TX_STAMP`, `CREATED_STAMP`, `CREATED_TX_STAMP`) VALUES ('COMP_1003', 'admin-portal', 'Admin', '1003', 'Admin', '/admin-portal/control/main', NULL, 'N', NULL, NULL, '2019-09-19 05:31:45', '2019-09-19 05:31:45', '2019-09-19 05:05:04', '2019-09-19 05:05:04');


INSERT INTO `enumeration_type` (`ENUM_TYPE_ID`, `PARENT_TYPE_ID`, `HAS_TABLE`, `DESCRIPTION`, `LAST_UPDATED_STAMP`, `LAST_UPDATED_TX_STAMP`, `CREATED_STAMP`, `CREATED_TX_STAMP`) VALUES ('ENTITY_OPERATIONS', NULL, 'N', 'Entity Operations', '2019-08-14 18:19:34', '2019-08-14 18:19:36', '2019-08-14 18:19:36', '2019-08-14 18:19:36');

REPLACE INTO `enumeration` (`ENUM_ID`, `ENUM_TYPE_ID`, `ENUM_CODE`, `SEQUENCE_ID`, `DESCRIPTION`, `LAST_UPDATED_STAMP`, `LAST_UPDATED_TX_STAMP`, `CREATED_STAMP`, `CREATED_TX_STAMP`, `IS_MULTI_LINGUAL`, `IS_ENABLED`, `MIN_PRICE`, `MAX_PRICE`, `PARENT_ENUM_ID`, `DISABLED`) VALUES ('CREATE', 'ENTITY_OPERATIONS', 'CREATE', '01', 'Create', '2019-08-14 18:20:18', '2019-08-14 18:20:19', '2019-08-14 18:20:19', '2019-08-14 18:20:19', NULL, NULL, NULL, NULL, NULL, NULL);
REPLACE INTO `enumeration` (`ENUM_ID`, `ENUM_TYPE_ID`, `ENUM_CODE`, `SEQUENCE_ID`, `DESCRIPTION`, `LAST_UPDATED_STAMP`, `LAST_UPDATED_TX_STAMP`, `CREATED_STAMP`, `CREATED_TX_STAMP`, `IS_MULTI_LINGUAL`, `IS_ENABLED`, `MIN_PRICE`, `MAX_PRICE`, `PARENT_ENUM_ID`, `DISABLED`) VALUES ('UPDATE', 'ENTITY_OPERATIONS', 'UPDATE', '02', 'Update', '2019-08-14 18:21:14', '2019-08-14 18:21:15', '2019-08-14 18:21:15', '2019-08-14 18:21:15', NULL, NULL, NULL, NULL, NULL, NULL);
REPLACE INTO `enumeration` (`ENUM_ID`, `ENUM_TYPE_ID`, `ENUM_CODE`, `SEQUENCE_ID`, `DESCRIPTION`, `LAST_UPDATED_STAMP`, `LAST_UPDATED_TX_STAMP`, `CREATED_STAMP`, `CREATED_TX_STAMP`, `IS_MULTI_LINGUAL`, `IS_ENABLED`, `MIN_PRICE`, `MAX_PRICE`, `PARENT_ENUM_ID`, `DISABLED`) VALUES ('READ', 'ENTITY_OPERATIONS', 'READ', '03', 'Read', '2019-08-14 18:21:14', '2019-08-14 18:21:15', '2019-08-14 18:21:15', '2019-08-14 18:21:15', NULL, NULL, NULL, NULL, NULL, NULL);
REPLACE INTO `enumeration` (`ENUM_ID`, `ENUM_TYPE_ID`, `ENUM_CODE`, `SEQUENCE_ID`, `DESCRIPTION`, `LAST_UPDATED_STAMP`, `LAST_UPDATED_TX_STAMP`, `CREATED_STAMP`, `CREATED_TX_STAMP`, `IS_MULTI_LINGUAL`, `IS_ENABLED`, `MIN_PRICE`, `MAX_PRICE`, `PARENT_ENUM_ID`, `DISABLED`) VALUES ('DELETE', 'ENTITY_OPERATIONS', 'DELETE', '04', 'Delete', '2019-08-14 18:21:14', '2019-08-14 18:21:15', '2019-08-14 18:21:15', '2019-08-14 18:21:15', NULL, NULL, NULL, NULL, NULL, NULL);
REPLACE INTO `enumeration` (`ENUM_ID`, `ENUM_TYPE_ID`, `ENUM_CODE`, `SEQUENCE_ID`, `DESCRIPTION`, `LAST_UPDATED_STAMP`, `LAST_UPDATED_TX_STAMP`, `CREATED_STAMP`, `CREATED_TX_STAMP`, `IS_MULTI_LINGUAL`, `IS_ENABLED`, `MIN_PRICE`, `MAX_PRICE`, `PARENT_ENUM_ID`, `DISABLED`) VALUES ('ASSIGN', 'ENTITY_OPERATIONS', 'ASSIGN', '07', 'Assign', '2019-08-14 18:21:14', '2019-08-14 18:21:15', '2019-08-14 18:21:15', '2019-08-14 18:21:15', NULL, NULL, NULL, NULL, NULL, NULL);

INSERT INTO `enumeration_type` (`ENUM_TYPE_ID`, `PARENT_TYPE_ID`, `HAS_TABLE`, `DESCRIPTION`, `LAST_UPDATED_STAMP`, `LAST_UPDATED_TX_STAMP`, `CREATED_STAMP`, `CREATED_TX_STAMP`) VALUES ('OPERATION_LEVELS', NULL, 'N', 'Operation Levels', '2019-08-20 16:06:34', '2019-08-20 16:06:34', '2019-08-20 16:06:34', '2019-08-20 16:06:35');

REPLACE INTO `enumeration` (`ENUM_ID`, `ENUM_TYPE_ID`, `ENUM_CODE`, `SEQUENCE_ID`, `DESCRIPTION`, `LAST_UPDATED_STAMP`, `LAST_UPDATED_TX_STAMP`, `CREATED_STAMP`, `CREATED_TX_STAMP`, `IS_MULTI_LINGUAL`, `IS_ENABLED`, `MIN_PRICE`, `MAX_PRICE`, `PARENT_ENUM_ID`, `DISABLED`) VALUES ('L1', 'OPERATION_LEVELS', 'L1', '01', 'No Permission', '2019-08-20 16:07:23', '2019-08-20 16:07:23', '2019-08-20 16:07:24', '2019-08-20 16:07:24', NULL, NULL, NULL, NULL, NULL, NULL);
REPLACE INTO `enumeration` (`ENUM_ID`, `ENUM_TYPE_ID`, `ENUM_CODE`, `SEQUENCE_ID`, `DESCRIPTION`, `LAST_UPDATED_STAMP`, `LAST_UPDATED_TX_STAMP`, `CREATED_STAMP`, `CREATED_TX_STAMP`, `IS_MULTI_LINGUAL`, `IS_ENABLED`, `MIN_PRICE`, `MAX_PRICE`, `PARENT_ENUM_ID`, `DISABLED`) VALUES ('L2', 'OPERATION_LEVELS', 'L2', '02', 'User Permission', '2019-08-20 16:07:54', '2019-08-20 16:07:54', '2019-08-20 16:07:54', '2019-08-20 16:07:55', NULL, NULL, NULL, NULL, NULL, NULL);
REPLACE INTO `enumeration` (`ENUM_ID`, `ENUM_TYPE_ID`, `ENUM_CODE`, `SEQUENCE_ID`, `DESCRIPTION`, `LAST_UPDATED_STAMP`, `LAST_UPDATED_TX_STAMP`, `CREATED_STAMP`, `CREATED_TX_STAMP`, `IS_MULTI_LINGUAL`, `IS_ENABLED`, `MIN_PRICE`, `MAX_PRICE`, `PARENT_ENUM_ID`, `DISABLED`) VALUES ('L3', 'OPERATION_LEVELS', 'L3', '03', 'Team Permission', '2019-08-20 16:08:21', '2019-08-20 16:08:22', '2019-08-20 16:08:22', '2019-08-20 16:08:22', NULL, NULL, NULL, NULL, NULL, NULL);
REPLACE INTO `enumeration` (`ENUM_ID`, `ENUM_TYPE_ID`, `ENUM_CODE`, `SEQUENCE_ID`, `DESCRIPTION`, `LAST_UPDATED_STAMP`, `LAST_UPDATED_TX_STAMP`, `CREATED_STAMP`, `CREATED_TX_STAMP`, `IS_MULTI_LINGUAL`, `IS_ENABLED`, `MIN_PRICE`, `MAX_PRICE`, `PARENT_ENUM_ID`, `DISABLED`) VALUES ('L4', 'OPERATION_LEVELS', 'L4', '04', 'BU Permission', '2019-08-20 16:08:41', '2019-08-20 16:08:41', '2019-08-20 16:08:42', '2019-08-20 16:08:43', NULL, NULL, NULL, NULL, NULL, NULL);
REPLACE INTO `enumeration` (`ENUM_ID`, `ENUM_TYPE_ID`, `ENUM_CODE`, `SEQUENCE_ID`, `DESCRIPTION`, `LAST_UPDATED_STAMP`, `LAST_UPDATED_TX_STAMP`, `CREATED_STAMP`, `CREATED_TX_STAMP`, `IS_MULTI_LINGUAL`, `IS_ENABLED`, `MIN_PRICE`, `MAX_PRICE`, `PARENT_ENUM_ID`, `DISABLED`) VALUES ('L5', 'OPERATION_LEVELS', 'L5', '05', 'Parent: Child BU Permission', '2019-08-20 16:09:10', '2019-08-20 16:09:18', '2019-08-20 16:09:18', '2019-08-20 16:09:18', NULL, NULL, NULL, NULL, NULL, NULL);
REPLACE INTO `enumeration` (`ENUM_ID`, `ENUM_TYPE_ID`, `ENUM_CODE`, `SEQUENCE_ID`, `DESCRIPTION`, `LAST_UPDATED_STAMP`, `LAST_UPDATED_TX_STAMP`, `CREATED_STAMP`, `CREATED_TX_STAMP`, `IS_MULTI_LINGUAL`, `IS_ENABLED`, `MIN_PRICE`, `MAX_PRICE`, `PARENT_ENUM_ID`, `DISABLED`) VALUES ('L6', 'OPERATION_LEVELS', 'L6', '06', 'Organization Permission', '2019-08-20 16:09:10', '2019-08-20 16:09:10', '2019-08-20 16:09:10', '2019-08-20 16:09:10', NULL, NULL, NULL, NULL, NULL, NULL);


-- Grid preference seed data [start] --

INSERT INTO `grid_user_preferences` (`INSTANCE_ID`, `USER_ID`, `ROLE`, `USER_ROLE_ACCESS`, `DESCRIPTION`, `MODE`, `NAME`, `APPLIED_REQUEST_URL`, `DATACREATE`, `DATAREMOVE`, `DATAUPDATE`, `APPLIED_REQUEST_VERB`, `APPLIED_REQUEST_BODY_J_S_O_N`, `GRID_OPTIONS_JS_STRING`, `LAST_UPDATED_STAMP`, `LAST_UPDATED_TX_STAMP`, `CREATED_STAMP`, `CREATED_TX_STAMP`) VALUES ('ACCESS_SETUP', 'admin', 'ADMIN', NULL, NULL, NULL, 'Access Setup', NULL, NULL, NULL, NULL, 'post', '{"inputFields":{}}', '{"columnDefs":[{"headerName":"System Names","field":"systemName","editable":false,"cellEditor":null},{"headerName":"URL Access","field":"urlAccess","editable":false,"cellEditor":null,"cellRenderer":params => `<a href="${ params.value }" >${params.value} <i class="fa fa-share" aria-hidden="true"></i></a>`},{"headerName":"User ID","field":"userId","editable":false,"cellEditor":null},{"headerName":"Password","field":"password","editable":false,"cellEditor":null},{"headerName":"Auth Method","field":"authMethod","editable":false,"cellEditor":null},{"headerName":"Description","field":"description","editable":false,"cellEditor":null},{"headerName":"Last Modified","field":"lastModified","editable":false,"cellEditor":null},{"headerName":"Status","field":"status","editable":false,"cellEditor":null,"cellEditorParams":null}],"custom":{}}', '2020-02-14 18:56:23', '2020-02-14 18:56:23', '2020-02-14 18:56:23', '2020-02-14 18:56:23');
INSERT INTO `grid_user_preferences` (`INSTANCE_ID`, `USER_ID`, `ROLE`, `USER_ROLE_ACCESS`, `DESCRIPTION`, `MODE`, `NAME`, `APPLIED_REQUEST_URL`, `DATACREATE`, `DATAREMOVE`, `DATAUPDATE`, `APPLIED_REQUEST_VERB`, `APPLIED_REQUEST_BODY_J_S_O_N`, `GRID_OPTIONS_JS_STRING`, `LAST_UPDATED_STAMP`, `LAST_UPDATED_TX_STAMP`, `CREATED_STAMP`, `CREATED_TX_STAMP`) VALUES ('ADD_TEAM_LEADER', 'admin', 'ADMIN', NULL, NULL, NULL, 'Add Team Leader', '/admin-portal/control/getMembers', NULL, NULL, NULL, 'post', '{"inputFields":{}}', '{"columnDefs":[{"headerName":"User Name","field":"userName","editable":false,"cellEditor":null,cellRenderer:params => `<a href="#" onclick="add_value(\'addLeadersForm\',\'${params.data.partyId}\',\'newPartyIdLeader\');">${params.value}</a>`},{"headerName":"NewpartyId","field":"partyId","editable":false,"cellEditor":null},{"headerName":"1BankID","field":"oneBankId","editable":false,"cellEditor":null},{"headerName":"BU","field":"businessUnit","editable":false,"cellEditor":null,"cellEditorParams":null}],"custom":{}}', '2020-02-17 16:54:33', '2020-02-17 16:54:33', '2020-02-17 16:47:02', '2020-02-17 16:47:02');
INSERT INTO `grid_user_preferences` (`INSTANCE_ID`, `USER_ID`, `ROLE`, `USER_ROLE_ACCESS`, `DESCRIPTION`, `MODE`, `NAME`, `APPLIED_REQUEST_URL`, `DATACREATE`, `DATAREMOVE`, `DATAUPDATE`, `APPLIED_REQUEST_VERB`, `APPLIED_REQUEST_BODY_J_S_O_N`, `GRID_OPTIONS_JS_STRING`, `LAST_UPDATED_STAMP`, `LAST_UPDATED_TX_STAMP`, `CREATED_STAMP`, `CREATED_TX_STAMP`) VALUES ('ADD_TEAM_MEMBER', 'admin', 'ADMIN', NULL, NULL, NULL, 'Add Team Member', '/admin-portal/control/getMembers', NULL, NULL, NULL, 'post', '{"inputFields":{}}', '{"columnDefs":[{"headerName":"User Name","field":"userName","editable":false,"cellEditor":null,cellRenderer:params => `<a href="#" onclick="add_value(\'addMembersForm\',\'${params.data.partyId}\',\'newPartyId\');">${params.value}</a>`},{"headerName":"NewpartyId","field":"partyId","editable":false,"cellEditor":null},{"headerName":"1BankID","field":"oneBankId","editable":false,"cellEditor":null},{"headerName":"BU","field":"businessUnit","editable":false,"cellEditor":null,"cellEditorParams":null}],"custom":{}}', '2020-02-17 16:54:33', '2020-02-17 16:54:33', '2020-02-17 16:47:02', '2020-02-17 16:47:02');
INSERT INTO `grid_user_preferences` (`INSTANCE_ID`, `USER_ID`, `ROLE`, `USER_ROLE_ACCESS`, `DESCRIPTION`, `MODE`, `NAME`, `APPLIED_REQUEST_URL`, `DATACREATE`, `DATAREMOVE`, `DATAUPDATE`, `APPLIED_REQUEST_VERB`, `APPLIED_REQUEST_BODY_J_S_O_N`, `GRID_OPTIONS_JS_STRING`, `LAST_UPDATED_STAMP`, `LAST_UPDATED_TX_STAMP`, `CREATED_STAMP`, `CREATED_TX_STAMP`) VALUES ('API_LOG', 'admin', 'ADMIN', NULL, NULL, NULL, 'API  Logs', NULL, NULL, NULL, NULL, 'post', '{"inputFields":{}}', '{"columnDefs":[{"headerName":"Log ID","field":"ofbizApiLogId","editable":false,"cellEditor":null},{"headerName":"Request JSON","field":"requestJson","editable":false,"cellEditor":null,"cellRenderer": params => `<a href="#" onclick="loadRequest(\'${params.data.ofbizApiLogId}\')" class="btn btn-secondary btn-xs">${params.value} <i class="fa fa-share" aria-hidden="true"></i></a>`},{"headerName":"Response JSON","field":"responseJson","editable":false,"cellEditor":null,"cellRenderer": params => `<a href="#" onclick="loadResponse(\'${params.data.ofbizApiLogId}\')" class="btn btn-secondary btn-xs">${params.value} <i class="fa fa-share" aria-hidden="true"></i></a>`},{"headerName":"Channel ID","field":"channelId","editable":false,"cellEditor":null},{"headerName":"System Name","field":"systemName","editable":false,"cellEditor":null},{"headerName":"Service Name","field":"serviceName","editable":false,"cellEditor":null},{"headerName":"MSG ID","field":"msgId","editable":false,"cellEditor":null},{"headerName":"ORG ID","field":"orgId","editable":false,"cellEditor":null},{"headerName":"Response Code","field":"responseCode","editable":false,"cellEditor":null},{"headerName":"Request Date Time","field":"requestedTime","editable":false,"cellEditor":null},{"headerName":"Response Date Time","field":"responsedTime","editable":false,"cellEditor":null},{"headerName":"Status","field":"status","editable":false,"cellEditor":null,"cellEditorParams":null}],"custom":{}}', '2020-02-16 13:35:03', '2020-02-16 13:35:03', '2020-02-14 18:48:54', '2020-02-14 18:48:54');
INSERT INTO `grid_user_preferences` (`INSTANCE_ID`, `USER_ID`, `ROLE`, `USER_ROLE_ACCESS`, `DESCRIPTION`, `MODE`, `NAME`, `APPLIED_REQUEST_URL`, `DATACREATE`, `DATAREMOVE`, `DATAUPDATE`, `APPLIED_REQUEST_VERB`, `APPLIED_REQUEST_BODY_J_S_O_N`, `GRID_OPTIONS_JS_STRING`, `LAST_UPDATED_STAMP`, `LAST_UPDATED_TX_STAMP`, `CREATED_STAMP`, `CREATED_TX_STAMP`) VALUES ('AUDIT_LOG', 'admin', 'ADMIN', NULL, NULL, NULL, 'Audit log by entity', NULL, NULL, NULL, NULL, 'post', '{"inputFields":{}}', '{"columnDefs":[{"headerName":"Entity","field":"changedEntityName","editable":false,"cellEditor":null},{"headerName":"Record ID","field":"auditHistorySeqId","editable":false,"cellEditor":null},{"headerName":"Field","field":"changedFieldName","editable":false,"cellEditor":null},{"headerName":"Old Value","field":"oldValueText","editable":false,"cellEditor":null},{"headerName":"New Value","field":"newValueText","editable":false,"cellEditor":null},{"headerName":"Modified On","field":"changedDate","editable":false,"cellEditor":null},{"headerName":"Modified By","field":"changedByInfo","editable":false,"cellEditor":null,"cellEditorParams":null}],"custom":{}}', '2020-02-14 18:31:14', '2020-02-14 18:31:14', '2020-02-14 18:31:14', '2020-02-14 18:31:14');
INSERT INTO `grid_user_preferences` (`INSTANCE_ID`, `USER_ID`, `ROLE`, `USER_ROLE_ACCESS`, `DESCRIPTION`, `MODE`, `NAME`, `APPLIED_REQUEST_URL`, `DATACREATE`, `DATAREMOVE`, `DATAUPDATE`, `APPLIED_REQUEST_VERB`, `APPLIED_REQUEST_BODY_J_S_O_N`, `GRID_OPTIONS_JS_STRING`, `LAST_UPDATED_STAMP`, `LAST_UPDATED_TX_STAMP`, `CREATED_STAMP`, `CREATED_TX_STAMP`) VALUES ('ECFG01', 'admin', 'ADMIN', NULL, 'Get Configured Entities', NULL, 'Get Configured Entities', '/admin-portal/control/getConfiguredEntities', NULL, NULL, NULL, 'post', NULL, '{"columnDefs":[{"headerName":"Entity","field":"entityName","sortable":true,"filter":"agTextColumnFilter","cellRenderer":params => `<a href="viewEntityOpsConfigure?entityName=${params.data.entityName}">${params.value}</a>`},{"headerName":"Alias","field":"entityAliasName","sortable":true,"filter":"agTextColumnFilter"},{"headerName":"Created By","field":"createdBy","sortable":true,"filter":"agTextColumnFilter"},{"headerName":"Created On","field":"createdOn","sortable":true,"filter":"agTextColumnFilter"}],"paginationPageSize":100,"pagination":true,"suppressPaginationPanel":false,"editType":"fullRow","floatingFilter":true,"enableRangeSelection":true,"animateRows":true,"sideBar":false,"domLayout":"autoHeight","custom":{}}', '2019-08-19 09:33:49', '2019-08-19 09:33:49', '2019-08-16 18:32:38', '2019-08-16 18:32:38');
INSERT INTO `grid_user_preferences` (`INSTANCE_ID`, `USER_ID`, `ROLE`, `USER_ROLE_ACCESS`, `DESCRIPTION`, `MODE`, `NAME`, `APPLIED_REQUEST_URL`, `DATACREATE`, `DATAREMOVE`, `DATAUPDATE`, `APPLIED_REQUEST_VERB`, `APPLIED_REQUEST_BODY_J_S_O_N`, `GRID_OPTIONS_JS_STRING`, `LAST_UPDATED_STAMP`, `LAST_UPDATED_TX_STAMP`, `CREATED_STAMP`, `CREATED_TX_STAMP`) VALUES ('ECFG02', 'admin', 'ADMIN', NULL, 'Get Entitie Security Permission', NULL, 'Get Entitie Security Permission', '/admin-portal/control/getEntitiesSecurityPermission', NULL, NULL, NULL, 'post', NULL, '{"columnDefs":[{"headerName":"Permission","field":"permissionId","sortable":true,"filter":"agTextColumnFilter"},{"headerName":"Description","field":"description","sortable":true,"filter":"agTextColumnFilter"}],"paginationPageSize":100,"pagination":true,"suppressPaginationPanel":false,"editType":"fullRow","floatingFilter":true,"enableRangeSelection":true,"animateRows":true,"sideBar":false,"domLayout":"autoHeight","custom":{}}', '2019-08-19 10:07:40', '2019-08-19 10:07:40', '2019-08-19 10:07:35', '2019-08-19 10:07:35');
INSERT INTO `grid_user_preferences` (`INSTANCE_ID`, `USER_ID`, `ROLE`, `USER_ROLE_ACCESS`, `DESCRIPTION`, `MODE`, `NAME`, `APPLIED_REQUEST_URL`, `DATACREATE`, `DATAREMOVE`, `DATAUPDATE`, `APPLIED_REQUEST_VERB`, `APPLIED_REQUEST_BODY_J_S_O_N`, `GRID_OPTIONS_JS_STRING`, `LAST_UPDATED_STAMP`, `LAST_UPDATED_TX_STAMP`, `CREATED_STAMP`, `CREATED_TX_STAMP`) VALUES ('GLOBAL_MESS', 'admin', 'ADMIN', NULL, NULL, NULL, 'Global Message', NULL, NULL, NULL, NULL, 'post', '{"inputFields":{}}', '{"columnDefs":[{"headerName":"Component","field":"componentName","editable":false,"cellEditor":null},{"headerName":"Role Type","field":"roleTypeIdDescription","editable":false,"cellEditor":null},{"headerName":"From Date","field":"fromDate","editable":false,"cellEditor":null},{"headerName":"Thru Date","field":"thruDate","editable":false,"cellEditor":null},{"headerName":"Description","field":"description","editable":false,"cellEditor":null,"cellRenderer":params => `<a href="globalMessageUpdateDetails?componentId=${params.data.componentId}&roleTypeId=${params.data.roleTypeId}&fromDate=${params.data.fromDate}&description=${params.data.description}">${params.value}</a>`}],"custom":{}}', '2020-02-16 11:27:45', '2020-02-16 11:27:45', '2020-02-16 11:27:45', '2020-02-16 11:27:45');
INSERT INTO `grid_user_preferences` (`INSTANCE_ID`, `USER_ID`, `ROLE`, `USER_ROLE_ACCESS`, `DESCRIPTION`, `MODE`, `NAME`, `APPLIED_REQUEST_URL`, `DATACREATE`, `DATAREMOVE`, `DATAUPDATE`, `APPLIED_REQUEST_VERB`, `APPLIED_REQUEST_BODY_J_S_O_N`, `GRID_OPTIONS_JS_STRING`, `LAST_UPDATED_STAMP`, `LAST_UPDATED_TX_STAMP`, `CREATED_STAMP`, `CREATED_TX_STAMP`) VALUES ('no-internal-request', 'admin', 'ADMIN', NULL, NULL, NULL, 'pincode', NULL, '/ab-ag-grid-support/control/dataCreate?entity-auto=createPinCodeExample', '/ab-ag-grid-support/control/dataRemove?entity-auto=deletePinCodeExample', '/ab-ag-grid-support/control/dataUpdate?entity-auto=updatePinCodeExample', 'post', '{"inputFields":{},"entityName":"PinCodeExample","noConditionFind":"Y"}', '{"columnDefs":[{"headerName":"Pincode","field":"pincode","editable":true},{"headerName":"Last Updated Stamp","field":"lastUpdatedStamp","editable":true},{"headerName":"Taluk","field":"taluk","editable":true},{"headerName":"Divisionname","field":"divisionname","editable":true},{"headerName":"Created Tx Stamp","field":"createdTxStamp"},{"headerName":"Created Stamp","field":"createdStamp"},{"headerName":"Last Updated Tx Stamp","field":"lastUpdatedTxStamp"},{"headerName":"Statename","field":"statename"},{"headerName":"Officetype","field":"officetype"},{"headerName":"Circlename","field":"circlename"},{"headerName":"Officename","field":"officename"},{"headerName":"Deliverystatus","field":"deliverystatus"},{"headerName":"Districtname","field":"districtname"},{"headerName":"Regionname","field":"regionname"},{"headerName":"Id","field":"id"}],"custom":{"dataUniqueIdField":"id","rowSelection":"single","csvExportOptions":{"fileName":"pincode2.csv","skipHeader":true}}}', '2020-02-08 01:54:56', '2020-02-08 01:54:56', '2020-02-08 01:54:56', '2020-02-08 01:54:56');
INSERT INTO `grid_user_preferences` (`INSTANCE_ID`, `USER_ID`, `ROLE`, `USER_ROLE_ACCESS`, `DESCRIPTION`, `MODE`, `NAME`, `APPLIED_REQUEST_URL`, `DATACREATE`, `DATAREMOVE`, `DATAUPDATE`, `APPLIED_REQUEST_VERB`, `APPLIED_REQUEST_BODY_J_S_O_N`, `GRID_OPTIONS_JS_STRING`, `LAST_UPDATED_STAMP`, `LAST_UPDATED_TX_STAMP`, `CREATED_STAMP`, `CREATED_TX_STAMP`) VALUES ('OPPTN_CALL_OUTCOME', 'admin', 'ADMIN', NULL, NULL, NULL, 'Opportunity Call Outcome', NULL, NULL, NULL, NULL, 'post', '{"inputFields":{}}', '{"columnDefs":[{"headerName":"Opportunity Call Outcome Description","field":"description","editable":false,"cellEditor":null,"cellRenderer":params => `<a href="editOpportunityCallOutCome?enumId=${params.data.enumId}">${params.value}</a>`},{"headerName":"Created On","field":"createdOn","editable":false,"cellEditor":null},{"headerName":"Modified On","field":"modifiedOn","editable":false,"cellEditor":null,"cellEditorParams":null}],"custom":{}}', '2020-02-16 11:17:17', '2020-02-16 11:17:17', '2020-02-16 11:17:17', '2020-02-16 11:17:17');
INSERT INTO `grid_user_preferences` (`INSTANCE_ID`, `USER_ID`, `ROLE`, `USER_ROLE_ACCESS`, `DESCRIPTION`, `MODE`, `NAME`, `APPLIED_REQUEST_URL`, `DATACREATE`, `DATAREMOVE`, `DATAUPDATE`, `APPLIED_REQUEST_VERB`, `APPLIED_REQUEST_BODY_J_S_O_N`, `GRID_OPTIONS_JS_STRING`, `LAST_UPDATED_STAMP`, `LAST_UPDATED_TX_STAMP`, `CREATED_STAMP`, `CREATED_TX_STAMP`) VALUES ('OPPTN_RES_REASON', 'admin', 'ADMIN', NULL, NULL, NULL, 'Opportunity Response Reason', NULL, NULL, NULL, NULL, 'post', '{"inputFields":{}}', '{"columnDefs":[{"headerName":"Call Outcome","field":"callOutcomeDescription","editable":false,"cellEditor":null},{"headerName":"Opportunity Response Type","field":"responseTypeDescription","editable":false,"cellEditor":null},{"headerName":"Opportunity Response Reason","field":"description","editable":false,"cellEditor":null,"cellRenderer":params => `<a href="updateOppResponseReason?parentEnumId=${params.data.outComeId}&responseTypeId=${params.data.parentEnumId}&enumId=${params.data.enumId}">${params.value}</a>`},{"headerName":"Created On","field":"createdOn","editable":false,"cellEditor":null},{"headerName":"Modified On","field":"modifiedOn","editable":false,"cellEditor":null,"cellEditorParams":null}],"custom":{}}', '2020-02-16 11:05:56', '2020-02-16 11:05:55', '2020-02-16 11:05:56', '2020-02-16 11:05:55');
INSERT INTO `grid_user_preferences` (`INSTANCE_ID`, `USER_ID`, `ROLE`, `USER_ROLE_ACCESS`, `DESCRIPTION`, `MODE`, `NAME`, `APPLIED_REQUEST_URL`, `DATACREATE`, `DATAREMOVE`, `DATAUPDATE`, `APPLIED_REQUEST_VERB`, `APPLIED_REQUEST_BODY_J_S_O_N`, `GRID_OPTIONS_JS_STRING`, `LAST_UPDATED_STAMP`, `LAST_UPDATED_TX_STAMP`, `CREATED_STAMP`, `CREATED_TX_STAMP`) VALUES ('OPPTN_RES_TYPE', 'admin', 'ADMIN', NULL, NULL, NULL, 'Opportunity Response Type', NULL, NULL, NULL, NULL, 'post', '{"inputFields":{}}', '{"columnDefs":[{"headerName":"Call Outcome","field":"callOutcomeDescription","editable":false,"cellEditor":null},{"headerName":"Opportunity Response Type","field":"description","editable":false,"cellEditor":null,"cellRenderer":params => `<a href="updateOpportunityResponseType?enumId=${params.data.enumId}&parentEnumId=${params.data.parentEnumId}">${params.value}</a>`},{"headerName":"Created On","field":"createdOn","editable":false,"cellEditor":null},{"headerName":"Modified On","field":"modifiedOn","editable":false,"cellEditor":null,"cellEditorParams":null}],"custom":{}}', '2020-02-16 10:58:55', '2020-02-16 10:58:55', '2020-02-16 10:58:55', '2020-02-16 10:58:55');
INSERT INTO `grid_user_preferences` (`INSTANCE_ID`, `USER_ID`, `ROLE`, `USER_ROLE_ACCESS`, `DESCRIPTION`, `MODE`, `NAME`, `APPLIED_REQUEST_URL`, `DATACREATE`, `DATAREMOVE`, `DATAUPDATE`, `APPLIED_REQUEST_VERB`, `APPLIED_REQUEST_BODY_J_S_O_N`, `GRID_OPTIONS_JS_STRING`, `LAST_UPDATED_STAMP`, `LAST_UPDATED_TX_STAMP`, `CREATED_STAMP`, `CREATED_TX_STAMP`) VALUES ('ORG_BUSINESS_UNIT', 'admin', 'ADMIN', NULL, NULL, NULL, 'Organization Business Unit', NULL, NULL, NULL, NULL, 'post', '{"inputFields":{}}', '{"columnDefs":[{"headerName":"Business Unit Name","field":"businessUnitName","editable":false,"cellEditor":null,"cellRenderer":params => `<a href="viewBusinessUnits?productStoreGroupId=${params.data.productStoreGroupId}">${params.value}</a>`},{"headerName":"Parent BU","field":"parentBu","editable":false,"cellEditor":null},{"headerName":"BU ID","field":"buId","editable":false,"cellEditor":null},{"headerName":"BU Type","field":"buType","editable":false,"cellEditor":null},{"headerName":"BU Status","field":"buStatus","editable":false,"cellEditor":null},{"headerName":"Website","field":"website","editable":false,"cellEditor":null},{"headerName":"City","field":"city","editable":false,"cellEditor":null},{"headerName":"State","field":"state","editable":false,"cellEditor":null},{"headerName":"Country","field":"country","editable":false,"cellEditor":null},{"headerName":"Created By","field":"createdBy","editable":false,"cellEditor":null},{"headerName":"Created On","field":"createdOn","editable":false,"cellEditor":null},{"headerName":"Modified By","field":"modifiedBy","editable":false,"cellEditor":null},{"headerName":"Modified On","field":"modifiedOn","editable":false,"cellEditor":null,"cellEditorParams":null}],"custom":{}}', '2020-02-16 10:36:22', '2020-02-16 10:36:22', '2020-02-16 10:36:22', '2020-02-16 10:36:22');
INSERT INTO `grid_user_preferences` (`INSTANCE_ID`, `USER_ID`, `ROLE`, `USER_ROLE_ACCESS`, `DESCRIPTION`, `MODE`, `NAME`, `APPLIED_REQUEST_URL`, `DATACREATE`, `DATAREMOVE`, `DATAUPDATE`, `APPLIED_REQUEST_VERB`, `APPLIED_REQUEST_BODY_J_S_O_N`, `GRID_OPTIONS_JS_STRING`, `LAST_UPDATED_STAMP`, `LAST_UPDATED_TX_STAMP`, `CREATED_STAMP`, `CREATED_TX_STAMP`) VALUES ('ORG_TEAM', 'admin', 'ADMIN', NULL, NULL, NULL, 'Organization Team', NULL, NULL, NULL, NULL, 'post', '{"inputFields":{}}', '{"columnDefs":[{"headerName":"Team Name","field":"teamName","editable":false,"cellEditor":null,"cellRenderer":params => `<a href="viewTeam?emplTeamId=${params.data.emplTeamId}">${params.value}</a>`},{"headerName":"Team ID","field":"emplTeamId","editable":false,"cellEditor":null},{"headerName":"Business Unit","field":"buName","editable":false,"cellEditor":null},{"headerName":"Team Status","field":"status","editable":false,"cellEditor":null},{"headerName":"Created On","field":"createdDate","editable":false,"cellEditor":null},{"headerName":"Created By","field":"created","editable":false,"cellEditor":null},{"headerName":"Modified On","field":"modifiedDate","editable":false,"cellEditor":null},{"headerName":"Modified By","field":"modified","editable":false,"cellEditor":null,"cellEditorParams":null}],"custom":{}}', '2020-02-16 10:44:03', '2020-02-16 10:44:03', '2020-02-16 10:44:03', '2020-02-16 10:44:03');
INSERT INTO `grid_user_preferences` (`INSTANCE_ID`, `USER_ID`, `ROLE`, `USER_ROLE_ACCESS`, `DESCRIPTION`, `MODE`, `NAME`, `APPLIED_REQUEST_URL`, `DATACREATE`, `DATAREMOVE`, `DATAUPDATE`, `APPLIED_REQUEST_VERB`, `APPLIED_REQUEST_BODY_J_S_O_N`, `GRID_OPTIONS_JS_STRING`, `LAST_UPDATED_STAMP`, `LAST_UPDATED_TX_STAMP`, `CREATED_STAMP`, `CREATED_TX_STAMP`) VALUES ('ORG_TEAM', 'admin', 'USER', NULL, NULL, NULL, NULL, NULL, NULL, NULL, NULL, NULL, NULL, '{"columnDefs":[{"headerName":"Team Name","field":"teamName","editable":false,"cellEditor":null,"cellRenderer":params => `<a href="viewTeam?emplTeamId=${params.data.emplTeamId}">${params.value}</a>`,"colId":"teamName","sort":null,"hide":false,"aggFunc":null,"width":120,"pivotIndex":null,"pinned":null,"rowGroupIndex":null},{"headerName":"Team ID","field":"emplTeamId","editable":false,"cellEditor":null,"colId":"emplTeamId","sort":null,"hide":false,"aggFunc":null,"width":102,"pivotIndex":null,"pinned":null,"rowGroupIndex":null},{"headerName":"Business Unit","field":"buName","editable":false,"cellEditor":null,"colId":"buName","sort":null,"hide":false,"aggFunc":null,"width":126,"pivotIndex":null,"pinned":null,"rowGroupIndex":null},{"headerName":"Team Status","field":"status","editable":false,"cellEditor":null,"colId":"status","sort":null,"hide":false,"aggFunc":null,"width":121,"pivotIndex":null,"pinned":null,"rowGroupIndex":null},{"headerName":"Created On","field":"createdDate","editable":false,"cellEditor":null,"colId":"createdDate","sort":null,"hide":false,"aggFunc":null,"width":117,"pivotIndex":null,"pinned":null,"rowGroupIndex":null},{"headerName":"Created By","field":"created","editable":false,"cellEditor":null,"colId":"created","sort":null,"hide":false,"aggFunc":null,"width":114,"pivotIndex":null,"pinned":null,"rowGroupIndex":null},{"headerName":"Modified On","field":"modifiedDate","editable":false,"cellEditor":null,"colId":"modifiedDate","sort":null,"hide":false,"aggFunc":null,"width":136,"pivotIndex":null,"pinned":null,"rowGroupIndex":null},{"headerName":"Modified By","field":"modified","editable":false,"cellEditor":null,"cellEditorParams":null,"colId":"modified","sort":null,"hide":false,"aggFunc":null,"width":120,"pivotIndex":null,"pinned":null,"rowGroupIndex":null}],"custom":{"filterModel":{}}}', '2020-02-18 18:11:49', '2020-02-18 18:11:49', '2020-02-18 18:10:49', '2020-02-18 18:10:49');
INSERT INTO `grid_user_preferences` (`INSTANCE_ID`, `USER_ID`, `ROLE`, `USER_ROLE_ACCESS`, `DESCRIPTION`, `MODE`, `NAME`, `APPLIED_REQUEST_URL`, `DATACREATE`, `DATAREMOVE`, `DATAUPDATE`, `APPLIED_REQUEST_VERB`, `APPLIED_REQUEST_BODY_J_S_O_N`, `GRID_OPTIONS_JS_STRING`, `LAST_UPDATED_STAMP`, `LAST_UPDATED_TX_STAMP`, `CREATED_STAMP`, `CREATED_TX_STAMP`) VALUES ('PARAM_ACT_PRNT', 'admin', 'ADMIN', NULL, NULL, NULL, 'Param activty parent', NULL, NULL, NULL, NULL, 'post', '{"inputFields":{}}', '{"columnDefs":[{"headerName":"Activity Parent","field":"activityParentDesc","editable":false,"cellEditor":null,"cellRenderer":params => `<a href="viewActivityParent?enumId=${params.data.enumId}">${params.value}</a>`},{"headerName":"Sequence Number","field":"sequenceId","editable":false,"cellEditor":null},{"headerName":"Created On","field":"createdOn","editable":false,"cellEditor":null},{"headerName":"Created By","field":"createdBy","editable":false,"cellEditor":null},{"headerName":"Modified On","field":"modifiedOn","editable":false,"cellEditor":null},{"headerName":"Modified By","field":"modifiedBy","editable":false,"cellEditor":null},{"headerName":"Status","field":"statusDesc","editable":false,"cellEditor":null,"cellEditorParams":null}],"custom":{}}', '2020-02-13 14:21:39', '2020-02-13 14:21:39', '2020-02-13 14:21:39', '2020-02-13 14:21:39');
INSERT INTO `grid_user_preferences` (`INSTANCE_ID`, `USER_ID`, `ROLE`, `USER_ROLE_ACCESS`, `DESCRIPTION`, `MODE`, `NAME`, `APPLIED_REQUEST_URL`, `DATACREATE`, `DATAREMOVE`, `DATAUPDATE`, `APPLIED_REQUEST_VERB`, `APPLIED_REQUEST_BODY_J_S_O_N`, `GRID_OPTIONS_JS_STRING`, `LAST_UPDATED_STAMP`, `LAST_UPDATED_TX_STAMP`, `CREATED_STAMP`, `CREATED_TX_STAMP`) VALUES ('PARAM_ACT_SUB_TYP', 'admin', 'ADMIN', NULL, NULL, NULL, 'Param activity sub type', NULL, NULL, NULL, NULL, 'post', '{"inputFields":{}}', '{"columnDefs":[{"headerName":"Activity Parent","field":"grandparentValue","editable":false,"cellEditor":null},{"headerName":"Activity Type","field":"parentValue","editable":false,"cellEditor":null},{"headerName":"Activity Sub Type","field":"activitySubTypeDesc","editable":false,"cellEditor":null,"cellRenderer":params => `<a href="viewActivitySubTypes?enumId=${params.data.enumId}">${params.value}</a>`},{"headerName":"Sequence Number","field":"sequenceId","editable":false,"cellEditor":null},{"headerName":"Created On","field":"createdOn","editable":false,"cellEditor":null},{"headerName":"Created By","field":"createdBy","editable":false,"cellEditor":null},{"headerName":"Modified On","field":"modifiedOn","editable":false,"cellEditor":null},{"headerName":"Modified By","field":"modifiedBy","editable":false,"cellEditor":null},{"headerName":"Status","field":"statusDesc","editable":false,"cellEditor":null,"cellEditorParams":null}],"custom":{}}', '2020-02-13 14:16:26', '2020-02-13 14:16:26', '2020-02-13 14:16:26', '2020-02-13 14:16:26');
INSERT INTO `grid_user_preferences` (`INSTANCE_ID`, `USER_ID`, `ROLE`, `USER_ROLE_ACCESS`, `DESCRIPTION`, `MODE`, `NAME`, `APPLIED_REQUEST_URL`, `DATACREATE`, `DATAREMOVE`, `DATAUPDATE`, `APPLIED_REQUEST_VERB`, `APPLIED_REQUEST_BODY_J_S_O_N`, `GRID_OPTIONS_JS_STRING`, `LAST_UPDATED_STAMP`, `LAST_UPDATED_TX_STAMP`, `CREATED_STAMP`, `CREATED_TX_STAMP`) VALUES ('PARAM_ACT_TYP', 'admin', 'ADMIN', NULL, NULL, NULL, 'Param Activity type', NULL, NULL, NULL, NULL, 'post', '{"inputFields":{}}', '{"columnDefs":[{"headerName":"Activity Parent","field":"parentValue","editable":false,"cellEditor":null},{"headerName":"Activity Type","field":"activityTypeDesc","editable":false,"cellEditor":null},{"headerName":"Sequence Number","field":"sequenceId","editable":false,"cellEditor":null},{"headerName":"Created On","field":"createdOn","editable":false,"cellEditor":null},{"headerName":"Created By","field":"createdBy","editable":false,"cellEditor":null},{"headerName":"Modified On","field":"modifiedOn","editable":false,"cellEditor":null},{"headerName":"Modified By","field":"modifiedBy","editable":false,"cellEditor":null},{"headerName":"Status","field":"statusDesc","editable":false,"cellEditor":null,"cellEditorParams":null}],"custom":{}}', '2020-02-13 14:10:08', '2020-02-13 14:10:08', '2020-02-13 14:10:08', '2020-02-13 14:10:08');
INSERT INTO `grid_user_preferences` (`INSTANCE_ID`, `USER_ID`, `ROLE`, `USER_ROLE_ACCESS`, `DESCRIPTION`, `MODE`, `NAME`, `APPLIED_REQUEST_URL`, `DATACREATE`, `DATAREMOVE`, `DATAUPDATE`, `APPLIED_REQUEST_VERB`, `APPLIED_REQUEST_BODY_J_S_O_N`, `GRID_OPTIONS_JS_STRING`, `LAST_UPDATED_STAMP`, `LAST_UPDATED_TX_STAMP`, `CREATED_STAMP`, `CREATED_TX_STAMP`) VALUES ('PARAM_ALT_CAT', 'admin', 'ADMIN', NULL, NULL, NULL, 'Param alert category', NULL, NULL, NULL, NULL, 'post', '{"inputFields":{}}', '{"columnDefs":[{"headerName":"Alert Category Name","field":"alert","editable":false,"cellEditor":null,"cellRenderer":params => `<a href="viewAlertCategory?alertCategoryId=${params.data.alertCategoryId}">${params.value}</a>`},{"headerName":"Alert Type","field":"type","editable":false,"cellEditor":null},{"headerName":"Alert Priority","field":"priority","editable":false,"cellEditor":null},{"headerName":"Auto Closure","field":"closure","editable":false,"cellEditor":null},{"headerName":"Duration of Auto Closure","field":"duration","editable":false,"cellEditor":null},{"headerName":"Sequence Number","field":"sequence","editable":false,"cellEditor":null},{"headerName":"Remarks","field":"remark","editable":false,"cellEditor":null},{"headerName":"Created On","field":"createdOn","editable":false,"cellEditor":null},{"headerName":"Created By","field":"createdBy","editable":false,"cellEditor":null},{"headerName":"Modified On","field":"modifiedOn","editable":false,"cellEditor":null},{"headerName":"Modified By","field":"modifiedBy","editable":false,"cellEditor":null}],"custom":{}}', '2020-02-13 14:38:48', '2020-02-13 14:38:48', '2020-02-13 14:38:48', '2020-02-13 14:38:48');
INSERT INTO `grid_user_preferences` (`INSTANCE_ID`, `USER_ID`, `ROLE`, `USER_ROLE_ACCESS`, `DESCRIPTION`, `MODE`, `NAME`, `APPLIED_REQUEST_URL`, `DATACREATE`, `DATAREMOVE`, `DATAUPDATE`, `APPLIED_REQUEST_VERB`, `APPLIED_REQUEST_BODY_J_S_O_N`, `GRID_OPTIONS_JS_STRING`, `LAST_UPDATED_STAMP`, `LAST_UPDATED_TX_STAMP`, `CREATED_STAMP`, `CREATED_TX_STAMP`) VALUES ('PARAM_CAL_NW_DAY', 'admin', 'ADMIN', NULL, NULL, NULL, 'Calendar non working days', NULL, NULL, NULL, NULL, 'post', '{"inputFields":{}}', '{"columnDefs":[{"headerName":"Non Working Date","field":"nonWorkingDate","editable":false,"cellEditor":null,"cellRenderer":params => `<a href=viewNonWorkingDay?holidayConfigId=${params.data.holidayConfigId} id="viewNonWorkingDay">${params.value}</a>`},{"headerName":"Non Working Date Desc","field":"holidayDescription","editable":false,"cellEditor":null},{"headerName":"Holiday","field":"isHoliday","editable":false,"cellEditor":null},{"headerName":"Weekend","field":"isWeekend","editable":false,"cellEditor":null},{"headerName":"Non Working Day","field":"isNonWorkingDay","editable":false,"cellEditor":null},{"headerName":"Status","field":"status","editable":false,"cellEditor":null},{"headerName":"Created On","field":"createdDate","editable":false,"cellEditor":null},{"headerName":"Created By","field":"createdBy","editable":false,"cellEditor":null},{"headerName":"Modified On","field":"modifiedDate","editable":false,"cellEditor":null},{"headerName":"Modified By","field":"modifiedBy","editable":false,"cellEditor":null,"cellEditorParams":null}],"custom":{}}', '2020-02-13 14:45:27', '2020-02-13 14:45:27', '2020-02-13 14:45:27', '2020-02-13 14:45:27');
INSERT INTO `grid_user_preferences` (`INSTANCE_ID`, `USER_ID`, `ROLE`, `USER_ROLE_ACCESS`, `DESCRIPTION`, `MODE`, `NAME`, `APPLIED_REQUEST_URL`, `DATACREATE`, `DATAREMOVE`, `DATAUPDATE`, `APPLIED_REQUEST_VERB`, `APPLIED_REQUEST_BODY_J_S_O_N`, `GRID_OPTIONS_JS_STRING`, `LAST_UPDATED_STAMP`, `LAST_UPDATED_TX_STAMP`, `CREATED_STAMP`, `CREATED_TX_STAMP`) VALUES ('PARAM_SLA_STP', 'admin', 'ADMIN', NULL, NULL, NULL, 'Param SLA setup', NULL, NULL, NULL, NULL, 'post', '{"inputFields":{}}', '{"columnDefs":[{"headerName":"SR Type","field":"srTypeId","editable":false,"cellEditor":null,"cellRenderer":params => `<a href=viewSlaSetup?slaConfigId=${params.data.slaConfigId} id="viewSlaSetup">${params.value}</a>`},{"headerName":"SR Priority","field":"srPriority","editable":false,"cellEditor":null},{"headerName":"SR Category","field":"srCategoryId","editable":false,"cellEditor":null},{"headerName":"SR Sub Category","field":"srSubCategoryId","editable":false,"cellEditor":null},{"headerName":"Status","field":"status","editable":false,"cellEditor":null},{"headerName":"SLA for Resolution","field":"slaPeriodUnit","editable":false,"cellEditor":null},{"headerName":"SR Resolution Unit","field":"slaPeriodLvl","editable":false,"cellEditor":null},{"headerName":"SLA for First Escalation","field":"slaEscPeriodHrsLvl1","editable":false,"cellEditor":null},{"headerName":"First Escalation Unit","field":"slaPeriodLvl1","editable":false,"cellEditor":null},{"headerName":"SLA for Second Escalation","field":"slaEscPeriodHrsLvl2","editable":false,"cellEditor":null},{"headerName":"Second Escalation Unit","field":"slaPeriodLvl2","editable":false,"cellEditor":null},{"headerName":"SLA for Third Escalation","field":"slaEscPeriodHrsLvl3","editable":false,"cellEditor":null},{"headerName":"Third Escalation Unit","field":"slaPeriodLvl3","editable":false,"cellEditor":null},{"headerName":"Created On","field":"createdDate","editable":false,"cellEditor":null},{"headerName":"Created By","field":"createdBy","editable":false,"cellEditor":null},{"headerName":"Modified On","field":"modifiedDate","editable":false,"cellEditor":null},{"headerName":"Modified By","field":"modifiedBy","editable":false,"cellEditor":null,"cellEditorParams":null}],"custom":{}}', '2020-02-13 14:31:33', '2020-02-13 14:31:33', '2020-02-13 14:30:24', '2020-02-13 14:30:24');
INSERT INTO `grid_user_preferences` (`INSTANCE_ID`, `USER_ID`, `ROLE`, `USER_ROLE_ACCESS`, `DESCRIPTION`, `MODE`, `NAME`, `APPLIED_REQUEST_URL`, `DATACREATE`, `DATAREMOVE`, `DATAUPDATE`, `APPLIED_REQUEST_VERB`, `APPLIED_REQUEST_BODY_J_S_O_N`, `GRID_OPTIONS_JS_STRING`, `LAST_UPDATED_STAMP`, `LAST_UPDATED_TX_STAMP`, `CREATED_STAMP`, `CREATED_TX_STAMP`) VALUES ('PARAM_SR_AREA', 'admin', 'ADMIN', NULL, NULL, NULL, 'SR Category', NULL, NULL, NULL, NULL, 'post', '{"inputFields":{}}', '{"columnDefs":[{"headerName":"SR Type","field":"parentValue","editable":false,"cellEditor":null},{"headerName":"SR Category","field":"value","editable":false,"cellEditor":null,"cellRenderer":params => `<a href="viewServiceRequestArea?custRequestCategoryId=${params.data.code}">${params.value}</a>`},{"headerName":"Sequence Number","field":"seqNo","editable":false,"cellEditor":null},{"headerName":"Status","field":"status","editable":false,"cellEditor":null},{"headerName":"Created On","field":"createdOn","editable":false,"cellEditor":null},{"headerName":"Created By","field":"createdBy","editable":false,"cellEditor":null},{"headerName":"Modified On","field":"modifiedOn","editable":false,"cellEditor":null},{"headerName":"Modified By","field":"modifiedBy","editable":false,"cellEditor":null,"cellEditorParams":null}],"custom":{}}', '2020-02-13 14:03:30', '2020-02-13 14:03:30', '2020-02-13 14:03:30', '2020-02-13 14:03:30');
INSERT INTO `grid_user_preferences` (`INSTANCE_ID`, `USER_ID`, `ROLE`, `USER_ROLE_ACCESS`, `DESCRIPTION`, `MODE`, `NAME`, `APPLIED_REQUEST_URL`, `DATACREATE`, `DATAREMOVE`, `DATAUPDATE`, `APPLIED_REQUEST_VERB`, `APPLIED_REQUEST_BODY_J_S_O_N`, `GRID_OPTIONS_JS_STRING`, `LAST_UPDATED_STAMP`, `LAST_UPDATED_TX_STAMP`, `CREATED_STAMP`, `CREATED_TX_STAMP`) VALUES ('PARAM_SR_SUB_AREA', 'admin', 'ADMIN', NULL, NULL, NULL, 'SR Sub Category', NULL, NULL, NULL, NULL, 'post', '{"inputFields":{}}', '{"columnDefs":[{"headerName":"SR Type","field":"grandparentValue","editable":false,"cellEditor":null},{"headerName":"SR Category","field":"parentValue","editable":false,"cellEditor":null},{"headerName":"SR Sub Category","field":"value","editable":false,"cellEditor":null,"cellRenderer":params => `<a href="viewSrSubCategory?custRequestCategoryId=${params.data.custRequestCategoryId}">${params.value}</a>`},{"headerName":"Sequence Number","field":"seqNo","editable":false,"cellEditor":null},{"headerName":"Status","field":"status","editable":false,"cellEditor":null},{"headerName":"Created On","field":"createdOn","editable":false,"cellEditor":null},{"headerName":"Created By","field":"createdBy","editable":false,"cellEditor":null},{"headerName":"Modified On","field":"modifiedOn","editable":false,"cellEditor":null},{"headerName":"Modified By","field":"modifiedBy","editable":false,"cellEditor":null,"cellEditorParams":null}],"custom":{}}', '2020-02-13 13:55:15', '2020-02-13 13:55:15', '2020-02-13 13:48:18', '2020-02-13 13:48:18');
INSERT INTO `grid_user_preferences` (`INSTANCE_ID`, `USER_ID`, `ROLE`, `USER_ROLE_ACCESS`, `DESCRIPTION`, `MODE`, `NAME`, `APPLIED_REQUEST_URL`, `DATACREATE`, `DATAREMOVE`, `DATAUPDATE`, `APPLIED_REQUEST_VERB`, `APPLIED_REQUEST_BODY_J_S_O_N`, `GRID_OPTIONS_JS_STRING`, `LAST_UPDATED_STAMP`, `LAST_UPDATED_TX_STAMP`, `CREATED_STAMP`, `CREATED_TX_STAMP`) VALUES ('PARAM_SR_TYPE', 'admin', 'ADMIN', NULL, NULL, NULL, 'Param SR type', NULL, NULL, NULL, NULL, 'post', '{"inputFields":{}}', '{"columnDefs":[{"headerName":"SR Type","field":"description","editable":false,"cellEditor":null,"cellRenderer":params => `<a href="viewServiceRequestType?custRequestTypeId=${params.data.custRequestTypeId}">${params.value}</a>`},{"headerName":"Sequence Number","field":"seqNo","editable":false,"cellEditor":null},{"headerName":"Status","field":"status","editable":false,"cellEditor":null},{"headerName":"Created On","field":"createdOn","editable":false,"cellEditor":null},{"headerName":"Created By","field":"createdBy","editable":false,"cellEditor":null},{"headerName":"Modified On","field":"modifiedOn","editable":false,"cellEditor":null},{"headerName":"Modified By","field":"modifiedBy","editable":false,"cellEditor":null,"cellEditorParams":null}],"custom":{}}', '2020-02-13 13:57:31', '2020-02-13 13:57:31', '2020-02-12 18:19:02', '2020-02-12 18:19:02');
INSERT INTO `grid_user_preferences` (`INSTANCE_ID`, `USER_ID`, `ROLE`, `USER_ROLE_ACCESS`, `DESCRIPTION`, `MODE`, `NAME`, `APPLIED_REQUEST_URL`, `DATACREATE`, `DATAREMOVE`, `DATAUPDATE`, `APPLIED_REQUEST_VERB`, `APPLIED_REQUEST_BODY_J_S_O_N`, `GRID_OPTIONS_JS_STRING`, `LAST_UPDATED_STAMP`, `LAST_UPDATED_TX_STAMP`, `CREATED_STAMP`, `CREATED_TX_STAMP`) VALUES ('SECURITY_GROUP', 'admin', 'ADMIN', NULL, NULL, NULL, 'Security Group', NULL, NULL, NULL, NULL, 'post', '{"inputFields":{}}', '{"columnDefs":[{"headerName":"Group Id","field":"groupId","editable":false,"cellEditor":null},{"headerName":"Security Type","field":"securityType","editable":false,"cellEditor":null},{"headerName":"Description","field":"description","editable":false},{"headerName":"Action","field":"action","editable":false,"cellRenderer":params => `<a href="viewSecurityGroup?groupId=${params.data.groupId}" class="btn btn-primary btn-xs"> <i class="fa fa-eye"></i> Manage Permissions </a>`}],"custom":{}}', '2020-02-14 19:18:53', '2020-02-14 19:18:53', '2020-02-14 19:18:53', '2020-02-14 19:18:53');
INSERT INTO `grid_user_preferences` (`INSTANCE_ID`, `USER_ID`, `ROLE`, `USER_ROLE_ACCESS`, `DESCRIPTION`, `MODE`, `NAME`, `APPLIED_REQUEST_URL`, `DATACREATE`, `DATAREMOVE`, `DATAUPDATE`, `APPLIED_REQUEST_VERB`, `APPLIED_REQUEST_BODY_J_S_O_N`, `GRID_OPTIONS_JS_STRING`, `LAST_UPDATED_STAMP`, `LAST_UPDATED_TX_STAMP`, `CREATED_STAMP`, `CREATED_TX_STAMP`) VALUES ('SECURITY_PERMISSION', 'admin', 'ADMIN', NULL, NULL, NULL, NULL, NULL, NULL, NULL, NULL, 'post', '{"inputFields":{}}', '{"columnDefs":[{"headerName":"Permission ID","field":"permissionId","editable":false,"cellEditor":null},{"headerName":"Description","field":"description","editable":false,"cellEditor":null},{"headerName":"Action","field":"action","editable":false,"cellRenderer":params => `<a href="updateSecurityPermission?permissionId=${params.data.permissionId}" class="btn btn-xs btn-danger" title="Update"> <i class="fa fa-edit" aria-hidden="true"></i> </a>`}],"custom":{}}', '2020-02-14 19:12:02', '2020-02-14 19:12:02', '2020-02-14 19:12:02', '2020-02-14 19:12:02');
INSERT INTO `grid_user_preferences` (`INSTANCE_ID`, `USER_ID`, `ROLE`, `USER_ROLE_ACCESS`, `DESCRIPTION`, `MODE`, `NAME`, `APPLIED_REQUEST_URL`, `DATACREATE`, `DATAREMOVE`, `DATAUPDATE`, `APPLIED_REQUEST_VERB`, `APPLIED_REQUEST_BODY_J_S_O_N`, `GRID_OPTIONS_JS_STRING`, `LAST_UPDATED_STAMP`, `LAST_UPDATED_TX_STAMP`, `CREATED_STAMP`, `CREATED_TX_STAMP`) VALUES ('SECURITY_ROLE', 'admin', 'ADMIN', NULL, NULL, NULL, 'Security Role', NULL, NULL, NULL, NULL, 'post', '{"inputFields":{}}', '{"columnDefs":[{"headerName":"Roles","field":"roleTypeId","editable":false,"cellEditor":null},{"headerName":"Role Description","field":"description","editable":false,"cellEditor":null},{"headerName":"View Users","filter":"agTextColumnFilter","cellRenderer":params =>\n      `<a href="viewRoleUsers?roleTypeId=${params.data.roleTypeId}" class="btn btn-primary btn-xs"> <i class="fa fa-eye"></i> </a>`},{"headerName":"View Operations","filter":"agTextColumnFilter","cellRenderer":params =>\n      `<a href="configureOperationLevels?roleTypeId=${params.data.roleTypeId}" class="btn btn-primary btn-xs"> <i class="fa fa-lock"></i></a>`}],"custom":{}}', '2020-02-17 15:00:29', '2020-02-17 15:00:29', '2020-02-14 19:34:27', '2020-02-14 19:34:27');
INSERT INTO `grid_user_preferences` (`INSTANCE_ID`, `USER_ID`, `ROLE`, `USER_ROLE_ACCESS`, `DESCRIPTION`, `MODE`, `NAME`, `APPLIED_REQUEST_URL`, `DATACREATE`, `DATAREMOVE`, `DATAUPDATE`, `APPLIED_REQUEST_VERB`, `APPLIED_REQUEST_BODY_J_S_O_N`, `GRID_OPTIONS_JS_STRING`, `LAST_UPDATED_STAMP`, `LAST_UPDATED_TX_STAMP`, `CREATED_STAMP`, `CREATED_TX_STAMP`) VALUES ('SGRP02', 'admin', 'ADMIN', 'null', 'Get Security Permission', NULL, 'Get Security Permission', '/admin-portal/control/getSecurityPermissions', NULL, NULL, NULL, 'post', NULL, '{\r\n  "columnDefs": [{\r\n    "headerName": "Permission ID",\r\n    "field": "permissionId",\r\n    "sortable": true,\r\n    "filter": true,\r\n    "filter": "agTextColumnFilter",\r\n    cellRenderer: params =>\r\n      `<a href="#" onclick="add_value(\'addPermissionForm\',\'${params.value}\',\'permissionId\');">${params.value}</a>`,\r\n  }, {\r\n    "headerName": "Description",\r\n    "field": "description",\r\n    "sortable": true,\r\n    "filter": true,\r\n    "filter": "agTextColumnFilter",\r\n    "suppressSizeToFit": true\r\n  }],\r\n  "paginationPageSize": 10,\r\n  "pagination": true,\r\n  "rowSelection": \'single\',\r\n  "suppressRowClickSelection": false,\r\n  "floatingFilter": true,\r\n  "animateRows": true,\r\n  "sideBar": false,\r\n  "domLayout": \'autoHeight\'\r\n}', '2019-08-16 11:58:52', '2019-08-16 11:58:52', '2019-08-08 12:17:07', '2019-08-08 12:17:07');
INSERT INTO `grid_user_preferences` (`INSTANCE_ID`, `USER_ID`, `ROLE`, `USER_ROLE_ACCESS`, `DESCRIPTION`, `MODE`, `NAME`, `APPLIED_REQUEST_URL`, `DATACREATE`, `DATAREMOVE`, `DATAUPDATE`, `APPLIED_REQUEST_VERB`, `APPLIED_REQUEST_BODY_J_S_O_N`, `GRID_OPTIONS_JS_STRING`, `LAST_UPDATED_STAMP`, `LAST_UPDATED_TX_STAMP`, `CREATED_STAMP`, `CREATED_TX_STAMP`) VALUES ('SGRP03', 'admin', 'ADMIN', 'null', 'Get Security Permission For Group', NULL, 'Get Security Permission For Group', '/admin-portal/control/getPermissionsForSecurityGroups', NULL, NULL, NULL, 'post', '{"inputFields":{}}', '{"columnDefs":[{"headerName":"Permission ID","field":"permissionId","sortable":true,"filter":"agTextColumnFilter","suppressSizeToFit":true,"headerCheckboxSelection":true,"checkboxSelection":true,"width":779},{"headerName":"Description","field":"description","sortable":true,"filter":"agTextColumnFilter","suppressSizeToFit":true,"width":779}],"paginationPageSize":10,"pagination":true,"editType":"fullRow","floatingFilter":false,"animateRows":false,"sideBar":false,"domLayout":"autoHeight","custom":{"rowSelection":"multiple"}}', '2020-02-17 22:17:59', '2020-02-17 22:17:59', '2019-08-08 17:46:04', '2019-08-08 17:46:04');
INSERT INTO `grid_user_preferences` (`INSTANCE_ID`, `USER_ID`, `ROLE`, `USER_ROLE_ACCESS`, `DESCRIPTION`, `MODE`, `NAME`, `APPLIED_REQUEST_URL`, `DATACREATE`, `DATAREMOVE`, `DATAUPDATE`, `APPLIED_REQUEST_VERB`, `APPLIED_REQUEST_BODY_J_S_O_N`, `GRID_OPTIONS_JS_STRING`, `LAST_UPDATED_STAMP`, `LAST_UPDATED_TX_STAMP`, `CREATED_STAMP`, `CREATED_TX_STAMP`) VALUES ('SR02', 'admin', 'ADMIN', '(NULL)', 'Find Role Users', '(NULL)', 'Find Role Users', '/admin-portal/control/getRoleUsers', NULL, NULL, NULL, 'post', NULL, '{\r\n  "columnDefs": [{\r\n    "headerName": "User Name ",\r\n    "field": "userName",\r\n    "sortable": true,\r\n    "filter": true,\r\n    "filter": "agTextColumnFilter",\r\n    cellRenderer: params =>\r\n      `<a href="viewUserDetail?userLoginId=${params.data.oneBankId}">${params.value}</a>`\r\n  }, {\r\n    "headerName": "1BankID",\r\n    "field": "oneBankId",\r\n    "sortable": true,\r\n    "filter": true\r\n  }, {\r\n    "headerName": "BU",\r\n    "field": "businessUnit",\r\n    "sortable": true,\r\n    "filter": true\r\n  }, {\r\n    "headerName": "User Status",\r\n    "field": "userStatus",\r\n    "sortable": true,\r\n    "filter": true\r\n  }],\r\n  "paginationPageSize": 100,\r\n  "pagination": true,\r\n  "suppressPaginationPanel": false,\r\n  "editType": \'fullRow\',\r\n  "floatingFilter": true,\r\n  "enableRangeSelection": true,\r\n  "animateRows": true,\r\n  "sideBar": false,\r\n  "domLayout": \'autoHeight\'\r\n}', '2019-08-25 16:18:54', '2019-08-25 16:18:55', '2019-08-25 16:18:55', '2019-08-25 16:18:55');
INSERT INTO `grid_user_preferences` (`INSTANCE_ID`, `USER_ID`, `ROLE`, `USER_ROLE_ACCESS`, `DESCRIPTION`, `MODE`, `NAME`, `APPLIED_REQUEST_URL`, `DATACREATE`, `DATAREMOVE`, `DATAUPDATE`, `APPLIED_REQUEST_VERB`, `APPLIED_REQUEST_BODY_J_S_O_N`, `GRID_OPTIONS_JS_STRING`, `LAST_UPDATED_STAMP`, `LAST_UPDATED_TX_STAMP`, `CREATED_STAMP`, `CREATED_TX_STAMP`) VALUES ('TEAM_MEMBER', 'admin', 'ADMIN', NULL, NULL, NULL, 'Team Member', '/admin-portal/control/getTeamMembers', NULL, NULL, NULL, 'post', '{"inputFields":{}}', '{"columnDefs":[{"headerName":"User Name","field":"userName","editable":false,"cellEditor":null,"checkboxSelection":true},{"headerName":"NewpartyId","field":"partyId","editable":false,"cellEditor":null},{"headerName":"1BankID","field":"oneBankId","editable":false,"cellEditor":null},{"headerName":"BU","field":"businessUnit","editable":false,"cellEditor":null,"cellEditorParams":null}],"custom":{"rowSelection":"multiple"}}', '2020-02-18 15:19:57', '2020-02-18 15:19:57', '2020-02-17 16:47:02', '2020-02-17 16:47:02');
INSERT INTO `grid_user_preferences` (`INSTANCE_ID`, `USER_ID`, `ROLE`, `USER_ROLE_ACCESS`, `DESCRIPTION`, `MODE`, `NAME`, `APPLIED_REQUEST_URL`, `DATACREATE`, `DATAREMOVE`, `DATAUPDATE`, `APPLIED_REQUEST_VERB`, `APPLIED_REQUEST_BODY_J_S_O_N`, `GRID_OPTIONS_JS_STRING`, `LAST_UPDATED_STAMP`, `LAST_UPDATED_TX_STAMP`, `CREATED_STAMP`, `CREATED_TX_STAMP`) VALUES ('USER_LOGIN_HISTORY', 'admin', 'ADMIN', NULL, NULL, NULL, 'User Login History', NULL, NULL, NULL, NULL, 'post', '{"inputFields":{}}', '{"columnDefs":[{"headerName":"Visit Id","field":"visitId","editable":false,"cellEditor":null,"cellRenderer":params => `<a href="viewUserLoginHistoryDetail?visitId=${params.value}">${params.value}</a>`},{"headerName":"Party Id","field":"partyId","editable":false,"cellEditor":null},{"headerName":"User Login ID","field":"userLoginId","editable":false,"cellEditor":null},{"headerName":"Client Ip Address","field":"clientIpAddress","editable":false,"cellEditor":null},{"headerName":"Module","field":"webappName","editable":false,"cellEditor":null},{"headerName":"Start Date","field":"fromDate","editable":false,"cellEditor":null},{"headerName":"End Date","field":"thruDate","editable":false,"cellEditor":null,"cellEditorParams":null}],"custom":{}}', '2020-02-16 10:24:20', '2020-02-16 10:24:20', '2020-02-16 10:24:20', '2020-02-16 10:24:20');
INSERT INTO `grid_user_preferences` (`INSTANCE_ID`, `USER_ID`, `ROLE`, `USER_ROLE_ACCESS`, `DESCRIPTION`, `MODE`, `NAME`, `APPLIED_REQUEST_URL`, `DATACREATE`, `DATAREMOVE`, `DATAUPDATE`, `APPLIED_REQUEST_VERB`, `APPLIED_REQUEST_BODY_J_S_O_N`, `GRID_OPTIONS_JS_STRING`, `LAST_UPDATED_STAMP`, `LAST_UPDATED_TX_STAMP`, `CREATED_STAMP`, `CREATED_TX_STAMP`) VALUES ('USER_ROLE', 'admin', 'ADMIN', NULL, NULL, NULL, 'User and Role', NULL, NULL, NULL, NULL, 'post', '{"inputFields":{}}', '{"columnDefs":[{"headerName":"User Name","field":"userName","editable":false,"cellEditor":null,"cellRenderer":params => `<a href="viewUserDetail?userLoginId=${params.data.oneBankId}">${params.value}</a>`},{"headerName":"1BankID","field":"oneBankId","editable":false,"cellEditor":null},{"headerName":"Business Unit","field":"businessUnit","editable":false,"cellEditor":null},{"headerName":"User Status","field":"userStatus","editable":false,"cellEditor":null,"cellEditorParams":null}],"custom":{}}', '2020-02-14 19:43:28', '2020-02-14 19:43:28', '2020-02-14 19:43:28', '2020-02-14 19:43:28');

/*
INSERT INTO `grid_user_preferences` (`INSTANCE_ID`, `USER_ID`, `ROLE`, `USER_ROLE_ACCESS`, `DESCRIPTION`, `MODE`, `NAME`, `APPLIED_REQUEST_URL`, `APPLIED_REQUEST_VERB`, `APPLIED_REQUEST_BODY_J_S_O_N`, `GRID_OPTIONS_JS_STRING`, `LAST_UPDATED_STAMP`, `LAST_UPDATED_TX_STAMP`, `CREATED_STAMP`, `CREATED_TX_STAMP`, `DATACREATE`, `DATAREMOVE`, `DATAUPDATE`) VALUES ('ECFG01', 'admin', 'ADMIN', NULL, 'Get Configured Entities', NULL, 'Get Configured Entities', '/admin-portal/control/getConfiguredEntities', 'post', NULL, '{"columnDefs":[{"headerName":"Entity","field":"entityName","sortable":true,"filter":"agTextColumnFilter","cellRenderer":params => `<a href="viewEntityOpsConfigure?entityName=${params.data.entityName}">${params.value}</a>`},{"headerName":"Alias","field":"entityAliasName","sortable":true,"filter":"agTextColumnFilter"},{"headerName":"Created By","field":"createdBy","sortable":true,"filter":"agTextColumnFilter"},{"headerName":"Created On","field":"createdOn","sortable":true,"filter":"agTextColumnFilter"}],"paginationPageSize":100,"pagination":true,"suppressPaginationPanel":false,"editType":"fullRow","floatingFilter":true,"enableRangeSelection":true,"animateRows":true,"sideBar":false,"domLayout":"autoHeight","custom":{}}', '2019-08-19 09:33:49', '2019-08-19 09:33:49', '2019-08-16 18:32:38', '2019-08-16 18:32:38', NULL, NULL, NULL);
INSERT INTO `grid_user_preferences` (`INSTANCE_ID`, `USER_ID`, `ROLE`, `USER_ROLE_ACCESS`, `DESCRIPTION`, `MODE`, `NAME`, `APPLIED_REQUEST_URL`, `APPLIED_REQUEST_VERB`, `APPLIED_REQUEST_BODY_J_S_O_N`, `GRID_OPTIONS_JS_STRING`, `LAST_UPDATED_STAMP`, `LAST_UPDATED_TX_STAMP`, `CREATED_STAMP`, `CREATED_TX_STAMP`, `DATACREATE`, `DATAREMOVE`, `DATAUPDATE`) VALUES ('ECFG02', 'admin', 'ADMIN', NULL, 'Get Entitie Security Permission', NULL, 'Get Entitie Security Permission', '/admin-portal/control/getEntitiesSecurityPermission', 'post', NULL, '{"columnDefs":[{"headerName":"Permission","field":"permissionId","sortable":true,"filter":"agTextColumnFilter"},{"headerName":"Description","field":"description","sortable":true,"filter":"agTextColumnFilter"}],"paginationPageSize":100,"pagination":true,"suppressPaginationPanel":false,"editType":"fullRow","floatingFilter":true,"enableRangeSelection":true,"animateRows":true,"sideBar":false,"domLayout":"autoHeight","custom":{}}', '2019-08-19 10:07:40', '2019-08-19 10:07:40', '2019-08-19 10:07:35', '2019-08-19 10:07:35', NULL, NULL, NULL);
INSERT INTO `grid_user_preferences` (`INSTANCE_ID`, `USER_ID`, `ROLE`, `USER_ROLE_ACCESS`, `DESCRIPTION`, `MODE`, `NAME`, `APPLIED_REQUEST_URL`, `APPLIED_REQUEST_VERB`, `APPLIED_REQUEST_BODY_J_S_O_N`, `GRID_OPTIONS_JS_STRING`, `LAST_UPDATED_STAMP`, `LAST_UPDATED_TX_STAMP`, `CREATED_STAMP`, `CREATED_TX_STAMP`, `DATACREATE`, `DATAREMOVE`, `DATAUPDATE`) VALUES ('SGRP01', 'admin', 'ADMIN', 'null', 'Get Security Group', NULL, 'Get Security Group', '/admin-portal/control/getSecurityGroups', 'post', NULL, '{\r\n  "columnDefs":[{\r\n     "headerName":"Group Id",\r\n        "field":"groupId",\r\n      "sortable": true,\r\n       "filter": true,\r\n     "filter": "agTextColumnFilter",\r\n     "headerCheckboxSelection": true,\r\n        "checkboxSelection": true\r\n   }, {\r\n        "headerName": "Security Type",\r\n      "field": "securityType",\r\n        "sortable": true,\r\n       "filter": true,\r\n     "filter": "agTextColumnFilter"\r\n    }, {\r\n      "headerName":"Description",\r\n     "field":"description",\r\n      "sortable": true,\r\n       "filter": true,\r\n     "filter": "agTextColumnFilter"\r\n  },\r\n  {  \r\n  "headerName":"",\r\n    cellRenderer: params => `<a href="viewSecurityGroup?groupId=${params.data.groupId}" class="btn btn-primary btn-xs"> <i class="fa fa-eye"></i> Manage Permissions </a>`\r\n }],\r\n   "paginationPageSize":100,\r\n   "pagination":true,\r\n   "suppressPaginationPanel":false,\r\n   "editType":"fullRow",\r\n   "floatingFilter":true,\r\n   "enableRangeSelection":true,\r\n   "animateRows":true,\r\n   "sideBar":false,\r\n   "domLayout":"autoHeight",\r\n   "custom":{  \r\n\r\n   }\r\n}', '2019-08-26 12:50:46', '2019-08-26 12:50:46', '2019-08-04 22:01:43', '2019-08-04 22:01:43', NULL, NULL, NULL);
INSERT INTO `grid_user_preferences` (`INSTANCE_ID`, `USER_ID`, `ROLE`, `USER_ROLE_ACCESS`, `DESCRIPTION`, `MODE`, `NAME`, `APPLIED_REQUEST_URL`, `APPLIED_REQUEST_VERB`, `APPLIED_REQUEST_BODY_J_S_O_N`, `GRID_OPTIONS_JS_STRING`, `LAST_UPDATED_STAMP`, `LAST_UPDATED_TX_STAMP`, `CREATED_STAMP`, `CREATED_TX_STAMP`, `DATACREATE`, `DATAREMOVE`, `DATAUPDATE`) VALUES ('SGRP02', 'admin', 'ADMIN', 'null', 'Get Security Permission', NULL, 'Get Security Permission', '/admin-portal/control/getSecurityPermissions', 'post', NULL, '{\r\n  "columnDefs": [{\r\n    "headerName": "Permission ID",\r\n    "field": "permissionId",\r\n    "sortable": true,\r\n    "filter": true,\r\n    "filter": "agTextColumnFilter",\r\n    cellRenderer: params =>\r\n      `<a href="#" onclick="add_value(\'addPermissionForm\',\'${params.value}\',\'permissionId\');">${params.value}</a>`,\r\n  }, {\r\n    "headerName": "Description",\r\n    "field": "description",\r\n    "sortable": true,\r\n    "filter": true,\r\n    "filter": "agTextColumnFilter",\r\n    "suppressSizeToFit": true\r\n  }],\r\n  "paginationPageSize": 10,\r\n  "pagination": true,\r\n  "rowSelection": \'single\',\r\n  "suppressRowClickSelection": false,\r\n  "floatingFilter": true,\r\n  "animateRows": true,\r\n  "sideBar": false,\r\n  "domLayout": \'autoHeight\'\r\n}', '2019-08-16 11:58:52', '2019-08-16 11:58:52', '2019-08-08 12:17:07', '2019-08-08 12:17:07', NULL, NULL, NULL);
INSERT INTO `grid_user_preferences` (`INSTANCE_ID`, `USER_ID`, `ROLE`, `USER_ROLE_ACCESS`, `DESCRIPTION`, `MODE`, `NAME`, `APPLIED_REQUEST_URL`, `DATACREATE`, `DATAREMOVE`, `DATAUPDATE`, `APPLIED_REQUEST_VERB`, `APPLIED_REQUEST_BODY_J_S_O_N`, `GRID_OPTIONS_JS_STRING`, `LAST_UPDATED_STAMP`, `LAST_UPDATED_TX_STAMP`, `CREATED_STAMP`, `CREATED_TX_STAMP`) VALUES ('SGRP03', 'admin', 'ADMIN', 'null', 'Get Security Permission For Group', NULL, 'Get Security Permission For Group', '/admin-portal/control/getPermissionsForSecurityGroups', NULL, NULL, NULL, 'post', '{"inputFields":{}}', '{"columnDefs":[{"headerName":"Permission ID","field":"permissionId","sortable":true,"filter":"agTextColumnFilter","suppressSizeToFit":true,"headerCheckboxSelection":true,"checkboxSelection":true,"width":779},{"headerName":"Description","field":"description","sortable":true,"filter":"agTextColumnFilter","suppressSizeToFit":true,"width":779}],"paginationPageSize":10,"pagination":true,"editType":"fullRow","floatingFilter":true,"animateRows":true,"sideBar":false,"domLayout":"autoHeight","custom":{"rowSelection":"multiple"}}', '2020-02-17 22:08:23', '2020-02-17 22:08:23', '2019-08-08 17:46:04', '2019-08-08 17:46:04');
INSERT INTO `grid_user_preferences` (`INSTANCE_ID`, `USER_ID`, `ROLE`, `USER_ROLE_ACCESS`, `DESCRIPTION`, `MODE`, `NAME`, `APPLIED_REQUEST_URL`, `APPLIED_REQUEST_VERB`, `APPLIED_REQUEST_BODY_J_S_O_N`, `GRID_OPTIONS_JS_STRING`, `LAST_UPDATED_STAMP`, `LAST_UPDATED_TX_STAMP`, `CREATED_STAMP`, `CREATED_TX_STAMP`, `DATACREATE`, `DATAREMOVE`, `DATAUPDATE`) VALUES ('SGRP04', 'admin', 'ADMIN', 'null', 'Get Audit History', 'null', 'Get Audit History', '/admin-portal/control/getAuditHistory', 'post', NULL, '{\n  "columnDefs": [{\n    "headerName": "Field Name",\n    "field": "fieldName",\n    "sortable": true,\n    "filter": true,\n    "filter": "agTextColumnFilter"\n  }, {\n    "headerName": "Old Name",\n    "field": "oldName",\n    "sortable": true,\n    "filter": true,\n    "filter": "agTextColumnFilter"\n  }, {\n    "headerName": "New Value",\n    "field": "newValue",\n    "sortable": true,\n    "filter": true,\n    "filter": "agTextColumnFilter"\n  }, {\n    "headerName": "Modified By",\n    "field": "modifiedBy",\n    "sortable": true,\n    "filter": true,\n    "filter": "agTextColumnFilter"\n  }, {\n    "headerName": "Modified Date",\n    "field": "modifiedDate",\n    "sortable": true,\n    "filter": true,\n    "filter": "agTextColumnFilter"\n  }, {\n    "headerName": "Checked By",\n    "field": "checkedBy",\n    "sortable": true,\n    "filter": true,\n    "filter": "agTextColumnFilter"\n  }, {\n    "headerName": "Checked Date",\n    "field": "checkedDate",\n    "sortable": true,\n    "filter": true,\n    "filter": "agTextColumnFilter"\n  }],\n  "paginationPageSize": 10,\n  "pagination": true,\n  "suppressPaginationPanel": false,\n  "editType": \'fullRow\',\n  "floatingFilter": true,\n  "enableRangeSelection": true,\n  "animateRows": true,\n  "rowGroupPanelShow": \'always\',\n  "pivotPanelShow": \'always\',\n  "sideBar": false,\n  "domLayout": \'autoHeight\'\n}', '2019-08-08 18:23:32', '2019-08-08 18:23:32', '2019-08-08 18:21:01', '2019-08-08 18:21:01', NULL, NULL, NULL);
INSERT INTO `grid_user_preferences` (`INSTANCE_ID`, `USER_ID`, `ROLE`, `USER_ROLE_ACCESS`, `DESCRIPTION`, `MODE`, `NAME`, `APPLIED_REQUEST_URL`, `APPLIED_REQUEST_VERB`, `APPLIED_REQUEST_BODY_J_S_O_N`, `GRID_OPTIONS_JS_STRING`, `LAST_UPDATED_STAMP`, `LAST_UPDATED_TX_STAMP`, `CREATED_STAMP`, `CREATED_TX_STAMP`, `DATACREATE`, `DATAREMOVE`, `DATAUPDATE`) VALUES ('SPER01', 'admin', 'ADMIN', 'null', 'Get Security Permission', 'null', 'Get Security Permission', '/admin-portal/control/getSecurityPermissions', 'post', '{"entityName":"SecurityPermission","inputFields":"{}","noConditionFind":"Y"}', '{\n  "columnDefs": [{\n      "headerName": "Permission ID",\n      "field": "permissionId",\n      "sortable": true,\n      "filter": true,\n      "filter": "agTextColumnFilter"\n    }, {\n      "headerName": "Description",\n      "field": "description",\n      "sortable": true,\n      "filter": true,\n      "filter": "agTextColumnFilter"\n    },\n    {\n      headerName: "",\n      cellRenderer: params => `<a href="updateSecurityPermission?permissionId=${params.data.permissionId}" class="btn btn-xs btn-danger" title="Update"> <i class="fa fa-edit" aria-hidden="true"></i> </a>`,\n      width: 100,\n      pinned: \'right\'\n    }\n  ],\n  "paginationPageSize": 100,\n  "pagination": true,\n  "suppressPaginationPanel": false,\n  "editType": \'fullRow\',\n  "floatingFilter": true,\n  "enableRangeSelection": true,\n  "animateRows": true,\n  "rowGroupPanelShow": \'always\',\n  "pivotPanelShow": \'always\',\n  "sideBar": false,\n  "domLayout": \'autoHeight\'\n}', '2019-08-05 01:03:48', '2019-08-05 01:03:48', '2019-08-04 21:56:25', '2019-08-04 21:56:25', NULL, NULL, NULL);
INSERT INTO `grid_user_preferences` (`INSTANCE_ID`, `USER_ID`, `ROLE`, `USER_ROLE_ACCESS`, `DESCRIPTION`, `MODE`, `NAME`, `APPLIED_REQUEST_URL`, `APPLIED_REQUEST_VERB`, `APPLIED_REQUEST_BODY_J_S_O_N`, `GRID_OPTIONS_JS_STRING`, `LAST_UPDATED_STAMP`, `LAST_UPDATED_TX_STAMP`, `CREATED_STAMP`, `CREATED_TX_STAMP`, `DATACREATE`, `DATAREMOVE`, `DATAUPDATE`) VALUES ('UH01', 'admin', 'ADMIN', 'null', 'User login history', 'null', 'User login history', '/admin-portal/control/getVisitorLoginHistory', 'post', 'null', '{\n  "columnDefs": [{\n    "headerName": "Visit Id",\n    "field": "visitId",\n    "sortable": true,\n    "filter": true,\n    "filter": "agTextColumnFilter",\n    cellRenderer: params =>\n      `<a href="viewUserLoginHistoryDetail?visitId=${params.value}">${params.value}</a>`\n  }, {\n    "headerName": "Party Id",\n    "field": "partyId",\n    "sortable": true,\n    "filter": true,\n    "filter": "agTextColumnFilter"\n  }, {\n    "headerName": "User Login ID",\n    "field": "userLoginId",\n    "sortable": true,\n    "filter": true,\n    "filter": "agTextColumnFilter"\n  }, {\n    "headerName": "Client Ip Address",\n    "field": "clientIpAddress",\n    "sortable": true,\n    "filter": true,\n    "filter": "agTextColumnFilter"\n  }, {\n    "headerName": "Module",\n    "field": "webappName",\n    "sortable": true,\n    "filter": true,\n    "filter": "agTextColumnFilter"\n  }, {\n    "headerName": "Start Date",\n    "field": "fromDate",\n    "sortable": true,\n    "filter": true,\n    "filter": "agTextColumnFilter"\n  }, {\n    "headerName": "End Date",\n    "field": "thruDate",\n    "sortable": true,\n    "filter": true,\n    "filter": "agTextColumnFilter"\n  }],\n  "paginationPageSize": 100,\n  "pagination": true,\n  "suppressPaginationPanel": false,\n  "editType": \'fullRow\',\n  "floatingFilter": true,\n  "enableRangeSelection": true,\n  "animateRows": true,\n  "sideBar": false,\n  "domLayout": \'autoHeight\'\n}', '2019-07-29 20:19:21', '2019-07-29 20:19:21', '2019-07-29 20:18:14', '2019-07-29 20:18:14', NULL, NULL, NULL);
INSERT INTO `grid_user_preferences` (`INSTANCE_ID`, `USER_ID`, `ROLE`, `USER_ROLE_ACCESS`, `DESCRIPTION`, `MODE`, `NAME`, `APPLIED_REQUEST_URL`, `APPLIED_REQUEST_VERB`, `APPLIED_REQUEST_BODY_J_S_O_N`, `GRID_OPTIONS_JS_STRING`, `LAST_UPDATED_STAMP`, `LAST_UPDATED_TX_STAMP`, `CREATED_STAMP`, `CREATED_TX_STAMP`, `DATACREATE`, `DATAREMOVE`, `DATAUPDATE`) VALUES ('UH02', 'admin', 'ADMIN', 'null', 'Visit Hit Tracker', 'null', 'Visit Hit Tracker', '/admin-portal/control/getUserVisitServerHit', 'post', 'null', '{\n  "columnDefs": [{\n    "headerName": "Content ID",\n    "field": "contentId"\n  }, {\n    "headerName": "Type",\n    "field": "type"\n  }, {\n    "headerName": "Size",\n    "field": "size"\n  }, {\n    "headerName": "Start Date",\n    "field": "startDate"\n  }]\n}', '2019-07-30 13:14:41', '2019-07-30 13:14:41', '2019-07-30 12:56:15', '2019-07-30 12:56:15', NULL, NULL, NULL);
INSERT INTO `grid_user_preferences` (`INSTANCE_ID`, `USER_ID`, `ROLE`, `USER_ROLE_ACCESS`, `DESCRIPTION`, `MODE`, `NAME`, `APPLIED_REQUEST_URL`, `APPLIED_REQUEST_VERB`, `APPLIED_REQUEST_BODY_J_S_O_N`, `GRID_OPTIONS_JS_STRING`, `LAST_UPDATED_STAMP`, `LAST_UPDATED_TX_STAMP`, `CREATED_STAMP`, `CREATED_TX_STAMP`, `DATACREATE`, `DATAREMOVE`, `DATAUPDATE`) VALUES ('ECFG01', 'admin', 'ADMIN', NULL, 'Get Configured Entities', NULL, 'Get Configured Entities', '/admin-portal/control/getConfiguredEntities', 'post', NULL, '{"columnDefs":[{"headerName":"Entity","field":"entityName","sortable":true,"filter":"agTextColumnFilter","cellRenderer":params => `<a href="viewEntityOpsConfigure?entityName=${params.data.entityName}">${params.value}</a>`},{"headerName":"Alias","field":"entityAliasName","sortable":true,"filter":"agTextColumnFilter"},{"headerName":"Created By","field":"createdBy","sortable":true,"filter":"agTextColumnFilter"},{"headerName":"Created On","field":"createdOn","sortable":true,"filter":"agTextColumnFilter"}],"paginationPageSize":100,"pagination":true,"suppressPaginationPanel":false,"editType":"fullRow","floatingFilter":true,"enableRangeSelection":true,"animateRows":true,"sideBar":false,"domLayout":"autoHeight","custom":{}}', '2019-08-19 09:33:49', '2019-08-19 09:33:49', '2019-08-16 18:32:38', '2019-08-16 18:32:38', NULL, NULL, NULL);
INSERT INTO `grid_user_preferences` (`INSTANCE_ID`, `USER_ID`, `ROLE`, `USER_ROLE_ACCESS`, `DESCRIPTION`, `MODE`, `NAME`, `APPLIED_REQUEST_URL`, `APPLIED_REQUEST_VERB`, `APPLIED_REQUEST_BODY_J_S_O_N`, `GRID_OPTIONS_JS_STRING`, `LAST_UPDATED_STAMP`, `LAST_UPDATED_TX_STAMP`, `CREATED_STAMP`, `CREATED_TX_STAMP`, `DATACREATE`, `DATAREMOVE`, `DATAUPDATE`) VALUES ('ECFG02', 'admin', 'ADMIN', NULL, 'Get Entitie Security Permission', NULL, 'Get Entitie Security Permission', '/admin-portal/control/getEntitiesSecurityPermission', 'post', NULL, '{"columnDefs":[{"headerName":"Permission","field":"permissionId","sortable":true,"filter":"agTextColumnFilter"},{"headerName":"Description","field":"description","sortable":true,"filter":"agTextColumnFilter"}],"paginationPageSize":100,"pagination":true,"suppressPaginationPanel":false,"editType":"fullRow","floatingFilter":true,"enableRangeSelection":true,"animateRows":true,"sideBar":false,"domLayout":"autoHeight","custom":{}}', '2019-08-19 10:07:40', '2019-08-19 10:07:40', '2019-08-19 10:07:35', '2019-08-19 10:07:35', NULL, NULL, NULL);
INSERT INTO `grid_user_preferences` (`INSTANCE_ID`, `USER_ID`, `ROLE`, `USER_ROLE_ACCESS`, `DESCRIPTION`, `MODE`, `NAME`, `APPLIED_REQUEST_URL`, `APPLIED_REQUEST_VERB`, `APPLIED_REQUEST_BODY_J_S_O_N`, `GRID_OPTIONS_JS_STRING`, `LAST_UPDATED_STAMP`, `LAST_UPDATED_TX_STAMP`, `CREATED_STAMP`, `CREATED_TX_STAMP`, `DATACREATE`, `DATAREMOVE`, `DATAUPDATE`) VALUES ('SGRP01', 'admin', 'ADMIN', 'null', 'Get Security Group', NULL, 'Get Security Group', '/admin-portal/control/getSecurityGroups', 'post', NULL, '{\r\n  "columnDefs":[{\r\n     "headerName":"Group Id",\r\n        "field":"groupId",\r\n      "sortable": true,\r\n       "filter": true,\r\n     "filter": "agTextColumnFilter",\r\n     "headerCheckboxSelection": true,\r\n        "checkboxSelection": true\r\n   }, {\r\n        "headerName": "Security Type",\r\n      "field": "securityType",\r\n        "sortable": true,\r\n       "filter": true,\r\n     "filter": "agTextColumnFilter"\r\n    }, {\r\n      "headerName":"Description",\r\n     "field":"description",\r\n      "sortable": true,\r\n       "filter": true,\r\n     "filter": "agTextColumnFilter"\r\n  },\r\n  {  \r\n  "headerName":"",\r\n    cellRenderer: params => `<a href="viewSecurityGroup?groupId=${params.data.groupId}" class="btn btn-primary btn-xs"> <i class="fa fa-eye"></i> Manage Permissions </a>`\r\n }],\r\n   "paginationPageSize":100,\r\n   "pagination":true,\r\n   "suppressPaginationPanel":false,\r\n   "editType":"fullRow",\r\n   "floatingFilter":true,\r\n   "enableRangeSelection":true,\r\n   "animateRows":true,\r\n   "sideBar":false,\r\n   "domLayout":"autoHeight",\r\n   "custom":{  \r\n\r\n   }\r\n}', '2019-08-26 12:50:46', '2019-08-26 12:50:46', '2019-08-04 22:01:43', '2019-08-04 22:01:43', NULL, NULL, NULL);
INSERT INTO `grid_user_preferences` (`INSTANCE_ID`, `USER_ID`, `ROLE`, `USER_ROLE_ACCESS`, `DESCRIPTION`, `MODE`, `NAME`, `APPLIED_REQUEST_URL`, `APPLIED_REQUEST_VERB`, `APPLIED_REQUEST_BODY_J_S_O_N`, `GRID_OPTIONS_JS_STRING`, `LAST_UPDATED_STAMP`, `LAST_UPDATED_TX_STAMP`, `CREATED_STAMP`, `CREATED_TX_STAMP`, `DATACREATE`, `DATAREMOVE`, `DATAUPDATE`) VALUES ('SR01', 'admin', 'ADMIN', NULL, 'Find Security Roles', NULL, 'Find Security Roles', '/admin-portal/control/getRoles', 'post', NULL, '{\r\n  "columnDefs": [{\r\n    "headerName": "Roles",\r\n    "field": "description",\r\n    "sortable": true,\r\n    "filter": true,\r\n    "filter": "agTextColumnFilter",\r\n     cellRenderer: params =>\r\n      `<a href="viewSecurityRole?roleTypeId=${params.data.roleTypeId}">${params.value}</a>`\r\n  }, {\r\n    "headerName": "View Users",\r\n    "filter": "agTextColumnFilter",\r\n    cellRenderer: params =>\r\n      `<a href="viewRoleUsers?roleTypeId=${params.data.roleTypeId}" class="btn btn-primary btn-xs"> <i class="fa fa-eye"></i> </a>`\r\n  }, {\r\n    "headerName": "View Operations",\r\n    "filter": "agTextColumnFilter",\r\n cellRenderer: params =>\r\n      `<a href="configureOperationLevels?roleTypeId=${params.data.roleTypeId}" class="btn btn-primary btn-xs"> <i class="fa fa-lock"></i></a>`\r\n  }],\r\n  "paginationPageSize": 100,\r\n  "pagination": true,\r\n  "suppressPaginationPanel": false,\r\n  "editType": \'fullRow\',\r\n  "floatingFilter": true,\r\n  "enableRangeSelection": true,\r\n  "animateRows": true,\r\n  "sideBar": false,\r\n  "domLayout": \'autoHeight\'\r\n}', '2019-08-22 18:18:55', '2019-08-22 18:18:55', '2019-08-22 18:18:55', '2019-08-22 18:18:55', NULL, NULL, NULL);
INSERT INTO `grid_user_preferences` (`INSTANCE_ID`, `USER_ID`, `ROLE`, `USER_ROLE_ACCESS`, `DESCRIPTION`, `MODE`, `NAME`, `APPLIED_REQUEST_URL`, `APPLIED_REQUEST_VERB`, `APPLIED_REQUEST_BODY_J_S_O_N`, `GRID_OPTIONS_JS_STRING`, `LAST_UPDATED_STAMP`, `LAST_UPDATED_TX_STAMP`, `CREATED_STAMP`, `CREATED_TX_STAMP`, `DATACREATE`, `DATAREMOVE`, `DATAUPDATE`) VALUES ('SR02', 'admin', 'ADMIN', '(NULL)', 'Find Role Users', '(NULL)', 'Find Role Users', '/admin-portal/control/getRoleUsers', 'post', NULL, '{\r\n  "columnDefs": [{\r\n    "headerName": "User Name ",\r\n    "field": "userName",\r\n    "sortable": true,\r\n    "filter": true,\r\n    "filter": "agTextColumnFilter",\r\n    cellRenderer: params =>\r\n      `<a href="viewUserDetail?userLoginId=${params.data.oneBankId}">${params.value}</a>`\r\n  }, {\r\n    "headerName": "1BankID",\r\n    "field": "oneBankId",\r\n    "sortable": true,\r\n    "filter": true\r\n  }, {\r\n    "headerName": "BU",\r\n    "field": "businessUnit",\r\n    "sortable": true,\r\n    "filter": true\r\n  }, {\r\n    "headerName": "User Status",\r\n    "field": "userStatus",\r\n    "sortable": true,\r\n    "filter": true\r\n  }],\r\n  "paginationPageSize": 100,\r\n  "pagination": true,\r\n  "suppressPaginationPanel": false,\r\n  "editType": \'fullRow\',\r\n  "floatingFilter": true,\r\n  "enableRangeSelection": true,\r\n  "animateRows": true,\r\n  "sideBar": false,\r\n  "domLayout": \'autoHeight\'\r\n}', '2019-08-25 16:18:54', '2019-08-25 16:18:55', '2019-08-25 16:18:55', '2019-08-25 16:18:55', NULL, NULL, NULL);
INSERT INTO `grid_user_preferences` (`INSTANCE_ID`, `USER_ID`, `ROLE`, `USER_ROLE_ACCESS`, `DESCRIPTION`, `MODE`, `NAME`, `APPLIED_REQUEST_URL`, `APPLIED_REQUEST_VERB`, `APPLIED_REQUEST_BODY_J_S_O_N`, `GRID_OPTIONS_JS_STRING`, `LAST_UPDATED_STAMP`, `LAST_UPDATED_TX_STAMP`, `CREATED_STAMP`, `CREATED_TX_STAMP`, `DATACREATE`, `DATAREMOVE`, `DATAUPDATE`) VALUES ('SR03', 'admin', 'ADMIN', '(NULL)', 'Get Role Security Group', NULL, 'Get Role Security Group', '/admin-portal/control/getRoleSecurity', 'post', NULL, '{\r\n  "columnDefs": [{\r\n      "headerName": "Group Id",\r\n      "field": "groupId",\r\n      "sortable": true,\r\n      "filter": true,\r\n      "filter": "agTextColumnFilter",\r\n      "headerCheckboxSelection": true,\r\n      "checkboxSelection": true\r\n    }, {\r\n      "headerName": "Security Type",\r\n      "field": "securityType",\r\n      "sortable": true,\r\n      "filter": true,\r\n      "filter": "agTextColumnFilter"\r\n    },{\r\n      "headerName": "Description",\r\n      "field": "description",\r\n      "sortable": true,\r\n      "filter": true,\r\n      "filter": "agTextColumnFilter"\r\n    }\r\n  ],\r\n    "paginationPageSize": 100,\r\n  "pagination": true,\r\n  "suppressPaginationPanel": false,\r\n  "editType": \'fullRow\',\r\n  "floatingFilter": true,\r\n  "enableRangeSelection": true,\r\n  "animateRows": true,\r\n  "sideBar": false,\r\n  "domLayout": \'autoHeight\'\r\n}', '2019-08-26 10:19:17', '2019-08-26 10:19:18', '2019-08-26 10:19:18', '2019-08-26 10:19:19', NULL, NULL, NULL);
INSERT INTO `grid_user_preferences` (`INSTANCE_ID`, `USER_ID`, `ROLE`, `USER_ROLE_ACCESS`, `DESCRIPTION`, `MODE`, `NAME`, `APPLIED_REQUEST_URL`, `APPLIED_REQUEST_VERB`, `APPLIED_REQUEST_BODY_J_S_O_N`, `GRID_OPTIONS_JS_STRING`, `LAST_UPDATED_STAMP`, `LAST_UPDATED_TX_STAMP`, `CREATED_STAMP`, `CREATED_TX_STAMP`, `DATACREATE`, `DATAREMOVE`, `DATAUPDATE`) VALUES ('SR04', 'admin', 'ADMIN', NULL, 'Get Security Group', NULL, 'Get Security Group', '/admin-portal/control/getSecurityGroups', 'post', NULL, '{\r\n  "columnDefs":[{\r\n     "headerName":"Group Id",\r\n        "field":"groupId",\r\n      "sortable": true,\r\n       "filter": true,\r\n     "filter": "agTextColumnFilter",\r\n     "headerCheckboxSelection": true,\r\n        "checkboxSelection": true,\n        "width": 190\r\n    }, {\r\n        "headerName": "Security Type",\r\n      "field": "securityType",\r\n        "sortable": true,\r\n       "filter": true,\r\n     "filter": "agTextColumnFilter",\r\n     "width": 140\r\n      }, {\r\n      "headerName":"Description",\r\n     "field":"description",\r\n      "sortable": true,\r\n       "filter": true,\r\n     "filter": "agTextColumnFilter",\r\n     "width": 540\r\n    }],\r\n   "paginationPageSize":100,\r\n   "pagination":true,\r\n   "suppressPaginationPanel":false,\r\n   "editType":"fullRow",\r\n   "floatingFilter":true,\r\n   "enableRangeSelection":true,\r\n   "animateRows":true,\r\n   "sideBar":false,\r\n   "domLayout":"autoHeight",\r\n   "custom":{  \r\n\r\n   }\r\n}', '2019-08-26 17:11:55', '2019-08-26 17:11:55', '2019-08-26 17:11:55', '2019-08-26 17:11:55', NULL, NULL, NULL);
*/

-- Grid preference seed data [end] --

-- Security Permission for admin portal menus--
REPLACE INTO `security_permission` (`PERMISSION_ID`, `DESCRIPTION`, `LAST_UPDATED_STAMP`, `LAST_UPDATED_TX_STAMP`, `CREATED_STAMP`, `CREATED_TX_STAMP`) VALUES ('DBS_ADMPR','Admin Portal Component Access Permission', '2019-09-07 07:07:07', '2019-09-07 07:07:07', '2019-09-07 07:07:07', '2019-09-07 07:07:07');
REPLACE INTO `security_permission` (`PERMISSION_ID`, `DESCRIPTION`, `LAST_UPDATED_STAMP`, `LAST_UPDATED_TX_STAMP`, `CREATED_STAMP`, `CREATED_TX_STAMP`) VALUES ('DBS_ADMPR_OH','Organization Hierarchy Permission', '2019-09-07 07:07:07', '2019-09-07 07:07:07', '2019-09-07 07:07:07', '2019-09-07 07:07:07');
REPLACE INTO `security_permission` (`PERMISSION_ID`, `DESCRIPTION`, `LAST_UPDATED_STAMP`, `LAST_UPDATED_TX_STAMP`, `CREATED_STAMP`, `CREATED_TX_STAMP`) VALUES ('DBS_ADMPR_OH_BU','Business Units Permission', '2019-09-07 07:07:07', '2019-09-07 07:07:07', '2019-09-07 07:07:07', '2019-09-07 07:07:07');
REPLACE INTO `security_permission` (`PERMISSION_ID`, `DESCRIPTION`, `LAST_UPDATED_STAMP`, `LAST_UPDATED_TX_STAMP`, `CREATED_STAMP`, `CREATED_TX_STAMP`) VALUES ('DBS_ADMPR_OH_TM','Teams Permission', '2019-09-07 07:07:07', '2019-09-07 07:07:07', '2019-09-07 07:07:07', '2019-09-07 07:07:07');
REPLACE INTO `security_permission` (`PERMISSION_ID`, `DESCRIPTION`, `LAST_UPDATED_STAMP`, `LAST_UPDATED_TX_STAMP`, `CREATED_STAMP`, `CREATED_TX_STAMP`) VALUES ('DBS_ADMPR_UM','User Management Permission', '2019-09-07 07:07:07', '2019-09-07 07:07:07', '2019-09-07 07:07:07', '2019-09-07 07:07:07');
REPLACE INTO `security_permission` (`PERMISSION_ID`, `DESCRIPTION`, `LAST_UPDATED_STAMP`, `LAST_UPDATED_TX_STAMP`, `CREATED_STAMP`, `CREATED_TX_STAMP`) VALUES ('DBS_ADMPR_UM_RLE','Users and Roles Permission', '2019-09-07 07:07:07', '2019-09-07 07:07:07', '2019-09-07 07:07:07', '2019-09-07 07:07:07');
REPLACE INTO `security_permission` (`PERMISSION_ID`, `DESCRIPTION`, `LAST_UPDATED_STAMP`, `LAST_UPDATED_TX_STAMP`, `CREATED_STAMP`, `CREATED_TX_STAMP`) VALUES ('DBS_ADMPR_UM_HRY','User Login History Permission', '2019-09-07 07:07:07', '2019-09-07 07:07:07', '2019-09-07 07:07:07', '2019-09-07 07:07:07');
REPLACE INTO `security_permission` (`PERMISSION_ID`, `DESCRIPTION`, `LAST_UPDATED_STAMP`, `LAST_UPDATED_TX_STAMP`, `CREATED_STAMP`, `CREATED_TX_STAMP`) VALUES ('DBS_ADMPR_SGS','Security Group Setup Permission', '2019-09-07 07:07:07', '2019-09-07 07:07:07', '2019-09-07 07:07:07', '2019-09-07 07:07:07');
REPLACE INTO `security_permission` (`PERMISSION_ID`, `DESCRIPTION`, `LAST_UPDATED_STAMP`, `LAST_UPDATED_TX_STAMP`, `CREATED_STAMP`, `CREATED_TX_STAMP`) VALUES ('DBS_ADMPR_SGS_SP','Security Permission Permission', '2019-09-07 07:07:07', '2019-09-07 07:07:07', '2019-09-07 07:07:07', '2019-09-07 07:07:07');
REPLACE INTO `security_permission` (`PERMISSION_ID`, `DESCRIPTION`, `LAST_UPDATED_STAMP`, `LAST_UPDATED_TX_STAMP`, `CREATED_STAMP`, `CREATED_TX_STAMP`) VALUES ('DBS_ADMPR_SGS_SG','Security Group Permission', '2019-09-07 07:07:07', '2019-09-07 07:07:07', '2019-09-07 07:07:07', '2019-09-07 07:07:07');
REPLACE INTO `security_permission` (`PERMISSION_ID`, `DESCRIPTION`, `LAST_UPDATED_STAMP`, `LAST_UPDATED_TX_STAMP`, `CREATED_STAMP`, `CREATED_TX_STAMP`) VALUES ('DBS_ADMPR_SGS_SR','Security Roles Permission', '2019-09-07 07:07:07', '2019-09-07 07:07:07', '2019-09-07 07:07:07', '2019-09-07 07:07:07');
REPLACE INTO `security_permission` (`PERMISSION_ID`, `DESCRIPTION`, `LAST_UPDATED_STAMP`, `LAST_UPDATED_TX_STAMP`, `CREATED_STAMP`, `CREATED_TX_STAMP`) VALUES ('DBS_ADMPR_SGS_EO','Entity Operations Permission', '2019-09-07 07:07:07', '2019-09-07 07:07:07', '2019-09-07 07:07:07', '2019-09-07 07:07:07');
REPLACE INTO `security_permission` (`PERMISSION_ID`, `DESCRIPTION`, `LAST_UPDATED_STAMP`, `LAST_UPDATED_TX_STAMP`, `CREATED_STAMP`, `CREATED_TX_STAMP`) VALUES ('DBS_ADMPR_PUS','Paramunit Setup Permission', '2019-09-07 07:07:07', '2019-09-07 07:07:07', '2019-09-07 07:07:07', '2019-09-07 07:07:07');
REPLACE INTO `security_permission` (`PERMISSION_ID`, `DESCRIPTION`, `LAST_UPDATED_STAMP`, `LAST_UPDATED_TX_STAMP`, `CREATED_STAMP`, `CREATED_TX_STAMP`) VALUES ('DBS_ADMPR_PUS_SRT','SR Type Permission', '2019-09-07 07:07:07', '2019-09-07 07:07:07', '2019-09-07 07:07:07', '2019-09-07 07:07:07');
REPLACE INTO `security_permission` (`PERMISSION_ID`, `DESCRIPTION`, `LAST_UPDATED_STAMP`, `LAST_UPDATED_TX_STAMP`, `CREATED_STAMP`, `CREATED_TX_STAMP`) VALUES ('DBS_ADMPR_PUS_SRC','SR Category Permission', '2019-09-07 07:07:07', '2019-09-07 07:07:07', '2019-09-07 07:07:07', '2019-09-07 07:07:07');
REPLACE INTO `security_permission` (`PERMISSION_ID`, `DESCRIPTION`, `LAST_UPDATED_STAMP`, `LAST_UPDATED_TX_STAMP`, `CREATED_STAMP`, `CREATED_TX_STAMP`) VALUES ('DBS_ADMPR_PUS_SRSC','SR Sub Category Permission', '2019-09-07 07:07:07', '2019-09-07 07:07:07', '2019-09-07 07:07:07', '2019-09-07 07:07:07');
REPLACE INTO `security_permission` (`PERMISSION_ID`, `DESCRIPTION`, `LAST_UPDATED_STAMP`, `LAST_UPDATED_TX_STAMP`, `CREATED_STAMP`, `CREATED_TX_STAMP`) VALUES ('DBS_ADMPR_PUS_SLAS','SLA Setup Permission', '2019-09-07 07:07:07', '2019-09-07 07:07:07', '2019-09-07 07:07:07', '2019-09-07 07:07:07');
REPLACE INTO `security_permission` (`PERMISSION_ID`, `DESCRIPTION`, `LAST_UPDATED_STAMP`, `LAST_UPDATED_TX_STAMP`, `CREATED_STAMP`, `CREATED_TX_STAMP`) VALUES ('DBS_ADMPR_PUS_SLASR','SLA Setup - SR Priority Permission', '2019-09-07 07:07:07', '2019-09-07 07:07:07', '2019-09-07 07:07:07', '2019-09-07 07:07:07');
REPLACE INTO `security_permission` (`PERMISSION_ID`, `DESCRIPTION`, `LAST_UPDATED_STAMP`, `LAST_UPDATED_TX_STAMP`, `CREATED_STAMP`, `CREATED_TX_STAMP`) VALUES ('DBS_ADMPR_PUS_AP','Activity Parent Permission', '2019-09-07 07:07:07', '2019-09-07 07:07:07', '2019-09-07 07:07:07', '2019-09-07 07:07:07');
REPLACE INTO `security_permission` (`PERMISSION_ID`, `DESCRIPTION`, `LAST_UPDATED_STAMP`, `LAST_UPDATED_TX_STAMP`, `CREATED_STAMP`, `CREATED_TX_STAMP`) VALUES ('DBS_ADMPR_PUS_AT','Activity Types Permission', '2019-09-07 07:07:07', '2019-09-07 07:07:07', '2019-09-07 07:07:07', '2019-09-07 07:07:07');
REPLACE INTO `security_permission` (`PERMISSION_ID`, `DESCRIPTION`, `LAST_UPDATED_STAMP`, `LAST_UPDATED_TX_STAMP`, `CREATED_STAMP`, `CREATED_TX_STAMP`) VALUES ('DBS_ADMPR_PUS_AST','Activity Sub Types Permission', '2019-09-07 07:07:07', '2019-09-07 07:07:07', '2019-09-07 07:07:07', '2019-09-07 07:07:07');
REPLACE INTO `security_permission` (`PERMISSION_ID`, `DESCRIPTION`, `LAST_UPDATED_STAMP`, `LAST_UPDATED_TX_STAMP`, `CREATED_STAMP`, `CREATED_TX_STAMP`) VALUES ('DBS_ADMPR_PUS_PMS','Product Master Setup Permission', '2019-09-07 07:07:07', '2019-09-07 07:07:07', '2019-09-07 07:07:07', '2019-09-07 07:07:07');
REPLACE INTO `security_permission` (`PERMISSION_ID`, `DESCRIPTION`, `LAST_UPDATED_STAMP`, `LAST_UPDATED_TX_STAMP`, `CREATED_STAMP`, `CREATED_TX_STAMP`) VALUES ('DBS_ADMPR_PUS_DT','Document Type Permission', '2019-09-07 07:07:07', '2019-09-07 07:07:07', '2019-09-07 07:07:07', '2019-09-07 07:07:07');
REPLACE INTO `security_permission` (`PERMISSION_ID`, `DESCRIPTION`, `LAST_UPDATED_STAMP`, `LAST_UPDATED_TX_STAMP`, `CREATED_STAMP`, `CREATED_TX_STAMP`) VALUES ('DBS_ADMPR_PUS_ACS','Alert Category Setup Permission', '2019-09-07 07:07:07', '2019-09-07 07:07:07', '2019-09-07 07:07:07', '2019-09-07 07:07:07');
REPLACE INTO `security_permission` (`PERMISSION_ID`, `DESCRIPTION`, `LAST_UPDATED_STAMP`, `LAST_UPDATED_TX_STAMP`, `CREATED_STAMP`, `CREATED_TX_STAMP`) VALUES ('DBS_ADMPR_PUS_CAL','Calendar Non-Working Days - Public Holiday Update Permission', '2019-09-07 07:07:07', '2019-09-07 07:07:07', '2019-09-07 07:07:07', '2019-09-07 07:07:07');
REPLACE INTO `security_permission` (`PERMISSION_ID`, `DESCRIPTION`, `LAST_UPDATED_STAMP`, `LAST_UPDATED_TX_STAMP`, `CREATED_STAMP`, `CREATED_TX_STAMP`) VALUES ('DBS_ADMPR_GPS','Global Parameter Setup Permission', '2019-09-07 07:07:07', '2019-09-07 07:07:07', '2019-09-07 07:07:07', '2019-09-07 07:07:07');
REPLACE INTO `security_permission` (`PERMISSION_ID`, `DESCRIPTION`, `LAST_UPDATED_STAMP`, `LAST_UPDATED_TX_STAMP`, `CREATED_STAMP`, `CREATED_TX_STAMP`) VALUES ('DBS_ADMPR_GPS_PS','Parameter Setup Permission', '2019-09-07 07:07:07', '2019-09-07 07:07:07', '2019-09-07 07:07:07', '2019-09-07 07:07:07');
REPLACE INTO `security_permission` (`PERMISSION_ID`, `DESCRIPTION`, `LAST_UPDATED_STAMP`, `LAST_UPDATED_TX_STAMP`, `CREATED_STAMP`, `CREATED_TX_STAMP`) VALUES ('DBS_ADMPR_ASL','Audit Setup and Logs Permission', '2019-09-07 07:07:07', '2019-09-07 07:07:07', '2019-09-07 07:07:07', '2019-09-07 07:07:07');
REPLACE INTO `security_permission` (`PERMISSION_ID`, `DESCRIPTION`, `LAST_UPDATED_STAMP`, `LAST_UPDATED_TX_STAMP`, `CREATED_STAMP`, `CREATED_TX_STAMP`) VALUES ('DBS_ADMPR_ASL_EAC','Entity  Audit Configuration Permission', '2019-09-07 07:07:07', '2019-09-07 07:07:07', '2019-09-07 07:07:07', '2019-09-07 07:07:07');
REPLACE INTO `security_permission` (`PERMISSION_ID`, `DESCRIPTION`, `LAST_UPDATED_STAMP`, `LAST_UPDATED_TX_STAMP`, `CREATED_STAMP`, `CREATED_TX_STAMP`) VALUES ('DBS_ADMPR_ASL_ALE','Audit Log by Entity Permission', '2019-09-07 07:07:07', '2019-09-07 07:07:07', '2019-09-07 07:07:07', '2019-09-07 07:07:07');
REPLACE INTO `security_permission` (`PERMISSION_ID`, `DESCRIPTION`, `LAST_UPDATED_STAMP`, `LAST_UPDATED_TX_STAMP`, `CREATED_STAMP`, `CREATED_TX_STAMP`) VALUES ('DBS_ADMPR_EAI','External API Integration Permission', '2019-09-07 07:07:07', '2019-09-07 07:07:07', '2019-09-07 07:07:07', '2019-09-07 07:07:07');
REPLACE INTO `security_permission` (`PERMISSION_ID`, `DESCRIPTION`, `LAST_UPDATED_STAMP`, `LAST_UPDATED_TX_STAMP`, `CREATED_STAMP`, `CREATED_TX_STAMP`) VALUES ('DBS_ADMPR_EAI_AS','Access Setup Permission', '2019-09-07 07:07:07', '2019-09-07 07:07:07', '2019-09-07 07:07:07', '2019-09-07 07:07:07');
REPLACE INTO `security_permission` (`PERMISSION_ID`, `DESCRIPTION`, `LAST_UPDATED_STAMP`, `LAST_UPDATED_TX_STAMP`, `CREATED_STAMP`, `CREATED_TX_STAMP`) VALUES ('DBS_ADMPR_EAI_AL','API Logs Permission', '2019-09-07 07:07:07', '2019-09-07 07:07:07', '2019-09-07 07:07:07', '2019-09-07 07:07:07');
REPLACE INTO `security_permission` (`PERMISSION_ID`, `DESCRIPTION`, `LAST_UPDATED_STAMP`, `LAST_UPDATED_TX_STAMP`, `CREATED_STAMP`, `CREATED_TX_STAMP`) VALUES ('DBS_ADMPR_MCA','Maker and Checker Audit Permission', '2019-09-07 07:07:07', '2019-09-07 07:07:07', '2019-09-07 07:07:07', '2019-09-07 07:07:07');
REPLACE INTO `security_permission` (`PERMISSION_ID`, `DESCRIPTION`, `LAST_UPDATED_STAMP`, `LAST_UPDATED_TX_STAMP`, `CREATED_STAMP`, `CREATED_TX_STAMP`) VALUES ('DBS_ADMPR_MCA_MCL','Maker Checker Logs Permission', '2019-09-07 07:07:07', '2019-09-07 07:07:07', '2019-09-07 07:07:07', '2019-09-07 07:07:07');
REPLACE INTO `security_permission` (`PERMISSION_ID`, `DESCRIPTION`, `LAST_UPDATED_STAMP`, `LAST_UPDATED_TX_STAMP`, `CREATED_STAMP`, `CREATED_TX_STAMP`) VALUES ('DBS_ADMPR_MCA_MCM','Maker Checker Management Permission', '2019-09-07 07:07:07', '2019-09-07 07:07:07', '2019-09-07 07:07:07', '2019-09-07 07:07:07');

-- DBS_ADMPR --
REPLACE INTO `ofbiz_component_access` (`COMPONENT_ID`, `COMPONENT_NAME`, `UI_LABELS`, `SEQ_ID`, `DESCRIPTION`, `REQUEST_URI`, `IMAGE_URL`, `IS_HIDE`, `PERMISSION_ID`, `FAV_ICON`, `LAST_UPDATED_STAMP`, `LAST_UPDATED_TX_STAMP`, `CREATED_STAMP`, `CREATED_TX_STAMP`) VALUES ('ADMIN_PORTAL', 'admin-portal', 'Admin', '1003', 'Admin', '/admin-portal/control/main', NULL, 'N', 'DBS_ADMPR', NULL, '2018-09-17 05:31:45', '2018-09-17 05:31:45', '2018-09-17 05:05:04', '2018-09-17 05:05:04');

-- DBS_ADMPR_OH -- 
-- DBS_ADMPR_OH_BU --
-- DBS_ADMPR_OH_TM--
REPLACE INTO `ofbiz_page_security` (`SEQ_ID`, `COMPONENT_ID`, `TAB_ID`, `PAGE_ID`, `REQUEST_URI`, `UI_LABELS`, `PERMISSION_ID`, `PAGE_TYPE`, `IS_EXTERNAL`, `IS_DISABLED`, `FAV_ICON`, `LAST_UPDATED_STAMP`, `LAST_UPDATED_TX_STAMP`, `CREATED_STAMP`, `CREATED_TX_STAMP`) VALUES ('1000', 'ADMIN_PORTAL', 'ADMPR_OH', 'ORG_HRCHY', NULL, 'Organization Hierarchy', 'DBS_ADMPR_OH', 'TAB', 'N', NULL, "fa fa-sitemap", '2018-09-17 05:20:15', '2018-09-17 05:20:15', '2018-09-17 05:20:15', '2018-09-17 05:20:15');
REPLACE INTO `ofbiz_tab_security_shortcut` (`SEQ_ID`, `COMPONENT_ID`, `TAB_ID`, `PAGE_ID`, `SHORTCUT_ID`, `REQUEST_URI`, `UI_LABELS`, `PERMISSION_ID`, `PAGE_TYPE`, `IS_EXTERNAL`, `IS_DISABLED`, `PARENT_SHORTCUT_ID`, `FAV_ICON`, `LAST_UPDATED_STAMP`, `LAST_UPDATED_TX_STAMP`, `CREATED_STAMP`, `CREATED_TX_STAMP`) VALUES ('1000', 'ADMIN_PORTAL', 'ADMPR_OH', 'businessUnits', 'ADMPR_OH_BU', '/admin-portal/control/businessUnits', 'Business Units', 'DBS_ADMPR_OH_BU', 'SHORTCUT', 'N', NULL, NULL, "fa fa-briefcase", '2018-09-17 05:20:15', '2018-09-17 05:20:15', '2018-09-17 05:20:15', '2018-09-17 05:20:15');
REPLACE INTO `ofbiz_tab_security_shortcut` (`SEQ_ID`, `COMPONENT_ID`, `TAB_ID`, `PAGE_ID`, `SHORTCUT_ID`, `REQUEST_URI`, `UI_LABELS`, `PERMISSION_ID`, `PAGE_TYPE`, `IS_EXTERNAL`, `IS_DISABLED`, `PARENT_SHORTCUT_ID`, `FAV_ICON`, `LAST_UPDATED_STAMP`, `LAST_UPDATED_TX_STAMP`, `CREATED_STAMP`, `CREATED_TX_STAMP`) VALUES ('1001', 'ADMIN_PORTAL', 'ADMPR_OH', 'teams', 'ADMPR_OH_TM', '/admin-portal/control/teams', 'Teams', 'DBS_ADMPR_OH_TM', 'SHORTCUT', 'N', NULL, NULL, "fa fa-users", '2018-09-17 05:20:15', '2018-09-17 05:20:15', '2018-09-17 05:20:15', '2018-09-17 05:20:15');

-- DBS_ADMPR_UM -- 
-- DBS_ADMPR_UM_RLE -- 
-- DBS_ADMPR_UM_HRY -- 
REPLACE INTO `ofbiz_page_security` (`SEQ_ID`, `COMPONENT_ID`, `TAB_ID`, `PAGE_ID`, `REQUEST_URI`, `UI_LABELS`, `PERMISSION_ID`, `PAGE_TYPE`, `IS_EXTERNAL`, `IS_DISABLED`, `FAV_ICON`, `LAST_UPDATED_STAMP`, `LAST_UPDATED_TX_STAMP`, `CREATED_STAMP`, `CREATED_TX_STAMP`) VALUES ('1001', 'ADMIN_PORTAL', 'ADMPR_UM', 'USR_MGMT', NULL, 'User Management', 'DBS_ADMPR_UM', 'TAB', 'N', NULL, "fa fa-user", '2018-09-17 05:20:15', '2018-09-17 05:20:15', '2018-09-17 05:20:15', '2018-09-17 05:20:15');
REPLACE INTO `ofbiz_tab_security_shortcut` (`SEQ_ID`, `COMPONENT_ID`, `TAB_ID`, `PAGE_ID`, `SHORTCUT_ID`, `REQUEST_URI`, `UI_LABELS`, `PERMISSION_ID`, `PAGE_TYPE`, `IS_EXTERNAL`, `IS_DISABLED`, `PARENT_SHORTCUT_ID`, `FAV_ICON`, `LAST_UPDATED_STAMP`, `LAST_UPDATED_TX_STAMP`, `CREATED_STAMP`, `CREATED_TX_STAMP`) VALUES ('1000', 'ADMIN_PORTAL', 'ADMPR_UM', 'findUser', 'ADMPR_UM_RLE', '/admin-portal/control/findUser', 'Users and Roles', 'DBS_ADMPR_UM_RLE', 'SHORTCUT', 'N', NULL, NULL, "fa fa-users", '2018-09-17 05:20:15', '2018-09-17 05:20:15', '2018-09-17 05:20:15', '2018-09-17 05:20:15');
REPLACE INTO `ofbiz_tab_security_shortcut` (`SEQ_ID`, `COMPONENT_ID`, `TAB_ID`, `PAGE_ID`, `SHORTCUT_ID`, `REQUEST_URI`, `UI_LABELS`, `PERMISSION_ID`, `PAGE_TYPE`, `IS_EXTERNAL`, `IS_DISABLED`, `PARENT_SHORTCUT_ID`, `FAV_ICON`, `LAST_UPDATED_STAMP`, `LAST_UPDATED_TX_STAMP`, `CREATED_STAMP`, `CREATED_TX_STAMP`) VALUES ('1001', 'ADMIN_PORTAL', 'ADMPR_UM', 'userLoginHistory', 'ADMPR_UM_HRY', '/admin-portal/control/userLoginHistory', 'User Login History', 'DBS_ADMPR_UM_HRY', 'SHORTCUT', 'N', NULL, NULL, "fa fa-history", '2018-09-17 05:20:15', '2018-09-17 05:20:15', '2018-09-17 05:20:15', '2018-09-17 05:20:15');

-- DBS_ADMPR_SGS -- 
-- DBS_ADMPR_SGS_SP -- 
-- DBS_ADMPR_SGS_SG -- 
-- DBS_ADMPR_SGS_SR -- 
-- DBS_ADMPR_SGS_EO -- 
REPLACE INTO `ofbiz_page_security` (`SEQ_ID`, `COMPONENT_ID`, `TAB_ID`, `PAGE_ID`, `REQUEST_URI`, `UI_LABELS`, `PERMISSION_ID`, `PAGE_TYPE`, `IS_EXTERNAL`, `IS_DISABLED`, `FAV_ICON`, `LAST_UPDATED_STAMP`, `LAST_UPDATED_TX_STAMP`, `CREATED_STAMP`, `CREATED_TX_STAMP`) VALUES ('1002', 'ADMIN_PORTAL', 'ADMPR_SGS', 'SRTY_GRP_SETUP', NULL, 'Security Group Setup', 'DBS_ADMPR_SGS', 'TAB', 'N', NULL, "fa fa-shield", '2018-09-17 05:20:15', '2018-09-17 05:20:15', '2018-09-17 05:20:15', '2018-09-17 05:20:15');
REPLACE INTO `ofbiz_tab_security_shortcut` (`SEQ_ID`, `COMPONENT_ID`, `TAB_ID`, `PAGE_ID`, `SHORTCUT_ID`, `REQUEST_URI`, `UI_LABELS`, `PERMISSION_ID`, `PAGE_TYPE`, `IS_EXTERNAL`, `IS_DISABLED`, `PARENT_SHORTCUT_ID`, `FAV_ICON`, `LAST_UPDATED_STAMP`, `LAST_UPDATED_TX_STAMP`, `CREATED_STAMP`, `CREATED_TX_STAMP`) VALUES ('1001', 'ADMIN_PORTAL', 'ADMPR_SGS', 'findSecurityPermissions', 'ADMPR_SGS_SP', '/admin-portal/control/findSecurityPermissions', 'Security Permissions', 'DBS_ADMPR_SGS_SP', 'SHORTCUT', 'N', NULL, NULL, "fa fa-chevron-circle-right", '2018-09-17 05:20:15', '2018-09-17 05:20:15', '2018-09-17 05:20:15', '2018-09-17 05:20:15');
REPLACE INTO `ofbiz_tab_security_shortcut` (`SEQ_ID`, `COMPONENT_ID`, `TAB_ID`, `PAGE_ID`, `SHORTCUT_ID`, `REQUEST_URI`, `UI_LABELS`, `PERMISSION_ID`, `PAGE_TYPE`, `IS_EXTERNAL`, `IS_DISABLED`, `PARENT_SHORTCUT_ID`, `FAV_ICON`, `LAST_UPDATED_STAMP`, `LAST_UPDATED_TX_STAMP`, `CREATED_STAMP`, `CREATED_TX_STAMP`) VALUES ('1002', 'ADMIN_PORTAL', 'ADMPR_SGS', 'findSecurityGroups', 'ADMPR_SGS_SG', '/admin-portal/control/findSecurityGroups', 'Security Groups', 'DBS_ADMPR_SGS_SG', 'SHORTCUT', 'N', NULL, NULL, "fa fa-chevron-circle-right", '2018-09-17 05:20:15', '2018-09-17 05:20:15', '2018-09-17 05:20:15', '2018-09-17 05:20:15');
REPLACE INTO `ofbiz_tab_security_shortcut` (`SEQ_ID`, `COMPONENT_ID`, `TAB_ID`, `PAGE_ID`, `SHORTCUT_ID`, `REQUEST_URI`, `UI_LABELS`, `PERMISSION_ID`, `PAGE_TYPE`, `IS_EXTERNAL`, `IS_DISABLED`, `PARENT_SHORTCUT_ID`, `FAV_ICON`, `LAST_UPDATED_STAMP`, `LAST_UPDATED_TX_STAMP`, `CREATED_STAMP`, `CREATED_TX_STAMP`) VALUES ('1003', 'ADMIN_PORTAL', 'ADMPR_SGS', 'findSecurityRole', 'ADMPR_SGS_SR', '/admin-portal/control/findSecurityRole', 'Security Roles', 'DBS_ADMPR_SGS_SR', 'SHORTCUT', 'N', NULL, NULL, "fa fa-chevron-circle-right", '2018-09-17 05:20:15', '2018-09-17 05:20:15', '2018-09-17 05:20:15', '2018-09-17 05:20:15');
REPLACE INTO `ofbiz_tab_security_shortcut` (`SEQ_ID`, `COMPONENT_ID`, `TAB_ID`, `PAGE_ID`, `SHORTCUT_ID`, `REQUEST_URI`, `UI_LABELS`, `PERMISSION_ID`, `PAGE_TYPE`, `IS_EXTERNAL`, `IS_DISABLED`, `PARENT_SHORTCUT_ID`, `FAV_ICON`, `LAST_UPDATED_STAMP`, `LAST_UPDATED_TX_STAMP`, `CREATED_STAMP`, `CREATED_TX_STAMP`) VALUES ('1000', 'ADMIN_PORTAL', 'ADMPR_SGS', 'entityOpsConfigure', 'ADMPR_SGS_EO', '/admin-portal/control/entityOpsConfigure', 'Entity Operations', 'DBS_ADMPR_SGS_EO', 'SHORTCUT', 'N', NULL, NULL, "fa fa-chevron-circle-right", '2018-09-17 05:20:15', '2018-09-17 05:20:15', '2018-09-17 05:20:15', '2018-09-17 05:20:15');


-- DBS_ADMPR_PUS -- 
-- DBS_ADMPR_PUS_SRT -- 
-- DBS_ADMPR_PUS_SRC -- 
-- DBS_ADMPR_PUS_SRSC -- 
-- DBS_ADMPR_PUS_SLAS -- 
-- DBS_ADMPR_PUS_SLASR -- 
-- DBS_ADMPR_PUS_AP -- 
-- DBS_ADMPR_PUS_AT -- 
-- DBS_ADMPR_PUS_AST -- 
-- DBS_ADMPR_PUS_PMS -- 
-- DBS_ADMPR_PUS_DT -- 
-- DBS_ADMPR_PUS_ACS -- 
-- DBS_ADMPR_PUS_CAL -- 
REPLACE INTO `ofbiz_page_security` (`SEQ_ID`, `COMPONENT_ID`, `TAB_ID`, `PAGE_ID`, `REQUEST_URI`, `UI_LABELS`, `PERMISSION_ID`, `PAGE_TYPE`, `IS_EXTERNAL`, `IS_DISABLED`, `FAV_ICON`, `LAST_UPDATED_STAMP`, `LAST_UPDATED_TX_STAMP`, `CREATED_STAMP`, `CREATED_TX_STAMP`) VALUES ('1003', 'ADMIN_PORTAL', 'ADMPR_PUS', 'PARAMUNIT_SETUP', NULL, 'Paramunit Setup', 'DBS_ADMPR_PUS', 'TAB', 'N', NULL, "fa fa-cog", '2018-09-17 05:20:15', '2018-09-17 05:20:15', '2018-09-17 05:20:15', '2018-09-17 05:20:15');
REPLACE INTO `ofbiz_tab_security_shortcut` (`SEQ_ID`, `COMPONENT_ID`, `TAB_ID`, `PAGE_ID`, `SHORTCUT_ID`, `REQUEST_URI`, `UI_LABELS`, `PERMISSION_ID`, `PAGE_TYPE`, `IS_EXTERNAL`, `IS_DISABLED`, `PARENT_SHORTCUT_ID`, `FAV_ICON`, `LAST_UPDATED_STAMP`, `LAST_UPDATED_TX_STAMP`, `CREATED_STAMP`, `CREATED_TX_STAMP`) VALUES ('1000', 'ADMIN_PORTAL', 'ADMPR_PUS', 'srType', 'ADMPR_PUS_SRT', '/admin-portal/control/srType', 'SR Type', 'DBS_ADMPR_PUS_SRT', 'SHORTCUT', 'N', NULL, NULL, "fa fa-chevron-circle-right", '2018-09-17 05:20:15', '2018-09-17 05:20:15', '2018-09-17 05:20:15', '2018-09-17 05:20:15');
REPLACE INTO `ofbiz_tab_security_shortcut` (`SEQ_ID`, `COMPONENT_ID`, `TAB_ID`, `PAGE_ID`, `SHORTCUT_ID`, `REQUEST_URI`, `UI_LABELS`, `PERMISSION_ID`, `PAGE_TYPE`, `IS_EXTERNAL`, `IS_DISABLED`, `PARENT_SHORTCUT_ID`, `FAV_ICON`, `LAST_UPDATED_STAMP`, `LAST_UPDATED_TX_STAMP`, `CREATED_STAMP`, `CREATED_TX_STAMP`) VALUES ('1001', 'ADMIN_PORTAL', 'ADMPR_PUS', 'activeSrArea', 'ADMPR_PUS_SRC', '/admin-portal/control/activeSrArea', 'SR Category', 'DBS_ADMPR_PUS_SRC', 'SHORTCUT', 'N', NULL, NULL, "fa fa-chevron-circle-right", '2018-09-17 05:20:15', '2018-09-17 05:20:15', '2018-09-17 05:20:15', '2018-09-17 05:20:15');
REPLACE INTO `ofbiz_tab_security_shortcut` (`SEQ_ID`, `COMPONENT_ID`, `TAB_ID`, `PAGE_ID`, `SHORTCUT_ID`, `REQUEST_URI`, `UI_LABELS`, `PERMISSION_ID`, `PAGE_TYPE`, `IS_EXTERNAL`, `IS_DISABLED`, `PARENT_SHORTCUT_ID`, `FAV_ICON`, `LAST_UPDATED_STAMP`, `LAST_UPDATED_TX_STAMP`, `CREATED_STAMP`, `CREATED_TX_STAMP`) VALUES ('1002', 'ADMIN_PORTAL', 'ADMPR_PUS', 'activeSrSubCategory', 'ADMPR_PUS_SRSC', '/admin-portal/control/activeSrSubCategory', 'SR Sub Category', 'DBS_ADMPR_PUS_SRSC', 'SHORTCUT', 'N', NULL, NULL, "fa fa-chevron-circle-right", '2018-09-17 05:20:15', '2018-09-17 05:20:15', '2018-09-17 05:20:15', '2018-09-17 05:20:15');
REPLACE INTO `ofbiz_tab_security_shortcut` (`SEQ_ID`, `COMPONENT_ID`, `TAB_ID`, `PAGE_ID`, `SHORTCUT_ID`, `REQUEST_URI`, `UI_LABELS`, `PERMISSION_ID`, `PAGE_TYPE`, `IS_EXTERNAL`, `IS_DISABLED`, `PARENT_SHORTCUT_ID`, `FAV_ICON`, `LAST_UPDATED_STAMP`, `LAST_UPDATED_TX_STAMP`, `CREATED_STAMP`, `CREATED_TX_STAMP`) VALUES ('1003', 'ADMIN_PORTAL', 'ADMPR_PUS', 'findSlaSetup', 'ADMPR_PUS_SLAS', '/admin-portal/control/findSlaSetup', 'SR SLA Setup', 'DBS_ADMPR_PUS_SLAS', 'SHORTCUT', 'N', NULL, NULL, "fa fa-chevron-circle-right", '2018-09-17 05:20:15', '2018-09-17 05:20:15', '2018-09-17 05:20:15', '2018-09-17 05:20:15');
REPLACE INTO `ofbiz_tab_security_shortcut` (`SEQ_ID`, `COMPONENT_ID`, `TAB_ID`, `PAGE_ID`, `SHORTCUT_ID`, `REQUEST_URI`, `UI_LABELS`, `PERMISSION_ID`, `PAGE_TYPE`, `IS_EXTERNAL`, `IS_DISABLED`, `PARENT_SHORTCUT_ID`, `FAV_ICON`, `LAST_UPDATED_STAMP`, `LAST_UPDATED_TX_STAMP`, `CREATED_STAMP`, `CREATED_TX_STAMP`) VALUES ('1004', 'ADMIN_PORTAL', 'ADMPR_PUS', 'findHolidaysList', 'ADMPR_PUS_CAL', '/admin-portal/control/findHolidaysList', 'Calendar Non-Working Days - Public Holiday Update', 'DBS_ADMPR_PUS_CAL', 'SHORTCUT', 'N', NULL, NULL, "fa fa-chevron-circle-right", '2018-09-17 05:20:15', '2018-09-17 05:20:15', '2018-09-17 05:20:15', '2018-09-17 05:20:15');
REPLACE INTO `ofbiz_tab_security_shortcut` (`SEQ_ID`, `COMPONENT_ID`, `TAB_ID`, `PAGE_ID`, `SHORTCUT_ID`, `REQUEST_URI`, `UI_LABELS`, `PERMISSION_ID`, `PAGE_TYPE`, `IS_EXTERNAL`, `IS_DISABLED`, `PARENT_SHORTCUT_ID`, `FAV_ICON`, `LAST_UPDATED_STAMP`, `LAST_UPDATED_TX_STAMP`, `CREATED_STAMP`, `CREATED_TX_STAMP`) VALUES ('1005', 'ADMIN_PORTAL', 'ADMPR_PUS', 'activeActivityParent', 'ADMPR_PUS_AP', '/admin-portal/control/activeActivityParent', 'Activity Parent', 'DBS_ADMPR_PUS_AP', 'SHORTCUT', 'N', NULL, NULL, "fa fa-chevron-circle-right", '2018-09-17 05:20:15', '2018-09-17 05:20:15', '2018-09-17 05:20:15', '2018-09-17 05:20:15');
REPLACE INTO `ofbiz_tab_security_shortcut` (`SEQ_ID`, `COMPONENT_ID`, `TAB_ID`, `PAGE_ID`, `SHORTCUT_ID`, `REQUEST_URI`, `UI_LABELS`, `PERMISSION_ID`, `PAGE_TYPE`, `IS_EXTERNAL`, `IS_DISABLED`, `PARENT_SHORTCUT_ID`, `FAV_ICON`, `LAST_UPDATED_STAMP`, `LAST_UPDATED_TX_STAMP`, `CREATED_STAMP`, `CREATED_TX_STAMP`) VALUES ('1006', 'ADMIN_PORTAL', 'ADMPR_PUS', 'activeActivityType', 'ADMPR_PUS_AT', '/admin-portal/control/activeActivityType', 'Activity Type', 'DBS_ADMPR_PUS_AT', 'SHORTCUT', 'N', NULL, NULL, "fa fa-chevron-circle-right", '2018-09-17 05:20:15', '2018-09-17 05:20:15', '2018-09-17 05:20:15', '2018-09-17 05:20:15');
REPLACE INTO `ofbiz_tab_security_shortcut` (`SEQ_ID`, `COMPONENT_ID`, `TAB_ID`, `PAGE_ID`, `SHORTCUT_ID`, `REQUEST_URI`, `UI_LABELS`, `PERMISSION_ID`, `PAGE_TYPE`, `IS_EXTERNAL`, `IS_DISABLED`, `PARENT_SHORTCUT_ID`, `FAV_ICON`, `LAST_UPDATED_STAMP`, `LAST_UPDATED_TX_STAMP`, `CREATED_STAMP`, `CREATED_TX_STAMP`) VALUES ('1007', 'ADMIN_PORTAL', 'ADMPR_PUS', 'activeActivitySubTypes', 'ADMPR_PUS_AST', '/admin-portal/control/activeActivitySubTypes', 'Activity Sub Type', 'DBS_ADMPR_PUS_AST', 'SHORTCUT', 'N', NULL, NULL, "fa fa-chevron-circle-right", '2018-09-17 05:20:15', '2018-09-17 05:20:15', '2018-09-17 05:20:15', '2018-09-17 05:20:15');
REPLACE INTO `ofbiz_tab_security_shortcut` (`SEQ_ID`, `COMPONENT_ID`, `TAB_ID`, `PAGE_ID`, `SHORTCUT_ID`, `REQUEST_URI`, `UI_LABELS`, `PERMISSION_ID`, `PAGE_TYPE`, `IS_EXTERNAL`, `IS_DISABLED`, `PARENT_SHORTCUT_ID`, `FAV_ICON`, `LAST_UPDATED_STAMP`, `LAST_UPDATED_TX_STAMP`, `CREATED_STAMP`, `CREATED_TX_STAMP`) VALUES ('1008', 'ADMIN_PORTAL', 'ADMPR_PUS', 'findAlertCategory', 'ADMPR_PUS_ACS', '/admin-portal/control/findAlertCategory', 'Alert Category', 'DBS_ADMPR_PUS_ACS', 'SHORTCUT', 'N', NULL, NULL, "fa fa-chevron-circle-right", '2018-09-17 05:20:15', '2018-09-17 05:20:15', '2018-09-17 05:20:15', '2018-09-17 05:20:15');
REPLACE INTO `ofbiz_tab_security_shortcut` (`SEQ_ID`, `COMPONENT_ID`, `TAB_ID`, `PAGE_ID`, `SHORTCUT_ID`, `REQUEST_URI`, `UI_LABELS`, `PERMISSION_ID`, `PAGE_TYPE`, `IS_EXTERNAL`, `IS_DISABLED`, `PARENT_SHORTCUT_ID`, `FAV_ICON`, `LAST_UPDATED_STAMP`, `LAST_UPDATED_TX_STAMP`, `CREATED_STAMP`, `CREATED_TX_STAMP`) VALUES ('1009', 'ADMIN_PORTAL', 'ADMPR_PUS', 'findProductMaster', 'ADMPR_PUS_PMS', '/admin-portal/control/findProductMaster', 'Product Master Setup', 'DBS_ADMPR_PUS_PMS', 'SHORTCUT', 'N', NULL, NULL, "fa fa-chevron-circle-right", '2018-09-17 05:20:15', '2018-09-17 05:20:15', '2018-09-17 05:20:15', '2018-09-17 05:20:15');



-- DBS_ADMPR_GPS -- 
-- DBS_ADMPR_GPS_PS -- 

REPLACE INTO `ofbiz_page_security` (`SEQ_ID`, `COMPONENT_ID`, `TAB_ID`, `PAGE_ID`, `REQUEST_URI`, `UI_LABELS`, `PERMISSION_ID`, `PAGE_TYPE`, `IS_EXTERNAL`, `IS_DISABLED`, `FAV_ICON`, `LAST_UPDATED_STAMP`, `LAST_UPDATED_TX_STAMP`, `CREATED_STAMP`, `CREATED_TX_STAMP`) VALUES ('1004', 'ADMIN_PORTAL', 'ADMPR_GPS', 'GBL_PARAM', NULL, 'Global Parameter Setup', 'DBS_ADMPR_GPS', 'TAB', 'N', NULL, "fa fa-globe", '2018-09-17 05:20:15', '2018-09-17 05:20:15', '2018-09-17 05:20:15', '2018-09-17 05:20:15');
REPLACE INTO `ofbiz_tab_security_shortcut` (`SEQ_ID`, `COMPONENT_ID`, `TAB_ID`, `PAGE_ID`, `SHORTCUT_ID`, `REQUEST_URI`, `UI_LABELS`, `PERMISSION_ID`, `PAGE_TYPE`, `IS_EXTERNAL`, `IS_DISABLED`, `PARENT_SHORTCUT_ID`, `FAV_ICON`, `LAST_UPDATED_STAMP`, `LAST_UPDATED_TX_STAMP`, `CREATED_STAMP`, `CREATED_TX_STAMP`) VALUES ('1000', 'ADMIN_PORTAL', 'ADMPR_GPS', 'globalParameter', 'ADMPR_GPS_PS', '/admin-portal/control/globalParameter', 'Parameter Setup', 'DBS_ADMPR_GPS_PS', 'SHORTCUT', 'N', NULL, NULL, "fa fa-chevron-circle-right", '2018-09-17 05:20:15', '2018-09-17 05:20:15', '2018-09-17 05:20:15', '2018-09-17 05:20:15');


-- DBS_ADMPR_ASL -- 
-- DBS_ADMPR_ASL_EAC -- 
-- DBS_ADMPR_ASL_ALE -- 
REPLACE INTO `ofbiz_page_security` (`SEQ_ID`, `COMPONENT_ID`, `TAB_ID`, `PAGE_ID`, `REQUEST_URI`, `UI_LABELS`, `PERMISSION_ID`, `PAGE_TYPE`, `IS_EXTERNAL`, `IS_DISABLED`, `FAV_ICON`, `LAST_UPDATED_STAMP`, `LAST_UPDATED_TX_STAMP`, `CREATED_STAMP`, `CREATED_TX_STAMP`) VALUES ('1005', 'ADMIN_PORTAL', 'ADMPR_ASL', 'ADT_SETUP_LOG', NULL, 'Audit Setup and Logs', 'DBS_ADMPR_ASL', 'TAB', 'N', NULL, "fa fa-cogs", '2018-09-17 05:20:15', '2018-09-17 05:20:15', '2018-09-17 05:20:15', '2018-09-17 05:20:15');
REPLACE INTO `ofbiz_tab_security_shortcut` (`SEQ_ID`, `COMPONENT_ID`, `TAB_ID`, `PAGE_ID`, `SHORTCUT_ID`, `REQUEST_URI`, `UI_LABELS`, `PERMISSION_ID`, `PAGE_TYPE`, `IS_EXTERNAL`, `IS_DISABLED`, `PARENT_SHORTCUT_ID`, `FAV_ICON`, `LAST_UPDATED_STAMP`, `LAST_UPDATED_TX_STAMP`, `CREATED_STAMP`, `CREATED_TX_STAMP`) VALUES ('1000', 'ADMIN_PORTAL', 'ADMPR_ASL', 'entityAuditConfig', 'ADMPR_ASL_EAC', '#', 'Entity  Audit Configuration', 'DBS_ADMPR_ASL_EAC', 'SHORTCUT', 'N', NULL, NULL, "fa fa-chevron-circle-right", '2018-09-17 05:20:15', '2018-09-17 05:20:15', '2018-09-17 05:20:15', '2018-09-17 05:20:15');
REPLACE INTO `ofbiz_tab_security_shortcut` (`SEQ_ID`, `COMPONENT_ID`, `TAB_ID`, `PAGE_ID`, `SHORTCUT_ID`, `REQUEST_URI`, `UI_LABELS`, `PERMISSION_ID`, `PAGE_TYPE`, `IS_EXTERNAL`, `IS_DISABLED`, `PARENT_SHORTCUT_ID`, `FAV_ICON`, `LAST_UPDATED_STAMP`, `LAST_UPDATED_TX_STAMP`, `CREATED_STAMP`, `CREATED_TX_STAMP`) VALUES ('1001', 'ADMIN_PORTAL', 'ADMPR_ASL', 'auditLogEntity', 'ADMPR_ASL_ALE', '#', 'Audit Log by Entity', 'DBS_ADMPR_ASL_ALE', 'SHORTCUT', 'N', NULL, NULL, "fa fa-chevron-circle-right", '2018-09-17 05:20:15', '2018-09-17 05:20:15', '2018-09-17 05:20:15', '2018-09-17 05:20:15');



-- DBS_ADMPR_EAI -- 
-- DBS_ADMPR_EAI_AS -- 
-- DBS_ADMPR_EAI_AL -- 
REPLACE INTO `ofbiz_page_security` (`SEQ_ID`, `COMPONENT_ID`, `TAB_ID`, `PAGE_ID`, `REQUEST_URI`, `UI_LABELS`, `PERMISSION_ID`, `PAGE_TYPE`, `IS_EXTERNAL`, `IS_DISABLED`, `FAV_ICON`, `LAST_UPDATED_STAMP`, `LAST_UPDATED_TX_STAMP`, `CREATED_STAMP`, `CREATED_TX_STAMP`) VALUES ('1006', 'ADMIN_PORTAL', 'ADMPR_EAI', 'EXT_API_INTG', NULL, 'External API Integration', 'DBS_ADMPR_EAI', 'TAB', 'N', NULL, "fa fa-tasks", '2018-09-17 05:20:15', '2018-09-17 05:20:15', '2018-09-17 05:20:15', '2018-09-17 05:20:15');
REPLACE INTO `ofbiz_tab_security_shortcut` (`SEQ_ID`, `COMPONENT_ID`, `TAB_ID`, `PAGE_ID`, `SHORTCUT_ID`, `REQUEST_URI`, `UI_LABELS`, `PERMISSION_ID`, `PAGE_TYPE`, `IS_EXTERNAL`, `IS_DISABLED`, `PARENT_SHORTCUT_ID`, `FAV_ICON`, `LAST_UPDATED_STAMP`, `LAST_UPDATED_TX_STAMP`, `CREATED_STAMP`, `CREATED_TX_STAMP`) VALUES ('1000', 'ADMIN_PORTAL', 'ADMPR_EAI', "accessSetup", 'ADMPR_EAI_AS', '/admin-portal/control/accessSetup', 'Access Setup', 'DBS_ADMPR_EAI_AS', 'SHORTCUT', 'N', NULL, NULL, "fa fa-chevron-circle-right", '2018-09-17 05:20:15', '2018-09-17 05:20:15', '2018-09-17 05:20:15', '2018-09-17 05:20:15');
REPLACE INTO `ofbiz_tab_security_shortcut` (`SEQ_ID`, `COMPONENT_ID`, `TAB_ID`, `PAGE_ID`, `SHORTCUT_ID`, `REQUEST_URI`, `UI_LABELS`, `PERMISSION_ID`, `PAGE_TYPE`, `IS_EXTERNAL`, `IS_DISABLED`, `PARENT_SHORTCUT_ID`, `FAV_ICON`, `LAST_UPDATED_STAMP`, `LAST_UPDATED_TX_STAMP`, `CREATED_STAMP`, `CREATED_TX_STAMP`) VALUES ('1001', 'ADMIN_PORTAL', 'ADMPR_EAI', "apiLogs", 'ADMPR_EAI_AL', '/admin-portal/control/apiLogs', 'API Logs', 'DBS_ADMPR_EAI_AL', 'SHORTCUT', 'N', NULL, NULL, "fa fa-chevron-circle-right", '2018-09-17 05:20:15', '2018-09-17 05:20:15', '2018-09-17 05:20:15', '2018-09-17 05:20:15');


-- DBS_ADMPR_MCA -- 
-- DBS_ADMPR_MCA_MCL -- 
-- DBS_ADMPR_MCA_MCM -- 

REPLACE INTO `ofbiz_page_security` (`SEQ_ID`, `COMPONENT_ID`, `TAB_ID`, `PAGE_ID`, `REQUEST_URI`, `UI_LABELS`, `PERMISSION_ID`, `PAGE_TYPE`, `IS_EXTERNAL`, `IS_DISABLED`, `FAV_ICON`, `LAST_UPDATED_STAMP`, `LAST_UPDATED_TX_STAMP`, `CREATED_STAMP`, `CREATED_TX_STAMP`) VALUES ('1007', 'ADMIN_PORTAL', 'ADMPR_MCA', 'MKR_CHR_ADT', NULL, 'Maker and Checker Audit', 'DBS_ADMPR_MCA', 'TAB', 'N', NULL, "fa fa-check-circle", '2018-09-17 05:20:15', '2018-09-17 05:20:15', '2018-09-17 05:20:15', '2018-09-17 05:20:15');
REPLACE INTO `ofbiz_tab_security_shortcut` (`SEQ_ID`, `COMPONENT_ID`, `TAB_ID`, `PAGE_ID`, `SHORTCUT_ID`, `REQUEST_URI`, `UI_LABELS`, `PERMISSION_ID`, `PAGE_TYPE`, `IS_EXTERNAL`, `IS_DISABLED`, `PARENT_SHORTCUT_ID`, `FAV_ICON`, `LAST_UPDATED_STAMP`, `LAST_UPDATED_TX_STAMP`, `CREATED_STAMP`, `CREATED_TX_STAMP`) VALUES ('1000', 'ADMIN_PORTAL', 'ADMPR_MCA', 'makerCheckerLog', 'ADMPR_MCA_MCL', '#', 'Maker Checker Logs', 'DBS_ADMPR_MCA_MCL', 'SHORTCUT', 'N', NULL, NULL, "fa fa-chevron-circle-right", '2018-09-17 05:20:15', '2018-09-17 05:20:15', '2018-09-17 05:20:15', '2018-09-17 05:20:15');
REPLACE INTO `ofbiz_tab_security_shortcut` (`SEQ_ID`, `COMPONENT_ID`, `TAB_ID`, `PAGE_ID`, `SHORTCUT_ID`, `REQUEST_URI`, `UI_LABELS`, `PERMISSION_ID`, `PAGE_TYPE`, `IS_EXTERNAL`, `IS_DISABLED`, `PARENT_SHORTCUT_ID`, `FAV_ICON`, `LAST_UPDATED_STAMP`, `LAST_UPDATED_TX_STAMP`, `CREATED_STAMP`, `CREATED_TX_STAMP`) VALUES ('1001', 'ADMIN_PORTAL', 'ADMPR_MCA', 'makerCheckerMgmt', 'ADMPR_MCA_MCM', '#', 'Maker Checker Management', 'DBS_ADMPR_MCA_MCM', 'SHORTCUT', 'N', NULL, NULL, "fa fa-chevron-circle-right", '2018-09-17 05:20:15', '2018-09-17 05:20:15', '2018-09-17 05:20:15', '2018-09-17 05:20:15');

-- Security Permission for report portal menus--

REPLACE INTO `security_permission` (`PERMISSION_ID`, `DESCRIPTION`, `LAST_UPDATED_STAMP`, `LAST_UPDATED_TX_STAMP`, `CREATED_STAMP`, `CREATED_TX_STAMP`) VALUES ('DBS_RPTPR','Report Portal Component Access Permission', '2019-09-07 07:07:07', '2019-09-07 07:07:07', '2019-09-07 07:07:07', '2019-09-07 07:07:07');
REPLACE INTO `security_permission` (`PERMISSION_ID`, `DESCRIPTION`, `LAST_UPDATED_STAMP`, `LAST_UPDATED_TX_STAMP`, `CREATED_STAMP`, `CREATED_TX_STAMP`) VALUES ('DBS_RPTPR_RPT','Reports', '2019-09-07 07:07:07', '2019-09-07 07:07:07', '2019-09-07 07:07:07', '2019-09-07 07:07:07');
REPLACE INTO `security_permission` (`PERMISSION_ID`, `DESCRIPTION`, `LAST_UPDATED_STAMP`, `LAST_UPDATED_TX_STAMP`, `CREATED_STAMP`, `CREATED_TX_STAMP`) VALUES ('DBS_RPTPR_RPT_OPN_SR','Open SR Permission', '2019-09-07 07:07:07', '2019-09-07 07:07:07', '2019-09-07 07:07:07', '2019-09-07 07:07:07');

-- DBS_RPTPR_RPT -- 
-- DBS_RPTPR_RPT_OPN_SR --
REPLACE INTO `ofbiz_page_security` (`SEQ_ID`, `COMPONENT_ID`, `TAB_ID`, `PAGE_ID`, `REQUEST_URI`, `UI_LABELS`, `PERMISSION_ID`, `PAGE_TYPE`, `IS_EXTERNAL`, `IS_DISABLED`, `FAV_ICON`, `LAST_UPDATED_STAMP`, `LAST_UPDATED_TX_STAMP`, `CREATED_STAMP`, `CREATED_TX_STAMP`) VALUES ('1000', 'REPORT_PORTAL', 'RPTPR_RPT', 'REPORTS', NULL, 'Reports', 'DBS_RPTPR_RPT', 'TAB', 'N', NULL, "fa fa-bar-chart", '2018-09-17 05:20:15', '2018-09-17 05:20:15', '2018-09-17 05:20:15', '2018-09-17 05:20:15');
REPLACE INTO `ofbiz_tab_security_shortcut` (`SEQ_ID`, `COMPONENT_ID`, `TAB_ID`, `PAGE_ID`, `SHORTCUT_ID`, `REQUEST_URI`, `UI_LABELS`, `PERMISSION_ID`, `PAGE_TYPE`, `IS_EXTERNAL`, `IS_DISABLED`, `PARENT_SHORTCUT_ID`, `FAV_ICON`, `LAST_UPDATED_STAMP`, `LAST_UPDATED_TX_STAMP`, `CREATED_STAMP`, `CREATED_TX_STAMP`) VALUES ('1001', 'REPORT_PORTAL', 'RPTPR_RPT', 'openSrReport', 'RPTPR_RPT_OPN_SR', '/report-portal/control/findOpenSrReport', 'Open SR Report', 'DBS_RPTPR_RPT_OPN_SR', 'SHORTCUT', 'N', NULL, NULL, "fa fa-bar-chart", '2018-09-17 05:20:15', '2018-09-17 05:20:15', '2018-09-17 05:20:15', '2018-09-17 05:20:15');


-- Report ag- grid query
insert into `grid_user_preferences` (`INSTANCE_ID`, `USER_ID`, `ROLE`, `USER_ROLE_ACCESS`, `DESCRIPTION`, `MODE`, `NAME`, `APPLIED_REQUEST_URL`, `DATACREATE`, `DATAREMOVE`, `DATAUPDATE`, `APPLIED_REQUEST_VERB`, `APPLIED_REQUEST_BODY_J_S_O_N`, `GRID_OPTIONS_JS_STRING`, `LAST_UPDATED_STAMP`, `LAST_UPDATED_TX_STAMP`, `CREATED_STAMP`, `CREATED_TX_STAMP`) values('REPORT01','admin','ADMIN',NULL,'Open Close Report',NULL,'CustRequest','/report-portal/control/getOpenCloseSr',NULL,NULL,NULL,'post','{\"entityName\":\"CustRequest\",\"inputFields\":\"{}\"}','{\r\n   \"columnDefs\":[\r\n      {\r\n         \"headerName\":\"Data\",\r\n         \"field\":\"slaReportType\",\r\n         \"sortable\":true,\r\n         \"filter\":\"agTextColumnFilter\"\r\n      },\r\n      {\r\n         \"headerName\":\"Business Unit\",\r\n         \"field\":\"ownerBuId\",\r\n         \"sortable\":true,\r\n         \"filter\":\"agTextColumnFilter\"\r\n      },\r\n      {\r\n         \"headerName\":\"Once and Done\",\r\n         \"field\":\"onceDone\",\r\n         \"sortable\":true,\r\n         \"filter\":\"agTextColumnFilter\"\r\n      },\r\n      {\r\n         \"headerName\":\"S+3 Days\",\r\n         \"field\":\"s+3Days\",\r\n         \"sortable\":true,\r\n         \"filter\":\"agTextColumnFilter\"\r\n      },\r\n      {\r\n         \"headerName\":\"S+10 Days\",\r\n         \"field\":\"s+10Days\",\r\n         \"sortable\":true,\r\n         \"filter\":\"agTextColumnFilter\"\r\n      },\r\n      {\r\n         \"headerName\":\"S+11 to S+15 Days\",\r\n         \"field\":\"s+11to15Days\",\r\n         \"sortable\":true,\r\n         \"filter\":\"agTextColumnFilter\"\r\n      },\r\n      {\r\n         \"headerName\":\"S+16 to S+20 Days\",\r\n         \"field\":\"s+16to20Days\",\r\n         \"sortable\":true,\r\n         \"filter\":\"agTextColumnFilter\"\r\n      },\r\n      {\r\n         \"headerName\":\"S+21 to S+30 Days\",\r\n         \"field\":\"s+21to30Days\",\r\n         \"sortable\":true,\r\n         \"filter\":\"agTextColumnFilter\"\r\n      },\r\n      {\r\n         \"headerName\":\"S+31 to S+50 Days\",\r\n         \"field\":\"s+21to30Days\",\r\n         \"sortable\":true,\r\n         \"filter\":\"agTextColumnFilter\"\r\n      },\r\n      {\r\n         \"headerName\":\"S+>50 Days\",\r\n         \"field\":\"s+50Days\",\r\n         \"sortable\":true,\r\n         \"filter\":\"agTextColumnFilter\"\r\n      },\r\n      {\r\n         \"headerName\":\"Total\",\r\n         \"field\":\"total\",\r\n         \"sortable\":true,\r\n         \"filter\":\"agTextColumnFilter\"\r\n      },\r\n   {\r\n         \"headerName\":\"Resolutioin Efficiency\",\r\n         \"field\":\"resolutioinEfficiency\",\r\n         \"sortable\":true,\r\n         \"filter\":\"agTextColumnFilter\"\r\n      }\r\n   ],\r\n   \"domLayout\":\"autoHeight\",\r\n   \"paginationPageSize\":15,\r\n   \"floatingFilter\":true,\r\n   \"pagination\":true,\r\n   \"custom\":{\r\n\r\n   }\r\n}','2019-09-09 18:25:56','2019-09-09 18:25:56','2019-08-20 16:57:12','2019-08-20 16:57:12');
insert into `grid_user_preferences` (`INSTANCE_ID`, `USER_ID`, `ROLE`, `USER_ROLE_ACCESS`, `DESCRIPTION`, `MODE`, `NAME`, `APPLIED_REQUEST_URL`, `DATACREATE`, `DATAREMOVE`, `DATAUPDATE`, `APPLIED_REQUEST_VERB`, `APPLIED_REQUEST_BODY_J_S_O_N`, `GRID_OPTIONS_JS_STRING`, `LAST_UPDATED_STAMP`, `LAST_UPDATED_TX_STAMP`, `CREATED_STAMP`, `CREATED_TX_STAMP`) values('REPORT02','admin','ADMIN',NULL,'Get Open SR Reports',NULL,'Get Open SR Reports','/report-portal/control/getOpenSrReport',NULL,NULL,NULL,'post','{\"entityName\":\"CustRequest\",\"inputFields\":\"{}\"}','{\r\n   \"columnDefs\":[\r\n      {\r\n         \"headerName\":\"SR Number\",\r\n         \"field\":\"srNumber\",\r\n         \"sortable\":true,\r\n         \"filter\":\"agTextColumnFilter\"\r\n      },\r\n      {\r\n         \"headerName\":\"Ref #\",\r\n         \"field\":\"refId\",\r\n         \"sortable\":true,\r\n         \"filter\":\"agTextColumnFilter\"\r\n      },\r\n      {\r\n         \"headerName\":\"Account Number\",\r\n         \"field\":\"accountNumber\",\r\n         \"sortable\":true,\r\n         \"filter\":\"agTextColumnFilter\"\r\n      },\r\n      {\r\n         \"headerName\":\"Account Name\",\r\n         \"field\":\"accountName\",\r\n         \"sortable\":true,\r\n         \"filter\":\"agTextColumnFilter\"\r\n      },\r\n      {\r\n         \"headerName\":\"Date Closed\",\r\n         \"field\":\"dateClosed\",\r\n         \"sortable\":true,\r\n         \"filter\":\"agTextColumnFilter\"\r\n      },\r\n      {\r\n         \"headerName\":\"SR Type\",\r\n         \"field\":\"srTypeId\",\r\n         \"sortable\":true,\r\n         \"filter\":\"agTextColumnFilter\"\r\n      },\r\n      {\r\n         \"headerName\":\"SR Area\",\r\n         \"field\":\"srCategoryId\",\r\n         \"sortable\":true,\r\n         \"filter\":\"agTextColumnFilter\"\r\n      },\r\n      {\r\n         \"headerName\":\"SR Sub Area\",\r\n         \"field\":\"srSubCategoryId\",\r\n         \"sortable\":true,\r\n         \"filter\":\"agTextColumnFilter\"\r\n      },\r\n      {\r\n         \"headerName\":\"SR Source\",\r\n         \"field\":\"srSource\",\r\n         \"sortable\":true,\r\n         \"filter\":\"agTextColumnFilter\"\r\n      },\r\n      {\r\n         \"headerName\":\"SR Status\",\r\n         \"field\":\"srStatus\",\r\n         \"sortable\":true,\r\n         \"filter\":\"agTextColumnFilter\"\r\n      },\r\n      {\r\n         \"headerName\":\"SR Priority\",\r\n         \"field\":\"priority\",\r\n         \"sortable\":true,\r\n         \"filter\":\"agTextColumnFilter\"\r\n      },\r\n      {\r\n         \"headerName\":\"Product\",\r\n         \"field\":\"product\",\r\n         \"sortable\":true,\r\n         \"filter\":\"agTextColumnFilter\"\r\n      },\r\n      {\r\n         \"headerName\":\"Owner\",\r\n         \"field\":\"createdBy\",\r\n         \"sortable\":true,\r\n         \"filter\":\"agTextColumnFilter\"\r\n      },\r\n      {\r\n         \"headerName\":\"Owner BU\",\r\n         \"field\":\"ownerBu\",\r\n         \"sortable\":true,\r\n         \"filter\":\"agTextColumnFilter\"\r\n      },\r\n      {\r\n         \"headerName\":\"Reason\",\r\n         \"field\":\"reason\",\r\n         \"sortable\":true,\r\n         \"filter\":\"agTextColumnFilter\"\r\n      },\r\n      {\r\n         \"headerName\":\"CIF (Individual)\",\r\n         \"field\":\"cifInv\",\r\n         \"sortable\":true,\r\n         \"filter\":\"agTextColumnFilter\"\r\n      },\r\n      {\r\n         \"headerName\":\"Instruction/Comments\",\r\n         \"field\":\"comments\",\r\n         \"sortable\":true,\r\n         \"filter\":\"agTextColumnFilter\"\r\n      },\r\n      {\r\n         \"headerName\":\"Follow Up Needed\",\r\n         \"field\":\"followNeeded\",\r\n         \"sortable\":true,\r\n         \"filter\":\"agTextColumnFilter\"\r\n      },\r\n      {\r\n         \"headerName\":\"Planned Due\",\r\n         \"field\":\"plannedDueDate\",\r\n         \"sortable\":true,\r\n         \"filter\":\"agTextColumnFilter\"\r\n      },\r\n      {\r\n         \"headerName\":\"Employee Id\",\r\n         \"field\":\"employeeId\",\r\n         \"sortable\":true,\r\n         \"filter\":\"agTextColumnFilter\"\r\n      },\r\n      {\r\n         \"headerName\":\"Contact Full name\",\r\n         \"field\":\"contactFullName\",\r\n         \"sortable\":true,\r\n         \"filter\":\"agTextColumnFilter\"\r\n      },\r\n      {\r\n         \"headerName\":\"Created On\",\r\n         \"field\":\"createdOn\",\r\n         \"sortable\":true,\r\n         \"filter\":\"agTextColumnFilter\"\r\n      },\r\n      {\r\n         \"headerName\":\"Created By\",\r\n         \"field\":\"createdBy\",\r\n         \"sortable\":true,\r\n         \"filter\":\"agTextColumnFilter\"\r\n      },\r\n      {\r\n         \"headerName\":\"Modified On\",\r\n         \"field\":\"modifiedOn\",\r\n         \"sortable\":true,\r\n         \"filter\":\"agTextColumnFilter\"\r\n      },\r\n      {\r\n         \"headerName\":\"Modified By\",\r\n         \"field\":\"modifiedBy\",\r\n         \"sortable\":true,\r\n         \"filter\":\"agTextColumnFilter\"\r\n      },\r\n      {\r\n         \"headerName\":\"Duration\",\r\n         \"field\":\"duration\",\r\n         \"sortable\":true,\r\n         \"filter\":\"agTextColumnFilter\"\r\n      },\r\n      {\r\n         \"headerName\":\"Overdue\",\r\n         \"field\":\"overdue\",\r\n         \"sortable\":true,\r\n         \"filter\":\"agTextColumnFilter\"\r\n      },\r\n      {\r\n         \"headerName\":\"Customer Owner (Individual)\",\r\n         \"field\":\"customerOwnerInv\",\r\n         \"sortable\":true,\r\n         \"filter\":\"agTextColumnFilter\"\r\n      },\r\n      {\r\n         \"headerName\":\"Customer Owner (company)\",\r\n         \"field\":\"customerOwnerCmp\",\r\n         \"sortable\":true,\r\n         \"filter\":\"agTextColumnFilter\"\r\n      },\r\n      {\r\n         \"headerName\":\"Segment (Individual)\",\r\n         \"field\":\"segmentInv\",\r\n         \"sortable\":true,\r\n         \"filter\":\"agTextColumnFilter\"\r\n      },\r\n      {\r\n         \"headerName\":\"Product Level 1\",\r\n         \"field\":\"productLvl1\",\r\n         \"sortable\":true,\r\n         \"filter\":\"agTextColumnFilter\"\r\n      },\r\n      {\r\n         \"headerName\":\"Product Level 2\",\r\n         \"field\":\"productLvl2\",\r\n         \"sortable\":true,\r\n         \"filter\":\"agTextColumnFilter\"\r\n      },\r\n      {\r\n         \"headerName\":\"Dispute Amount\",\r\n         \"field\":\"disputeAmount\",\r\n         \"sortable\":true,\r\n         \"filter\":\"agTextColumnFilter\"\r\n      },\r\n      {\r\n         \"headerName\":\"Supervisor Review\",\r\n         \"field\":\"supervisorReview\",\r\n         \"sortable\":true,\r\n         \"filter\":\"agTextColumnFilter\"\r\n      },\r\n      {\r\n         \"headerName\":\"Documents Needed\",\r\n         \"field\":\"documentNeeded\",\r\n         \"sortable\":true,\r\n         \"filter\":\"agTextColumnFilter\"\r\n      },\r\n      {\r\n         \"headerName\":\"Documents Received\",\r\n         \"field\":\"documentReceived\",\r\n         \"sortable\":true,\r\n         \"filter\":\"agTextColumnFilter\"\r\n      },\r\n      {\r\n         \"headerName\":\"CIF (Company)\",\r\n         \"field\":\"cifCompany\",\r\n         \"sortable\":true,\r\n         \"filter\":\"agTextColumnFilter\"\r\n      },\r\n      {\r\n         \"headerName\":\"Last Group  Assigned Date\",\r\n         \"field\":\"lastGroupAssignedDate\",\r\n         \"sortable\":true,\r\n         \"filter\":\"agTextColumnFilter\"\r\n      },\r\n      {\r\n         \"headerName\":\"Last User Assigned Date\",\r\n         \"field\":\"lastUserAssignedDate\",\r\n         \"sortable\":true,\r\n         \"filter\":\"agTextColumnFilter\"\r\n      },\r\n      {\r\n         \"headerName\":\"Award Nominee\",\r\n         \"field\":\"awardNominee\",\r\n         \"sortable\":true,\r\n         \"filter\":\"agTextColumnFilter\"\r\n      },\r\n      {\r\n         \"headerName\":\"Approval Status\",\r\n         \"field\":\"approvalStatus\",\r\n         \"sortable\":true,\r\n         \"filter\":\"agTextColumnFilter\"\r\n      },\r\n      {\r\n         \"headerName\":\"Award Status\",\r\n         \"field\":\"awardStatus\",\r\n         \"sortable\":true,\r\n         \"filter\":\"agTextColumnFilter\"\r\n      },\r\n      {\r\n         \"headerName\":\"Created By BU\",\r\n         \"field\":\"createdByBu\",\r\n         \"sortable\":true,\r\n         \"filter\":\"agTextColumnFilter\"\r\n      },\r\n      {\r\n         \"headerName\":\"Modified By BU\",\r\n         \"field\":\"modifiedByBu\",\r\n         \"sortable\":true,\r\n         \"filter\":\"agTextColumnFilter\"\r\n      }\r\n   ],\r\n   \"domLayout\":\"autoHeight\",\r\n   \"paginationPageSize\":15,\r\n   \"floatingFilter\":true,\r\n   \"pagination\":true,\r\n   \"custom\":{\r\n\r\n   }\r\n}','2019-09-11 09:48:11','2019-09-11 09:48:11','2019-09-10 22:47:43','2019-09-10 22:47:43');
insert into `grid_user_preferences` (`INSTANCE_ID`, `USER_ID`, `ROLE`, `USER_ROLE_ACCESS`, `DESCRIPTION`, `MODE`, `NAME`, `APPLIED_REQUEST_URL`, `DATACREATE`, `DATAREMOVE`, `DATAUPDATE`, `APPLIED_REQUEST_VERB`, `APPLIED_REQUEST_BODY_J_S_O_N`, `GRID_OPTIONS_JS_STRING`, `LAST_UPDATED_STAMP`, `LAST_UPDATED_TX_STAMP`, `CREATED_STAMP`, `CREATED_TX_STAMP`) values('REPORT03','admin','ADMIN',NULL,'Get Open SR Status Reports',NULL,'Get Open Status SR Reports','/report-portal/control/getSrStatusReport',NULL,NULL,NULL,'post','{\"entityName\":\"CustRequest\",\"inputFields\":\"{}\"}','{\r\n    \"columnDefs\": [\r\n   {\r\n   \"headerName\": \'SR Category\',\r\n    children: [{\r\n        \"headerName\": \"\",\r\n       \"field\": \"categoryId\",\r\n      \"sortable\": true,\r\n     \"filter\": \"agTextColumnFilter\"\r\n  }]\r\n   },\r\n   {\r\n headerName: \'SRs Worked on During the Period\',\r\n    children: [{\r\n        \"headerName\": \"Created During Period (A)\",\r\n      \"field\": \"createdDuringPeriod\",\r\n     \"sortable\": true,\r\n     \"filter\": \"agTextColumnFilter\"\r\n  }, {\r\n        \"headerName\": \"Open as Start of Period (B)\",\r\n        \"field\": \"openAsStartOfPeriod\",\r\n     \"sortable\": true,\r\n     \"filter\": \"agTextColumnFilter\"\r\n  }, {\r\n        \"headerName\": \"Total(A-B)\",\r\n     \"field\": \"totalAB\",\r\n     \"sortable\": true,\r\n     \"filter\": \"agTextColumnFilter\"\r\n  }]\r\n  },\r\n     {\r\n    headerName: \'Closed During  Period\',\r\n  children: [{\r\n        \"headerName\": \"Within SLA (A1)\",\r\n        \"field\": \"withinSLAA1\",\r\n     \"sortable\": true,\r\n     \"filter\": \"agTextColumnFilter\"\r\n  }, {\r\n        \"headerName\": \"Exceeding SLA (A2)\",\r\n     \"field\": \"exceedingSLAA2\",\r\n      \"sortable\": true,\r\n     \"filter\": \"agTextColumnFilter\"\r\n  }, {\r\n        \"headerName\": \"Total(A1+A2)\",\r\n       \"field\": \"totalA1A2\",\r\n       \"sortable\": true,\r\n     \"filter\": \"agTextColumnFilter\"\r\n  }]\r\n  },\r\n     {\r\n    headerName: \'Pending as of end of period\',\r\n    children: [{\r\n        \"headerName\": \"Within SLA (B1)\",\r\n        \"field\": \"withinSLAB1\",\r\n     \"sortable\": true,\r\n     \"filter\": \"agTextColumnFilter\"\r\n  }, {\r\n        \"headerName\": \"Exceeding SLA (B2)\",\r\n     \"field\": \"exceedingSLAB2\",\r\n      \"sortable\": true,\r\n     \"filter\": \"agTextColumnFilter\"\r\n  },\r\n  {\r\n       \"headerName\": \"Total(B1+B2)\",\r\n       \"field\": \"totalB1B2\",\r\n       \"sortable\": true,\r\n     \"filter\": \"agTextColumnFilter\"\r\n  }]\r\n  }\r\n],\r\n \"domLayout\": \"autoHeight\",\r\n  \"paginationPageSize\": 15,\r\n \"floatingFilter\": true,\r\n   \"pagination\": true,\r\n   \"custom\": {}\r\n}','2019-09-30 09:52:20','2019-09-30 09:52:20','2019-09-28 08:12:06','2019-09-28 08:12:06');

-- Global paramaters --
INSERT INTO `pretail_loyalty_global_parameters` (`PARAMETER_ID`, `DESCRIPTION`, `VALUE`, `STORE_ID`, `CREATED_BY`, `LAST_UPDATED_STAMP`, `LAST_UPDATED_TX_STAMP`, `CREATED_STAMP`, `CREATED_TX_STAMP`) VALUES ('COMMON_TEAMS', 'Common Teams', 'Workflow', NULL, NULL, '2019-10-08 15:10:51', '2019-10-08 15:10:52', '2019-10-08 15:10:52', '2019-10-08 15:10:52') ON DUPLICATE KEY UPDATE VALUE=VALUES(VALUE);
INSERT INTO `pretail_loyalty_global_parameters` (`PARAMETER_ID`, `DESCRIPTION`, `VALUE`, `STORE_ID`, `CREATED_BY`, `LAST_UPDATED_STAMP`, `LAST_UPDATED_TX_STAMP`, `CREATED_STAMP`, `CREATED_TX_STAMP`) VALUES ('SECURITY_MODE_OPERATION_ACCESS', 'Is security matrix enable', 'Y', NULL, NULL, '2019-10-08 15:18:55', '2019-10-08 15:18:55', '2019-10-08 15:18:55', '2019-10-08 15:18:56') ON DUPLICATE KEY UPDATE VALUE=VALUES(VALUE);




REPLACE INTO `grid_user_preferences` (`INSTANCE_ID`, `USER_ID`, `ROLE`, `USER_ROLE_ACCESS`, `DESCRIPTION`, `MODE`, `NAME`, `APPLIED_REQUEST_URL`, `DATACREATE`, `DATAREMOVE`, `DATAUPDATE`, `APPLIED_REQUEST_VERB`, `APPLIED_REQUEST_BODY_J_S_O_N`, `GRID_OPTIONS_JS_STRING`, `LAST_UPDATED_STAMP`, `LAST_UPDATED_TX_STAMP`, `CREATED_STAMP`, `CREATED_TX_STAMP`) VALUES ('ENTITY_OPS_PERM', 'admin', 'ADMIN', NULL, 'Get Entity Security Permission', NULL, 'Get Entity Security Permission', '/admin-portal/control/getEntitiesSecurityPermission', NULL, NULL, NULL, 'post', NULL, '{\r\n	"columnDefs": [{\r\n		"headerName": "Permission",\r\n		"field": "permissionId",\r\n		"sortable": true,\r\n		"filter": "agTextColumnFilter"\r\n	}, {\r\n		"headerName": "Description",\r\n		"field": "description",\r\n		"sortable": true,\r\n		"filter": "agTextColumnFilter"\r\n	}],\r\n	"paginationPageSize": 100,\r\n	"pagination": true,\r\n	"suppressPaginationPanel": false,\r\n	"editType": "fullRow",\r\n	"floatingFilter": true,\r\n	"enableRangeSelection": true,\r\n	"animateRows": true,\r\n	"sideBar": false,\r\n	"domLayout": "autoHeight",\r\n	"custom": {\r\n		"dataUniqueIdField": "permissionId",\r\n		"rowSelection": "multiple",\r\n		"csvExportOptions": {\r\n			"fileName": "List_Of_Permission.csv",\r\n			"skipHeader": false\r\n		}\r\n	}\r\n}', '2020-10-30 16:33:15', '2020-10-30 16:33:15', '2020-10-30 15:52:16', '2020-10-30 15:52:16');
REPLACE INTO `grid_user_preferences` (`INSTANCE_ID`, `USER_ID`, `ROLE`, `USER_ROLE_ACCESS`, `DESCRIPTION`, `MODE`, `NAME`, `APPLIED_REQUEST_URL`, `DATACREATE`, `DATAREMOVE`, `DATAUPDATE`, `APPLIED_REQUEST_VERB`, `APPLIED_REQUEST_BODY_J_S_O_N`, `GRID_OPTIONS_JS_STRING`, `LAST_UPDATED_STAMP`, `LAST_UPDATED_TX_STAMP`, `CREATED_STAMP`, `CREATED_TX_STAMP`) VALUES ('ROLE_USERS', 'admin', 'ADMIN', NULL, 'Role User List', NULL, 'Role User List', '/admin-portal/control/getRoleUsers', NULL, NULL, NULL, 'post', NULL, '{\r\n	"columnDefs": [{\r\n		"headerName": "User Name ",\r\n		"field": "userName",\r\n		"sortable": true,\r\n		"filter": true,\r\n		"filter": "agTextColumnFilter",\r\n		cellRenderer: params =>\r\n			`<a href="viewUserDetail?userLoginId=${params.data.userLoginId}">${params.value}</a>`\r\n	}, {\r\n		"headerName": "User Login Id",\r\n		"field": "userLoginId",\r\n		"sortable": true,\r\n		"filter": true\r\n	}, {\r\n		"headerName": "BU",\r\n		"field": "businessUnit",\r\n		"sortable": true,\r\n		"filter": true\r\n	}, {\r\n		"headerName": "User Status",\r\n		"field": "userStatus",\r\n		"sortable": true,\r\n		"filter": true\r\n	}],\r\n	"paginationPageSize": 10,\r\n	"pagination": true,\r\n	"floatingFilter": true,\r\n	"animateRows": true,\r\n	"domLayout": \'autoHeight\',\r\n	"custom": {\r\n		"dataUniqueIdField": "userLoginId",\r\n		"rowSelection": "multiple",\r\n		"csvExportOptions": {\r\n			"fileName": "List_Of_Role_Users.csv",\r\n			"skipHeader": false\r\n		}\r\n	}\r\n}', '2020-10-30 17:25:07', '2020-10-30 17:25:07', '2020-10-30 17:22:17', '2020-10-30 17:22:17');
REPLACE INTO `pretail_loyalty_global_parameters` (`PARAMETER_ID`, `DESCRIPTION`, `VALUE`, `STORE_ID`, `CREATED_BY`, `LAST_UPDATED_STAMP`, `LAST_UPDATED_TX_STAMP`, `CREATED_STAMP`, `CREATED_TX_STAMP`) VALUES ('SECURITY_MODE_OPERATION_ACCESS', 'Security Matrix Enable', 'N', 'GB_PRM', NULL, '2020-11-06 08:41:10', '2020-11-06 08:41:12', '2020-11-06 08:41:12', '2020-11-06 08:41:12');


REPLACE INTO `grid_user_preferences` (`INSTANCE_ID`, `USER_ID`, `ROLE`, `USER_ROLE_ACCESS`, `DESCRIPTION`, `MODE`, `NAME`, `APPLIED_REQUEST_URL`, `DATACREATE`, `DATAREMOVE`, `DATAUPDATE`, `APPLIED_REQUEST_VERB`, `APPLIED_REQUEST_BODY_J_S_O_N`, `GRID_OPTIONS_JS_STRING`, `LAST_UPDATED_STAMP`, `LAST_UPDATED_TX_STAMP`, `CREATED_STAMP`, `CREATED_TX_STAMP`) VALUES ('ADD_SECURITY_PERMISSION', 'admin', 'ADMIN', NULL, 'Add Security Permission', NULL, 'Add Security Permission', '/admin-portal/control/getSecurityPermissions', NULL, NULL, NULL, NULL, NULL, '{\r\n	"columnDefs": [{\r\n		"headerName": "Permission ID",\r\n		"field": "permissionId",\r\n		"editable": false,\r\n		"checkboxSelection":true,\r\n		"cellEditor": null,\r\n		"minWidth":200\r\n	}, {\r\n		"headerName": "Description",\r\n		"field": "description",\r\n		"editable": false,\r\n		"cellEditor": null,\r\n		"tooltipField": "description",\r\n		"minWidth":200\r\n	}],\r\n	"enableBrowserTooltips": true,\r\n	"pagination": true,\r\n	"paginationPageSize": 10,\r\n	"filter": true,\r\n	"floatingFilter": true,\r\n	"domLayout": "autoHeight",\r\n	"custom": {\r\n		"dataUniqueIdField": "permissionId",\r\n		"rowSelection": "multiple",\r\n		"csvExportOptions": {\r\n			"fileName": "Security_Permission.csv",\r\n			"skipHeader": false\r\n		}\r\n	}\r\n}', '2020-11-20 16:46:44', '2020-11-20 16:46:44', '2020-11-20 16:46:45', '2020-11-20 15:47:45');
REPLACE INTO `grid_user_preferences` (`INSTANCE_ID`, `USER_ID`, `ROLE`, `USER_ROLE_ACCESS`, `DESCRIPTION`, `MODE`, `NAME`, `APPLIED_REQUEST_URL`, `DATACREATE`, `DATAREMOVE`, `DATAUPDATE`, `APPLIED_REQUEST_VERB`, `APPLIED_REQUEST_BODY_J_S_O_N`, `GRID_OPTIONS_JS_STRING`, `LAST_UPDATED_STAMP`, `LAST_UPDATED_TX_STAMP`, `CREATED_STAMP`, `CREATED_TX_STAMP`) VALUES ('SECURITY_GROUP', 'admin', 'ADMIN', NULL, NULL, NULL, 'Security Group', '/admin-portal/control/getSecurityGroups	', NULL, NULL, NULL, 'post', '{"inputFields":{}}', '{\r\n	"columnDefs": [{\r\n		"headerName": "Group Id",\r\n		"field": "groupId",\r\n		"editable": false,\r\n		"cellEditor": null,\r\n		"cellRenderer": params => `<a href="viewSecurityGroup?groupId=${params.data.groupId}"> ${params.value}</a>`\r\n	}, {\r\n		"headerName": "Security Type",\r\n		"field": "securityType",\r\n		"editable": false,\r\n		"cellEditor": null\r\n	}, {\r\n		"headerName": "Description",\r\n		"field": "description",\r\n		"editable": false\r\n	}],\r\n	"pagination": true,\r\n	"paginationPageSize": 10,\r\n	"filter": true,\r\n	"floatingFilter": true,\r\n	"domLayout": "autoHeight",\r\n	"custom": {\r\n		"dataUniqueIdField": "emplTeamId",\r\n		"rowSelection": "multiple",\r\n		"csvExportOptions": {\r\n			"fileName": "List_Of_Security_Group.csv",\r\n			"skipHeader": false\r\n		}\r\n	}\r\n}', '2020-10-09 11:58:32', '2020-10-09 11:58:32', '2020-05-13 09:01:57', '2020-05-13 09:01:57');
REPLACE INTO `grid_user_preferences` (`INSTANCE_ID`, `USER_ID`, `ROLE`, `USER_ROLE_ACCESS`, `DESCRIPTION`, `MODE`, `NAME`, `APPLIED_REQUEST_URL`, `DATACREATE`, `DATAREMOVE`, `DATAUPDATE`, `APPLIED_REQUEST_VERB`, `APPLIED_REQUEST_BODY_J_S_O_N`, `GRID_OPTIONS_JS_STRING`, `LAST_UPDATED_STAMP`, `LAST_UPDATED_TX_STAMP`, `CREATED_STAMP`, `CREATED_TX_STAMP`) VALUES ('SECURITY_GRP_PERM', 'admin', 'ADMIN', NULL, 'Get Security Permission For Group', NULL, 'Get Security Permission For Group', '/admin-portal/control/getPermissionsForSecurityGroups', NULL, '/admin-portal/control/removeSercurityPermission', NULL, 'post', NULL, '{\r\n	"columnDefs": [{\r\n		"headerName": "Permission ID",\r\n		"field": "permissionId",\r\n		"sortable": true,\r\n		"filter": "agTextColumnFilter",\r\n		"suppressSizeToFit": true,\r\n		"headerCheckboxSelection": true,\r\n		"checkboxSelection": true\r\n	}, {\r\n		"headerName": "Description",\r\n		"field": "description",\r\n		"sortable": true,\r\n		"filter": "agTextColumnFilter",\r\n		"suppressSizeToFit": true\r\n	}],\r\n	"pagination": true,\r\n	"paginationPageSize": 10,\r\n	"filter": true,\r\n	"floatingFilter": true,\r\n	"domLayout": "autoHeight",\r\n	"custom": {\r\n		"dataUniqueIdField": "permissionId",\r\n		"rowSelection": "multiple",\r\n		"csvExportOptions": {\r\n			"fileName": "List_Of_Security_Grp_Prem.csv",\r\n			"skipHeader": false\r\n		}\r\n	}\r\n}', '2020-11-20 19:16:35', '2020-11-20 19:16:35', '2020-05-13 09:01:57', '2020-05-13 09:01:57');
REPLACE INTO `grid_user_preferences` (`INSTANCE_ID`, `USER_ID`, `ROLE`, `USER_ROLE_ACCESS`, `DESCRIPTION`, `MODE`, `NAME`, `APPLIED_REQUEST_URL`, `DATACREATE`, `DATAREMOVE`, `DATAUPDATE`, `APPLIED_REQUEST_VERB`, `APPLIED_REQUEST_BODY_J_S_O_N`, `GRID_OPTIONS_JS_STRING`, `LAST_UPDATED_STAMP`, `LAST_UPDATED_TX_STAMP`, `CREATED_STAMP`, `CREATED_TX_STAMP`) VALUES ('SECURITY_PERMISSION', 'admin', 'ADMIN', NULL, 'Security Permission', NULL, 'Security Permission', '/admin-portal/control/getSecurityPermissions', NULL, NULL, NULL, 'post', '{"inputFields":{}}', '{\r\n	"columnDefs": [{\r\n		"headerName": "Permission ID",\r\n		"field": "permissionId",\r\n		"editable": false,\r\n		"cellEditor": null\r\n	}, {\r\n		"headerName": "Description",\r\n		"field": "description",\r\n		"editable": false,\r\n		"cellEditor": null\r\n	}, {\r\n		"headerName": "Action",\r\n		"field": "action",\r\n		"editable": false,\r\n		"cellRenderer": params => `<a href="updateSecurityPermission?permissionId=${params.data.permissionId}" class="btn btn-xs btn-danger" title="Update"> <i class="fa fa-edit" aria-hidden="true"></i> </a>`\r\n	}],\r\n	"enableBrowserTooltips": true,\r\n	"pagination": true,\r\n	"paginationPageSize": 10,\r\n	"filter": true,\r\n	"floatingFilter": true,\r\n	"domLayout": "autoHeight",\r\n	"custom": {\r\n		"dataUniqueIdField": "permissionId",\r\n		"rowSelection": "multiple",\r\n		"csvExportOptions": {\r\n			"fileName": "Security_Permission.csv",\r\n			"skipHeader": false\r\n		}\r\n	}\r\n}', '2020-09-25 22:47:44', '2020-09-25 22:47:44', '2020-05-13 09:01:57', '2020-05-13 09:01:57');
